ISO-10303-21;
HEADER;
FILE_DESCRIPTION (( 'STEP AP203' ),
    '1' );
FILE_NAME ('Kora_Strings.STEP',
    '2026-07-02T23:16:08',
    ( '' ),
    ( '' ),
    'SwSTEP 2.0',
    'SolidWorks 2026',
    '' );
FILE_SCHEMA (( 'CONFIG_CONTROL_DESIGN' ));
ENDSEC;

DATA;
#1 = LINE ( 'NONE', #1518, #1542 ) ;
#2 = FACE_OUTER_BOUND ( 'NONE', #756, .T. ) ;
#3 = ORIENTED_EDGE ( 'NONE', *, *, #1035, .F. ) ;
#4 = LINE ( 'NONE', #1558, #66 ) ;
#5 = ORIENTED_EDGE ( 'NONE', *, *, #597, .F. ) ;
#6 = ORIENTED_EDGE ( 'NONE', *, *, #1951, .T. ) ;
#7 = FACE_OUTER_BOUND ( 'NONE', #29, .T. ) ;
#8 = ADVANCED_FACE ( 'NONE', ( #3196 ), #1878, .F. ) ;
#9 = AXIS2_PLACEMENT_3D ( 'NONE', #661, #3299, #3233 ) ;
#10 = ORIENTED_EDGE ( 'NONE', *, *, #2503, .F. ) ;
#11 = EDGE_CURVE ( 'NONE', #3067, #1457, #3232, .T. ) ;
#12 = PRODUCT ( 'Kora_Strings', 'Kora_Strings', '', ( #983 ) ) ;
#13 = DIRECTION ( 'NONE',  ( -0.09639415569882930912, -0.9944663729595890622, -0.04177080080282602470 ) ) ;
#14 = PLANE ( 'NONE',  #616 ) ;
#15 = CIRCLE ( 'NONE', #2528, 0.02952755905511802656 ) ;
#16 = VERTEX_POINT ( 'NONE', #130 ) ;
#17 = CARTESIAN_POINT ( 'NONE',  ( -5.463695987328526437E-16, -9.842519685039373911, 0.4724409448818888135 ) ) ;
#18 = AXIS2_PLACEMENT_3D ( 'NONE', #2892, #2345, #307 ) ;
#19 = CARTESIAN_POINT ( 'NONE',  ( 1.210677646005773767, 0.6089963876782531482, 0.9842836650383194330 ) ) ;
#20 = CARTESIAN_POINT ( 'NONE',  ( 0.02934084524717993012, -9.845835034784803597, 0.4724409448818904234 ) ) ;
#21 = AXIS2_PLACEMENT_3D ( 'NONE', #2777, #967, #3303 ) ;
#22 = CARTESIAN_POINT ( 'NONE',  ( -1.210659924036878721, 2.557967714446652607, 0.9842714251033057860 ) ) ;
#23 = ORIENTED_EDGE ( 'NONE', *, *, #3293, .T. ) ;
#24 = AXIS2_PLACEMENT_3D ( 'NONE', #2670, #2933, #1124 ) ;
#25 = CARTESIAN_POINT ( 'NONE',  ( 0.000000000000000000, -9.842519685039373911, 0.4724409448818890911 ) ) ;
#26 = ORIENTED_EDGE ( 'NONE', *, *, #498, .F. ) ;
#27 = EDGE_LOOP ( 'NONE', ( #2203, #2171 ) ) ;
#28 = CARTESIAN_POINT ( 'NONE',  ( -1.151544828408362919, 2.560143283569249473, 0.9841813427798333791 ) ) ;
#29 = EDGE_LOOP ( 'NONE', ( #1123, #1854 ) ) ;
#30 = EDGE_CURVE ( 'NONE', #3108, #2078, #3084, .T. ) ;
#31 = DIRECTION ( 'NONE',  ( 0.02199965345109512055, -0.9996901347629988388, 0.01164687535646214377 ) ) ;
#32 = DIRECTION ( 'NONE',  ( 0.9995182899514788444, 0.03103527110355957727, 0.000000000000000000 ) ) ;
#33 = CARTESIAN_POINT ( 'NONE',  ( -1.210670229942030662, 1.258655225279578627, 0.9843412310017877198 ) ) ;
#34 = VERTEX_POINT ( 'NONE', #147 ) ;
#35 = DIRECTION ( 'NONE',  ( -0.02574664343890872842, -0.9995755688046910059, 0.01363057593824580985 ) ) ;
#36 = ADVANCED_FACE ( 'NONE', ( #2961 ), #3245, .T. ) ;
#37 = CARTESIAN_POINT ( 'NONE',  ( 1.210700466193006086, -0.6903264563767109729, 0.9843292920714502570 ) ) ;
#38 = CARTESIAN_POINT ( 'NONE',  ( 1.210677646005773767, 0.6089963876782531482, 0.9842836650383194330 ) ) ;
#39 = ORIENTED_EDGE ( 'NONE', *, *, #872, .F. ) ;
#40 = AXIS2_PLACEMENT_3D ( 'NONE', #1193, #374, #93 ) ;
#41 = DIRECTION ( 'NONE',  ( -0.09472918011025313612, 0.9946563911576580264, 0.04104931138110969741 ) ) ;
#42 =( BOUNDED_CURVE ( )  B_SPLINE_CURVE ( 3, ( #1126, #2993, #1924, #2427 ),
 .UNSPECIFIED., .F., .F. ) 
 B_SPLINE_CURVE_WITH_KNOTS ( ( 4, 4 ),
 ( 0.4221507129714947570, 0.4242009236270498085 ),
 .UNSPECIFIED. ) 
 CURVE ( )  GEOMETRIC_REPRESENTATION_ITEM ( )  RATIONAL_B_SPLINE_CURVE ( ( 1.000000000000000000, 0.9999996497197196632, 0.9999996497197196632, 1.000000000000000000 ) ) 
 REPRESENTATION_ITEM ( '' )  );
#43 = ORIENTED_EDGE ( 'NONE', *, *, #2791, .F. ) ;
#44 = EDGE_LOOP ( 'NONE', ( #2894, #1560, #1479, #3154, #1563 ) ) ;
#45 = CARTESIAN_POINT ( 'NONE',  ( -0.02924681908989367959, -9.846581743246302310, 0.4724409448818896462 ) ) ;
#46 = ORIENTED_EDGE ( 'NONE', *, *, #197, .F. ) ;
#47 = CARTESIAN_POINT ( 'NONE',  ( -1.092739197465705287E-15, -9.842519685039373911, 0.4724409448818907564 ) ) ;
#48 = CARTESIAN_POINT ( 'NONE',  ( 1.151536565151517033, 1.477547902642059485, 0.9841663019840621862 ) ) ;
#49 = ORIENTED_EDGE ( 'NONE', *, *, #2483, .T. ) ;
#50 = DIRECTION ( 'NONE',  ( -0.1169173106819833829, -0.9918485189521589751, -0.05066416796219279373 ) ) ;
#51 = CARTESIAN_POINT ( 'NONE',  ( 0.02927302588750098702, -9.838651003204022416, 0.4724409448818888135 ) ) ;
#52 = CARTESIAN_POINT ( 'NONE',  ( 1.210691184645985130, -0.2572203528961364838, 0.9843745343043042162 ) ) ;
#53 = EDGE_CURVE ( 'NONE', #2814, #1913, #42, .T. ) ;
#54 = DIRECTION ( 'NONE',  ( 0.02574664343890871107, 0.9995755688046910059, -0.01363057593824579077 ) ) ;
#55 = CARTESIAN_POINT ( 'NONE',  ( 1.151543380049532939, 2.343622728293369040, 0.9842315488916997257 ) ) ;
#56 = VERTEX_POINT ( 'NONE', #1686 ) ;
#57 = ORIENTED_EDGE ( 'NONE', *, *, #2067, .T. ) ;
#58 = CARTESIAN_POINT ( 'NONE',  ( -1.151538476834169211, 1.694066307371699720, 0.9841696800956576396 ) ) ;
#59 = DIRECTION ( 'NONE',  ( -0.9994761488791452653, 0.03236398958275325116, 0.000000000000000000 ) ) ;
#60 = CIRCLE ( 'NONE', #3304, 0.02952755905511815146 ) ;
#61 = ORIENTED_EDGE ( 'NONE', *, *, #448, .T. ) ;
#62 = CARTESIAN_POINT ( 'NONE',  ( 0.4822956110526083195, 23.93616101829646325, 0.6299212598425200094 ) ) ;
#63 = CIRCLE ( 'NONE', #1918, 0.02952755905511817228 ) ;
#64 = DIRECTION ( 'NONE',  ( 0.1121471818463147391, 0.9925025593398856261, 0.04859711213340307118 ) ) ;
#65 = FACE_OUTER_BOUND ( 'NONE', #2525, .T. ) ;
#66 = VECTOR ( 'NONE', #3380, 39.37007874015748854 ) ;
#67 = CARTESIAN_POINT ( 'NONE',  ( -1.151787322823793369, 1.251211539747400403, 0.9843592958735295495 ) ) ;
#68 = ADVANCED_FACE ( 'NONE', ( #660 ), #1652, .T. ) ;
#69 = EDGE_CURVE ( 'NONE', #2908, #907, #2977, .T. ) ;
#70 = CARTESIAN_POINT ( 'NONE',  ( -1.151468827348327340, -1.770229907450977302, 0.9841769201427539304 ) ) ;
#71 = AXIS2_PLACEMENT_3D ( 'NONE', #693, #1462, #1428 ) ;
#72 = ORIENTED_EDGE ( 'NONE', *, *, #518, .F. ) ;
#73 = ORIENTED_EDGE ( 'NONE', *, *, #431, .T. ) ;
#74 = DIRECTION ( 'NONE',  ( 0.9996446339617688359, 0.02665719023905069318, 0.000000000000000000 ) ) ;
#75 = AXIS2_PLACEMENT_3D ( 'NONE', #388, #3330, #2474 ) ;
#76 = ORIENTED_EDGE ( 'NONE', *, *, #2982, .F. ) ;
#77 = DIRECTION ( 'NONE',  ( 0.9997579454981775360, 0.02200114572614715602, 0.000000000000000000 ) ) ;
#78 = CARTESIAN_POINT ( 'NONE',  ( -1.210670265681330404, 1.258655561228995579, 0.9843203250198639953 ) ) ;
#79 = DIRECTION ( 'NONE',  ( 0.9955007212558221186, 0.09473815173467323159, 0.001731064711738644840 ) ) ;
#80 = DIRECTION ( 'NONE',  ( -0.9941654364579963765, 0.1078660509719422123, 0.000000000000000000 ) ) ;
#81 = CARTESIAN_POINT ( 'NONE',  ( -0.4822965882601692456, 22.83376541420160066, 0.6299212598425194543 ) ) ;
#82 = DIRECTION ( 'NONE',  ( 0.9997093968817944987, -0.02410646772628877860, 0.000000000000000000 ) ) ;
#83 = DIRECTION ( 'NONE',  ( 0.02574664343890870760, 0.9995755688046907839, -0.01363057593824578903 ) ) ;
#84 = CARTESIAN_POINT ( 'NONE',  ( 1.210664507971538351, 1.908312887804421987, 0.9843122352009305853 ) ) ;
#85 = ORIENTED_EDGE ( 'NONE', *, *, #1526, .T. ) ;
#86 = VERTEX_POINT ( 'NONE', #1635 ) ;
#87 = CARTESIAN_POINT ( 'NONE',  ( 1.210683732689731062, 0.1758875309205823467, 0.9843632678478064779 ) ) ;
#88 = ADVANCED_FACE ( 'NONE', ( #1392 ), #646, .T. ) ;
#89 = EDGE_LOOP ( 'NONE', ( #2842, #3344 ) ) ;
#90 = EDGE_LOOP ( 'NONE', ( #2626, #1020 ) ) ;
#91 = EDGE_CURVE ( 'NONE', #256, #1508, #2954, .T. ) ;
#92 = DIRECTION ( 'NONE',  ( 0.9951720153572318761, 0.09812869695857712182, 0.001848968100575296451 ) ) ;
#93 = DIRECTION ( 'NONE',  ( 0.9934199000497858645, 0.1145028100265988308, 0.002451261121553150509 ) ) ;
#94 = CARTESIAN_POINT ( 'NONE',  ( 1.181298413686198145, 1.468507062396763097, 0.9843557604647171777 ) ) ;
#95 = CARTESIAN_POINT ( 'NONE',  ( 0.02934827894817469349, -9.839270798070941737, 0.4724409448818896462 ) ) ;
#96 = CARTESIAN_POINT ( 'NONE',  ( 5.463695987328526437E-16, -9.842519685039373911, 0.4724409448818896462 ) ) ;
#97 = CARTESIAN_POINT ( 'NONE',  ( -1.151485795734878748, -1.337183986314469664, 0.9841900169224159223 ) ) ;
#98 = CYLINDRICAL_SURFACE ( 'NONE', #3315, 0.02952755905511810636 ) ;
#99 = ORIENTED_EDGE ( 'NONE', *, *, #1016, .F. ) ;
#100 = EDGE_LOOP ( 'NONE', ( #658, #2161, #2314, #1620, #3177 ) ) ;
#101 =( BOUNDED_CURVE ( )  B_SPLINE_CURVE ( 3, ( #582, #1112, #2162, #857 ),
 .UNSPECIFIED., .F., .T. ) 
 B_SPLINE_CURVE_WITH_KNOTS ( ( 4, 4 ),
 ( 2.718088295767712381, 2.719820821653754717 ),
 .UNSPECIFIED. ) 
 CURVE ( )  GEOMETRIC_REPRESENTATION_ITEM ( )  RATIONAL_B_SPLINE_CURVE ( ( 1.000000000000000000, 0.9999997498628534487, 0.9999997498628534487, 1.000000000000000000 ) ) 
 REPRESENTATION_ITEM ( '' )  );
#102 = CARTESIAN_POINT ( 'NONE',  ( -1.210718928674570316, -1.339981368016241348, 0.9843139200854590376 ) ) ;
#103 = CYLINDRICAL_SURFACE ( 'NONE', #3200, 0.02952755905511820350 ) ;
#104 = EDGE_LOOP ( 'NONE', ( #2356, #3125, #2716, #3322, #2092 ) ) ;
#105 = ORIENTED_EDGE ( 'NONE', *, *, #3376, .T. ) ;
#106 = FACE_OUTER_BOUND ( 'NONE', #3311, .T. ) ;
#107 = EDGE_CURVE ( 'NONE', #2156, #2141, #1444, .T. ) ;
#108 = EDGE_CURVE ( 'NONE', #335, #881, #1564, .T. ) ;
#109 = PLANE ( 'NONE',  #2615 ) ;
#110 = EDGE_CURVE ( 'NONE', #1942, #3006, #2062, .T. ) ;
#111 = FACE_OUTER_BOUND ( 'NONE', #3383, .T. ) ;
#112 = CARTESIAN_POINT ( 'NONE',  ( 1.181286295541442932, 1.901577554046885776, 0.9843493449763174308 ) ) ;
#113 = LINE ( 'NONE', #682, #457 ) ;
#114 = EDGE_CURVE ( 'NONE', #2520, #1313, #2226, .T. ) ;
#115 = DIRECTION ( 'NONE',  ( 0.02489853814710876051, -0.9996030756118657878, 0.01318157901905755817 ) ) ;
#116 = AXIS2_PLACEMENT_3D ( 'NONE', #309, #2893, #3157 ) ;
#117 = CARTESIAN_POINT ( 'NONE',  ( -1.151538476834169211, 1.694066307371699720, 0.9841696800956576396 ) ) ;
#118 = AXIS2_PLACEMENT_3D ( 'NONE', #984, #1418, #1973 ) ;
#119 = VERTEX_POINT ( 'NONE', #391 ) ;
#120 = ORIENTED_EDGE ( 'NONE', *, *, #2046, .F. ) ;
#121 = CIRCLE ( 'NONE', #1926, 0.02952755905511819309 ) ;
#122 = DIRECTION ( 'NONE',  ( 0.09811836179767330357, -0.9942660662164231056, -0.04251795677899176951 ) ) ;
#123 = DIRECTION ( 'NONE',  ( -0.9987881756760329521, 0.04921564923621162685, 0.000000000000000000 ) ) ;
#124 = LOCAL_TIME ( 16, 16, 8.000000000000000000, #1001 ) ;
#125 =( BOUNDED_CURVE ( )  B_SPLINE_CURVE ( 3, ( #1076, #2621, #2634, #48 ),
 .UNSPECIFIED., .F., .T. ) 
 B_SPLINE_CURVE_WITH_KNOTS ( ( 4, 4 ),
 ( 0.4242009236270498085, 3.563743366561279657 ),
 .UNSPECIFIED. ) 
 CURVE ( )  GEOMETRIC_REPRESENTATION_ITEM ( )  RATIONAL_B_SPLINE_CURVE ( ( 1.000000000000000000, 0.3340167367654963693, 0.3340167367654963693, 1.000000000000000000 ) ) 
 REPRESENTATION_ITEM ( '' )  );
#126 = ORIENTED_EDGE ( 'NONE', *, *, #3112, .T. ) ;
#127 = CC_DESIGN_PERSON_AND_ORGANIZATION_ASSIGNMENT ( #1798, #1265, ( #2871 ) ) ;
#128 = DIRECTION ( 'NONE',  ( 0.9953407018127232719, -0.09640377635006985857, -0.001788636464236591792 ) ) ;
#129 = AXIS2_PLACEMENT_3D ( 'NONE', #2685, #1141, #815 ) ;
#130 = CARTESIAN_POINT ( 'NONE',  ( 0.02924681908989478635, -9.838457626832441960, 0.4724409448818896462 ) ) ;
#131 = CARTESIAN_POINT ( 'NONE',  ( -1.210641111468368392, 2.558847478679879384, 0.9253047312266267088 ) ) ;
#132 = ADVANCED_FACE ( 'NONE', ( #2687 ), #109, .F. ) ;
#133 = CARTESIAN_POINT ( 'NONE',  ( 1.151639820735769870, 0.1794512438936856913, 0.9252114027785161010 ) ) ;
#134 = CARTESIAN_POINT ( 'NONE',  ( 1.151520922553674664, 0.1784423181783715562, 0.9841908365643227130 ) ) ;
#135 = DIRECTION ( 'NONE',  ( 0.1194565146275037432, -0.9914890714082809087, -0.05176448967191833034 ) ) ;
#136 = CARTESIAN_POINT ( 'NONE',  ( -1.210718843706993342, -1.339983166003184678, 0.9844121555492995057 ) ) ;
#137 = ADVANCED_FACE ( 'NONE', ( #595 ), #3009, .T. ) ;
#138 = EDGE_CURVE ( 'NONE', #1903, #2327, #533, .T. ) ;
#139 = CYLINDRICAL_SURFACE ( 'NONE', #3256, 0.02952755905511807513 ) ;
#140 = ORIENTED_EDGE ( 'NONE', *, *, #1079, .F. ) ;
#141 = ORIENTED_EDGE ( 'NONE', *, *, #796, .T. ) ;
#142 = LINE ( 'NONE', #2780, #2992 ) ;
#143 = VERTEX_POINT ( 'NONE', #968 ) ;
#144 = ORIENTED_EDGE ( 'NONE', *, *, #2714, .F. ) ;
#145 = DIRECTION ( 'NONE',  ( 0.1121471818463147391, 0.9925025593398856261, 0.04859711213340307118 ) ) ;
#146 = CLOSED_SHELL ( 'NONE', ( #2855, #1339, #636, #1469, #495, #264 ) ) ;
#147 = CARTESIAN_POINT ( 'NONE',  ( 0.02923217922138366884, -9.846685791341711180, 0.4724409448818890356 ) ) ;
#148 = CARTESIAN_POINT ( 'NONE',  ( 0.4822906118455266844, 32.75525587168129960, 0.6299212598425198983 ) ) ;
#149 = CYLINDRICAL_SURFACE ( 'NONE', #406, 0.02952755905511815146 ) ;
#150 = CARTESIAN_POINT ( 'NONE',  ( -1.092739197465705287E-15, -9.842519685039373911, 0.4724409448818907564 ) ) ;
#151 = CARTESIAN_POINT ( 'NONE',  ( -1.210680568418745384, 0.3924418489670123966, 0.9843340639479134513 ) ) ;
#152 = CARTESIAN_POINT ( 'NONE',  ( 0.02936187735765029283, -9.839396081065151733, 0.4724409448818899238 ) ) ;
#153 = CYLINDRICAL_SURFACE ( 'NONE', #2423, 0.02952755905511799533 ) ;
#154 = EDGE_CURVE ( 'NONE', #1780, #993, #3288, .T. ) ;
#155 = LINE ( 'NONE', #1694, #919 ) ;
#156 = EDGE_CURVE ( 'NONE', #3378, #56, #390, .T. ) ;
#157 = ORIENTED_EDGE ( 'NONE', *, *, #308, .T. ) ;
#158 = LINE ( 'NONE', #655, #1874 ) ;
#159 = ORIENTED_EDGE ( 'NONE', *, *, #760, .T. ) ;
#160 = ORIENTED_EDGE ( 'NONE', *, *, #1034, .T. ) ;
#161 = PLANE ( 'NONE',  #2045 ) ;
#162 = DIRECTION ( 'NONE',  ( -0.9924957979717615730, 0.1222787430766127670, 0.000000000000000000 ) ) ;
#163 = LINE ( 'NONE', #1671, #888 ) ;
#164 = LINE ( 'NONE', #2482, #2535 ) ;
#165 = ORIENTED_EDGE ( 'NONE', *, *, #2733, .F. ) ;
#166 = CARTESIAN_POINT ( 'NONE',  ( 1.151504349345068734, -0.6876252550547355957, 0.9841162340596109059 ) ) ;
#167 = CARTESIAN_POINT ( 'NONE',  ( -0.4823192467812192907, 11.80957040405797898, 0.6299212598425202314 ) ) ;
#168 = FACE_OUTER_BOUND ( 'NONE', #1733, .T. ) ;
#169 = ADVANCED_FACE ( 'NONE', ( #1199 ), #3016, .T. ) ;
#170 = EDGE_CURVE ( 'NONE', #2339, #2797, #155, .T. ) ;
#171 = ORIENTED_EDGE ( 'NONE', *, *, #1998, .F. ) ;
#172 = CARTESIAN_POINT ( 'NONE',  ( -0.02938482259953644621, -9.845419503059066102, 0.4724409448818907564 ) ) ;
#173 = AXIS2_PLACEMENT_3D ( 'NONE', #441, #2346, #1254 ) ;
#174 = AXIS2_PLACEMENT_3D ( 'NONE', #780, #2657, #562 ) ;
#175 = ORIENTED_EDGE ( 'NONE', *, *, #716, .F. ) ;
#176 = EDGE_LOOP ( 'NONE', ( #5, #318, #2013, #2376, #2526 ) ) ;
#177 = DIRECTION ( 'NONE',  ( -0.03538826301053502738, -0.9991980144151075827, 0.01873496277028327897 ) ) ;
#178 = EDGE_CURVE ( 'NONE', #673, #3341, #3316, .T. ) ;
#179 = AXIS2_PLACEMENT_3D ( 'NONE', #2508, #403, #368 ) ;
#180 = VECTOR ( 'NONE', #3155, 39.37007874015748143 ) ;
#181 = FACE_OUTER_BOUND ( 'NONE', #1955, .T. ) ;
#182 = DIRECTION ( 'NONE',  ( -0.9997270871173958851, -0.02336132024879003510, 0.000000000000000000 ) ) ;
#183 = CARTESIAN_POINT ( 'NONE',  ( -1.210705876021565652, -0.9068798008603037308, 0.9843648011505535811 ) ) ;
#184 = AXIS2_PLACEMENT_3D ( 'NONE', #2458, #438, #1475 ) ;
#185 = ORIENTED_EDGE ( 'NONE', *, *, #2236, .F. ) ;
#186 = DIRECTION ( 'NONE',  ( -0.02335953376323144162, 0.9996506360441690386, -0.01236681199229900177 ) ) ;
#187 = DIRECTION ( 'NONE',  ( 0.1445149746547933489, -0.9875189934744211806, -0.06262315568374376973 ) ) ;
#188 = CARTESIAN_POINT ( 'NONE',  ( 1.210668159257931586, 1.475208002869743407, 0.9843376350238106642 ) ) ;
#189 = CARTESIAN_POINT ( 'NONE',  ( 1.151540245701297760, 1.910585041161520170, 0.9841728580934610005 ) ) ;
#190 = ADVANCED_FACE ( 'NONE', ( #168 ), #2268, .T. ) ;
#191 = ORIENTED_EDGE ( 'NONE', *, *, #826, .T. ) ;
#192 = PERSON_AND_ORGANIZATION ( #18446744073709551615, #2228 ) ;
#193 = DIRECTION ( 'NONE',  ( -0.1017574915280313186, 0.9938315005904391208, 0.04409491299548023990 ) ) ;
#194 = ORIENTED_EDGE ( 'NONE', *, *, #2130, .T. ) ;
#195 = ORIENTED_EDGE ( 'NONE', *, *, #807, .T. ) ;
#196 = CYLINDRICAL_SURFACE ( 'NONE', #1225, 0.02952755905511827636 ) ;
#197 = EDGE_CURVE ( 'NONE', #993, #2520, #2147, .T. ) ;
#198 = ADVANCED_FACE ( 'NONE', ( #1936 ), #1519, .T. ) ;
#199 = VECTOR ( 'NONE', #2432, 39.37007874015748854 ) ;
#200 = CARTESIAN_POINT ( 'NONE',  ( -1.210662870153084825, 2.124865227022374903, 0.9842734262369461362 ) ) ;
#201 = DIRECTION ( 'NONE',  ( -0.1194565146275037154, 0.9914890714082809087, 0.05176448967191829564 ) ) ;
#202 = FACE_OUTER_BOUND ( 'NONE', #604, .T. ) ;
#203 = ORIENTED_EDGE ( 'NONE', *, *, #1724, .F. ) ;
#204 = CARTESIAN_POINT ( 'NONE',  ( 1.210683732689731062, 0.1758875309205823467, 0.9843632678478064779 ) ) ;
#205 = CARTESIAN_POINT ( 'NONE',  ( 0.000000000000000000, -9.842519685039373911, 0.4724409448818888135 ) ) ;
#206 = DIRECTION ( 'NONE',  ( -0.9904922731777511258, -0.1375683712746914866, 0.000000000000000000 ) ) ;
#207 = ORIENTED_EDGE ( 'NONE', *, *, #1526, .F. ) ;
#208 = DATE_AND_TIME ( #2272, #2373 ) ;
#209 = DIRECTION ( 'NONE',  ( -0.02762876575521594144, -0.9995112317328114226, 0.01462699363511433398 ) ) ;
#210 = VERTEX_POINT ( 'NONE', #1263 ) ;
#211 = ORIENTED_EDGE ( 'NONE', *, *, #2170, .F. ) ;
#212 = DIRECTION ( 'NONE',  ( -0.9994282276966738321, -0.03381150223053430021, 0.000000000000000000 ) ) ;
#213 = EDGE_CURVE ( 'NONE', #852, #554, #261, .T. ) ;
#214 = EDGE_CURVE ( 'NONE', #737, #2531, #2443, .T. ) ;
#215 = CARTESIAN_POINT ( 'NONE',  ( -1.151498823052047982, -0.9041443695685356108, 0.9841694835562163624 ) ) ;
#216 =( BOUNDED_CURVE ( )  B_SPLINE_CURVE ( 3, ( #2801, #1195, #133, #3300 ),
 .UNSPECIFIED., .F., .T. ) 
 B_SPLINE_CURVE_WITH_KNOTS ( ( 4, 4 ),
 ( 0.4253558829663653396, 3.564401087083174602 ),
 .UNSPECIFIED. ) 
 CURVE ( )  GEOMETRIC_REPRESENTATION_ITEM ( )  RATIONAL_B_SPLINE_CURVE ( ( 1.000000000000000000, 0.3341824829280548581, 0.3341824829280548581, 1.000000000000000000 ) ) 
 REPRESENTATION_ITEM ( '' )  );
#217 = CARTESIAN_POINT ( 'NONE',  ( -0.02936810508426697039, -9.839455187117538415, 0.4724409448818890911 ) ) ;
#218 = DIRECTION ( 'NONE',  ( 0.03538826301053506901, 0.9991980144151075827, -0.01873496277028327203 ) ) ;
#219 = EDGE_LOOP ( 'NONE', ( #2654, #141, #1154, #2399, #1559 ) ) ;
#220 = DIRECTION ( 'NONE',  ( 0.1373245821369523112, -0.9887369913860557524, -0.05950731892601261730 ) ) ;
#221 = CARTESIAN_POINT ( 'NONE',  ( 1.210672521436033655, 1.042103210828008386, 0.9842800767045751797 ) ) ;
#222 = CARTESIAN_POINT ( 'NONE',  ( -0.02923217922138491437, -9.838353578737041971, 0.4724409448818890911 ) ) ;
#223 = ADVANCED_FACE ( 'NONE', ( #1796 ), #767, .F. ) ;
#224 = DIRECTION ( 'NONE',  ( 0.03904230783660000287, 0.9990237593482941270, -0.02066945708996471148 ) ) ;
#225 = ORIENTED_EDGE ( 'NONE', *, *, #1511, .F. ) ;
#226 = APPROVAL_ROLE ( '' ) ;
#227 = CARTESIAN_POINT ( 'NONE',  ( -1.151534453907239186, 1.261028803566567102, 0.9842254240941772370 ) ) ;
#228 = ORIENTED_EDGE ( 'NONE', *, *, #3241, .F. ) ;
#229 = ORIENTED_EDGE ( 'NONE', *, *, #1318, .F. ) ;
#230 = CIRCLE ( 'NONE', #446, 0.02952755905511810636 ) ;
#231 = CARTESIAN_POINT ( 'NONE',  ( 0.4822976882888339034, 21.73136706876664448, 0.6299212598425198983 ) ) ;
#232 = CIRCLE ( 'NONE', #291, 0.02952755905511813064 ) ;
#233 = LINE ( 'NONE', #1272, #1929 ) ;
#234 = CIRCLE ( 'NONE', #2702, 0.02952755905511812370 ) ;
#235 = LINE ( 'NONE', #2032, #720 ) ;
#236 = FACE_OUTER_BOUND ( 'NONE', #3121, .T. ) ;
#237 = EDGE_CURVE ( 'NONE', #471, #2065, #606, .T. ) ;
#238 = VERTEX_POINT ( 'NONE', #3393 ) ;
#239 = AXIS2_PLACEMENT_3D ( 'NONE', #964, #135, #649 ) ;
#240 = CARTESIAN_POINT ( 'NONE',  ( 1.210805796145303148, 1.902267356810137366, 0.9843493449763174308 ) ) ;
#241 =( BOUNDED_CURVE ( )  B_SPLINE_CURVE ( 3, ( #1864, #1627, #2922, #588 ),
 .UNSPECIFIED., .F., .T. ) 
 B_SPLINE_CURVE_WITH_KNOTS ( ( 4, 4 ),
 ( 2.719527120232999362, 5.859139295841814032 ),
 .UNSPECIFIED. ) 
 CURVE ( )  GEOMETRIC_REPRESENTATION_ITEM ( )  RATIONAL_B_SPLINE_CURVE ( ( 1.000000000000000000, 0.3339934925524370990, 0.3339934925524370990, 1.000000000000000000 ) ) 
 REPRESENTATION_ITEM ( '' )  );
#242 = CARTESIAN_POINT ( 'NONE',  ( 1.151513539763461269, -0.2545906707259101287, 0.9841294027035694114 ) ) ;
#243 = EDGE_CURVE ( 'NONE', #1171, #3328, #459, .T. ) ;
#244 = FACE_OUTER_BOUND ( 'NONE', #1504, .T. ) ;
#245 = ORIENTED_EDGE ( 'NONE', *, *, #1933, .F. ) ;
#246 = CARTESIAN_POINT ( 'NONE',  ( -1.151468827348327340, -1.770229907450977302, 0.9841769201427539304 ) ) ;
#247 = CARTESIAN_POINT ( 'NONE',  ( 5.463695987328526437E-16, -9.842519685039361477, 0.4724409448818902013 ) ) ;
#248 = ORIENTED_EDGE ( 'NONE', *, *, #3112, .F. ) ;
#249 = ORIENTED_EDGE ( 'NONE', *, *, #1951, .F. ) ;
#250 = CYLINDRICAL_SURFACE ( 'NONE', #2811, 0.02952755905511808554 ) ;
#251 = ORIENTED_EDGE ( 'NONE', *, *, #2104, .T. ) ;
#252 = CARTESIAN_POINT ( 'NONE',  ( -1.151534453907239186, 1.261028803566567102, 0.9842254240941772370 ) ) ;
#253 = CARTESIAN_POINT ( 'NONE',  ( 0.5118110236220464460, 26.14173228346457734, 0.6299212598425196763 ) ) ;
#254 = DIRECTION ( 'NONE',  ( -0.02867687493180140837, 0.9994734351230784020, -0.01518187496389486468 ) ) ;
#255 = CARTESIAN_POINT ( 'NONE',  ( -1.210735897061120392, -1.773077179163192296, 0.9843270168651208074 ) ) ;
#256 = VERTEX_POINT ( 'NONE', #1046 ) ;
#257 = AXIS2_PLACEMENT_3D ( 'NONE', #1028, #2072, #3122 ) ;
#258 = DIRECTION ( 'NONE',  ( -0.02980759361113003575, -0.9994310799025948322, 0.01578049073530413127 ) ) ;
#259 = DIRECTION ( 'NONE',  ( -0.9995182899514801766, -0.03103527110351682328, 0.000000000000000000 ) ) ;
#260 = CLOSED_SHELL ( 'NONE', ( #88, #3111, #2562, #2105, #2153, #132 ) ) ;
#261 =( BOUNDED_CURVE ( )  B_SPLINE_CURVE ( 3, ( #2074, #1297, #1232, #715 ),
 .UNSPECIFIED., .F., .T. ) 
 B_SPLINE_CURVE_WITH_KNOTS ( ( 4, 4 ),
 ( 5.861275134903655371, 9.001017145806491371 ),
 .UNSPECIFIED. ) 
 CURVE ( )  GEOMETRIC_REPRESENTATION_ITEM ( )  RATIONAL_B_SPLINE_CURVE ( ( 1.000000000000000000, 0.3339502141409548264, 0.3339502141409548264, 1.000000000000000000 ) ) 
 REPRESENTATION_ITEM ( '' )  );
#262 = CARTESIAN_POINT ( 'NONE',  ( -1.210659896001084812, 2.557966952651223203, 0.9843225942280416918 ) ) ;
#263 = ORIENTED_EDGE ( 'NONE', *, *, #960, .T. ) ;
#264 = ADVANCED_FACE ( 'NONE', ( #244 ), #753, .F. ) ;
#265 = LENGTH_MEASURE_WITH_UNIT ( LENGTH_MEASURE( 0.02539999999999999897 ), #1782 );
#266 = LINE ( 'NONE', #1069, #2421 ) ;
#267 = ADVANCED_FACE ( 'NONE', ( #2287 ), #485, .T. ) ;
#268 = ORIENTED_EDGE ( 'NONE', *, *, #744, .F. ) ;
#269 = ORIENTED_EDGE ( 'NONE', *, *, #1406, .T. ) ;
#270 = DIRECTION ( 'NONE',  ( 0.9993734192586299914, -0.03539447526542292138, 0.000000000000000000 ) ) ;
#271 = ORIENTED_EDGE ( 'NONE', *, *, #3045, .F. ) ;
#272 = DIRECTION ( 'NONE',  ( -0.9992372324420246699, 0.03905065046325154055, 0.000000000000000000 ) ) ;
#273 = CARTESIAN_POINT ( 'NONE',  ( -1.151509127312392300, -0.4711092882941844140, 0.9842074040843180605 ) ) ;
#274 = DIRECTION ( 'NONE',  ( 0.9992372324420236707, -0.03905065046327917122, 0.000000000000000000 ) ) ;
#275 = ORIENTED_EDGE ( 'NONE', *, *, #1805, .F. ) ;
#276 = LINE ( 'NONE', #1308, #2466 ) ;
#277 = CARTESIAN_POINT ( 'NONE',  ( -1.092739197465705287E-15, -9.842519685039370358, 0.4724409448818896462 ) ) ;
#278 = CARTESIAN_POINT ( 'NONE',  ( 1.151513481444738307, -0.2545911440795458613, 0.9841564561441278336 ) ) ;
#279 = CARTESIAN_POINT ( 'NONE',  ( -1.151509109585784563, -0.4711087877782103028, 0.9841792971019868164 ) ) ;
#280 = ORIENTED_EDGE ( 'NONE', *, *, #2540, .T. ) ;
#281 = FACE_OUTER_BOUND ( 'NONE', #3040, .T. ) ;
#282 = EDGE_CURVE ( 'NONE', #2078, #2097, #1247, .T. ) ;
#283 = ADVANCED_FACE ( 'NONE', ( #2302 ), #1014, .T. ) ;
#284 = ORIENTED_EDGE ( 'NONE', *, *, #1120, .T. ) ;
#285 = ORIENTED_EDGE ( 'NONE', *, *, #1365, .T. ) ;
#286 = CARTESIAN_POINT ( 'NONE',  ( 0.000000000000000000, -9.842519685039373911, 0.4724409448818888135 ) ) ;
#287 = VECTOR ( 'NONE', #64, 39.37007874015748143 ) ;
#288 = DIRECTION ( 'NONE',  ( -0.1121471818463146697, -0.9925025593398855150, -0.04859711213340305036 ) ) ;
#289 = CARTESIAN_POINT ( 'NONE',  ( 0.02937955401771248296, -9.845472404036142322, 0.4724409448818896462 ) ) ;
#290 = DIRECTION ( 'NONE',  ( 0.1373245821369522557, -0.9887369913860557524, -0.05950731892601261730 ) ) ;
#291 = AXIS2_PLACEMENT_3D ( 'NONE', #2574, #525, #2353 ) ;
#292 = ORIENTED_EDGE ( 'NONE', *, *, #2494, .F. ) ;
#293 = DIRECTION ( 'NONE',  ( 0.9996684386179007786, -0.02574903554015806756, 0.000000000000000000 ) ) ;
#294 = CARTESIAN_POINT ( 'NONE',  ( -1.151517453141692737, -0.03807372386261291541, 0.9841352483596474965 ) ) ;
#295 = LINE ( 'NONE', #2950, #953 ) ;
#296 = CC_DESIGN_APPROVAL ( #2604, ( #2871 ) ) ;
#297 = AXIS2_PLACEMENT_3D ( 'NONE', #2031, #3079, #727 ) ;
#298 = CARTESIAN_POINT ( 'NONE',  ( 1.151755176045928808, 2.333998469045383661, 0.9843436761839092775 ) ) ;
#299 = ORIENTED_EDGE ( 'NONE', *, *, #3250, .T. ) ;
#300 = CARTESIAN_POINT ( 'NONE',  ( -1.151870513114563899, -0.04898023823774290408, 0.9844003318733757224 ) ) ;
#301 = VECTOR ( 'NONE', #1109, 39.37007874015748854 ) ;
#302 = ORIENTED_EDGE ( 'NONE', *, *, #108, .T. ) ;
#303 = ORIENTED_EDGE ( 'NONE', *, *, #2629, .T. ) ;
#304 = DIRECTION ( 'NONE',  ( -0.1373245821369521724, 0.9887369913860557524, 0.05950731892601261036 ) ) ;
#305 = VERTEX_POINT ( 'NONE', #2091 ) ;
#306 = CARTESIAN_POINT ( 'NONE',  ( 0.02932452584530889292, -9.845976407142932985, 0.4724409448818902013 ) ) ;
#307 = DIRECTION ( 'NONE',  ( -0.9941654364579963765, 0.1078660509719422123, 0.000000000000000000 ) ) ;
#308 = EDGE_CURVE ( 'NONE', #2890, #2648, #1049, .T. ) ;
#309 = CARTESIAN_POINT ( 'NONE',  ( 0.5118110236220474452, 12.91338582677164837, 0.6299212598425196763 ) ) ;
#310 = ORIENTED_EDGE ( 'NONE', *, *, #2733, .T. ) ;
#311 = ADVANCED_FACE ( 'NONE', ( #2 ), #3146, .T. ) ;
#312 = CARTESIAN_POINT ( 'NONE',  ( 0.5118110236220474452, 19.52755905511810752, 0.6299212598425194543 ) ) ;
#313 = CARTESIAN_POINT ( 'NONE',  ( 1.210649244884733022, 0.6099862502792469110, 0.9253461246965898335 ) ) ;
#314 = DIRECTION ( 'NONE',  ( 0.9955007212558230068, 0.09473815173466364203, 0.001731064711738471802 ) ) ;
#315 = VECTOR ( 'NONE', #1793, 39.37007874015748143 ) ;
#316 = VECTOR ( 'NONE', #224, 39.37007874015748143 ) ;
#317 = DIRECTION ( 'NONE',  ( 0.9917945189068668732, -0.1278079186563344516, -0.002961113816183727401 ) ) ;
#318 = ORIENTED_EDGE ( 'NONE', *, *, #1592, .T. ) ;
#319 = ORIENTED_EDGE ( 'NONE', *, *, #346, .T. ) ;
#320 = FACE_OUTER_BOUND ( 'NONE', #2451, .T. ) ;
#321 = CARTESIAN_POINT ( 'NONE',  ( 1.639108796198557931E-15, -9.842519685039361477, 0.4724409448818904789 ) ) ;
#322 = CYLINDRICAL_SURFACE ( 'NONE', #1919, 0.02952755905511807860 ) ;
#323 = VERTEX_POINT ( 'NONE', #2040 ) ;
#324 = CARTESIAN_POINT ( 'NONE',  ( -0.5413310002969463630, 31.65421242655790124, 0.6299212598425200094 ) ) ;
#325 = EDGE_CURVE ( 'NONE', #2988, #3041, #3218, .T. ) ;
#326 = EDGE_CURVE ( 'NONE', #2511, #1594, #1625, .T. ) ;
#327 = DIRECTION ( 'NONE',  ( 0.1408291628931850892, 0.9881512929671820711, 0.06102597058704688215 ) ) ;
#328 = CARTESIAN_POINT ( 'NONE',  ( 1.151477985508381874, -1.553703922883177935, 0.9840820162647881952 ) ) ;
#329 = DIRECTION ( 'NONE',  ( 0.04353682169814173525, 0.9987859095456045333, -0.02304890560489855980 ) ) ;
#330 = CARTESIAN_POINT ( 'NONE',  ( 1.210572919897250577, 1.907401586465259813, 1.043288991131392285 ) ) ;
#331 =( BOUNDED_CURVE ( )  B_SPLINE_CURVE ( 3, ( #1448, #2246, #1242, #1549 ),
 .UNSPECIFIED., .F., .T. ) 
 B_SPLINE_CURVE_WITH_KNOTS ( ( 4, 4 ),
 ( 5.860742036850858483, 9.000053856196743141 ),
 .UNSPECIFIED. ) 
 CURVE ( )  GEOMETRIC_REPRESENTATION_ITEM ( )  RATIONAL_B_SPLINE_CURVE ( ( 1.000000000000000000, 0.3340936112498394395, 0.3340936112498394395, 1.000000000000000000 ) ) 
 REPRESENTATION_ITEM ( '' )  );
#332 = VERTEX_POINT ( 'NONE', #1611 ) ;
#333 = ORIENTED_EDGE ( 'NONE', *, *, #492, .F. ) ;
#334 = CARTESIAN_POINT ( 'NONE',  ( 0.02928477952659465366, -9.846298366268612767, 0.4724409448818896462 ) ) ;
#335 = VERTEX_POINT ( 'NONE', #569 ) ;
#336 = CYLINDRICAL_SURFACE ( 'NONE', #3087, 0.02952755905511809595 ) ;
#337 = CARTESIAN_POINT ( 'NONE',  ( 1.210992044928375755, -1.130225879866253225, 0.9844569393480022690 ) ) ;
#338 = FACE_OUTER_BOUND ( 'NONE', #1567, .T. ) ;
#339 = DIRECTION ( 'NONE',  ( -0.1308087029401943380, 0.9897858522474705101, 0.05668377127408422839 ) ) ;
#340 = DIRECTION ( 'NONE',  ( 0.02265921552754572230, 0.9996712732740760110, -0.01199605527928891517 ) ) ;
#341 = CIRCLE ( 'NONE', #2751, 0.02952755905511813411 ) ;
#342 = DIRECTION ( 'NONE',  ( 0.02762876575521592409, 0.9995112317328113116, -0.01462699363511431490 ) ) ;
#343 = CARTESIAN_POINT ( 'NONE',  ( -5.463695987328526437E-16, -9.842519685039373911, 0.4724409448818896462 ) ) ;
#344 = AXIS2_PLACEMENT_3D ( 'NONE', #1916, #122, #1172 ) ;
#345 = AXIS2_PLACEMENT_3D ( 'NONE', #1398, #1366, #1353 ) ;
#346 = EDGE_CURVE ( 'NONE', #1205, #3255, #2369, .T. ) ;
#347 = EDGE_CURVE ( 'NONE', #2155, #1632, #1261, .T. ) ;
#348 = AXIS2_PLACEMENT_3D ( 'NONE', #530, #1565, #272 ) ;
#349 = ORIENTED_EDGE ( 'NONE', *, *, #3269, .T. ) ;
#350 = ORIENTED_EDGE ( 'NONE', *, *, #974, .F. ) ;
#351 =( BOUNDED_CURVE ( )  B_SPLINE_CURVE ( 3, ( #2708, #392, #1409, #2227 ),
 .UNSPECIFIED., .F., .T. ) 
 B_SPLINE_CURVE_WITH_KNOTS ( ( 4, 4 ),
 ( 2.714098653420425222, 2.717423284153025698 ),
 .UNSPECIFIED. ) 
 CURVE ( )  GEOMETRIC_REPRESENTATION_ITEM ( )  RATIONAL_B_SPLINE_CURVE ( ( 1.000000000000000000, 0.9999990789027530802, 0.9999990789027530802, 1.000000000000000000 ) ) 
 REPRESENTATION_ITEM ( '' )  );
#352 = CYLINDRICAL_SURFACE ( 'NONE', #1382, 0.02952755905511804391 ) ;
#353 = AXIS2_PLACEMENT_3D ( 'NONE', #1597, #2649, #1887 ) ;
#354 = ORIENTED_EDGE ( 'NONE', *, *, #346, .F. ) ;
#355 = ORIENTED_EDGE ( 'NONE', *, *, #807, .F. ) ;
#356 = LINE ( 'NONE', #306, #622 ) ;
#357 = DIRECTION ( 'NONE',  ( -0.1099041199491679610, 0.9928005502074840338, 0.04762511864463945394 ) ) ;
#358 = CARTESIAN_POINT ( 'NONE',  ( -1.210822860537448697, 1.252732152082449035, 0.9843592958735295495 ) ) ;
#359 = CARTESIAN_POINT ( 'NONE',  ( -1.210735897061120392, -1.773077179163192296, 0.9843270168651208074 ) ) ;
#360 = CARTESIAN_POINT ( 'NONE',  ( 1.151987013780875424, -1.132657602362028948, 0.9844569393480022690 ) ) ;
#361 = DIRECTION ( 'NONE',  ( 0.9997093968817944987, -0.02410646772628877860, 0.000000000000000000 ) ) ;
#362 = DIRECTION ( 'NONE',  ( -0.1277750232610347647, -0.9902564302730190171, -0.05536917674644838139 ) ) ;
#363 = AXIS2_PLACEMENT_3D ( 'NONE', #751, #698, #1808 ) ;
#364 = ORIENTED_EDGE ( 'NONE', *, *, #2294, .T. ) ;
#365 = CIRCLE ( 'NONE', #2119, 0.02952755905511813064 ) ;
#366 = EDGE_CURVE ( 'NONE', #1465, #436, #3039, .T. ) ;
#367 = ORIENTED_EDGE ( 'NONE', *, *, #1889, .T. ) ;
#368 = DIRECTION ( 'NONE',  ( -0.9909522691491214896, 0.1342147542865800847, 0.000000000000000000 ) ) ;
#369 = CYLINDRICAL_SURFACE ( 'NONE', #3253, 0.02952755905511817575 ) ;
#370 = EDGE_CURVE ( 'NONE', #2220, #2347, #1861, .T. ) ;
#371 = ORIENTED_EDGE ( 'NONE', *, *, #2236, .T. ) ;
#372 = ORIENTED_EDGE ( 'NONE', *, *, #3309, .F. ) ;
#373 = CARTESIAN_POINT ( 'NONE',  ( 1.151536531742048730, 1.477547582467986009, 0.9841864871457506325 ) ) ;
#374 = DIRECTION ( 'NONE',  ( 0.1144829714633203849, -0.9921857526821100670, -0.04960928763410552000 ) ) ;
#375 = PLANE ( 'NONE',  #1421 ) ;
#376 = CARTESIAN_POINT ( 'NONE',  ( 0.02939455135612229625, -9.839720203957847744, 0.4724409448818896462 ) ) ;
#377 = CARTESIAN_POINT ( 'NONE',  ( -0.5413028004628749335, 11.81247684003649567, 0.6299212598425202314 ) ) ;
#378 = LINE ( 'NONE', #3302, #2284 ) ;
#379 = CARTESIAN_POINT ( 'NONE',  ( 1.210672478228901339, 1.042102150022378382, 0.9843450647056656289 ) ) ;
#380 = ORIENTED_EDGE ( 'NONE', *, *, #851, .T. ) ;
#381 = VERTEX_POINT ( 'NONE', #1364 ) ;
#382 = DIRECTION ( 'NONE',  ( -0.1277750232610347092, -0.9902564302730191281, -0.05536917674644838833 ) ) ;
#383 = CARTESIAN_POINT ( 'NONE',  ( 1.151543380049532939, 2.343622728293369040, 0.9842315488916997257 ) ) ;
#384 = EDGE_CURVE ( 'NONE', #1818, #2931, #3184, .T. ) ;
#385 = EDGE_CURVE ( 'NONE', #3067, #1068, #1853, .T. ) ;
#386 = ORIENTED_EDGE ( 'NONE', *, *, #3140, .T. ) ;
#387 = VERTEX_POINT ( 'NONE', #1116 ) ;
#388 = CARTESIAN_POINT ( 'NONE',  ( -1.181319911541379497, 0.8189014863643128139, 0.9843671416821664355 ) ) ;
#389 = ADVANCED_FACE ( 'NONE', ( #1100 ), #1847, .T. ) ;
#390 =( BOUNDED_CURVE ( )  B_SPLINE_CURVE ( 3, ( #1731, #1215, #2197, #379 ),
 .UNSPECIFIED., .F., .F. ) 
 B_SPLINE_CURVE_WITH_KNOTS ( ( 4, 4 ),
 ( 3.566131744647654589, 6.705524194863079046 ),
 .UNSPECIFIED. ) 
 CURVE ( )  GEOMETRIC_REPRESENTATION_ITEM ( )  RATIONAL_B_SPLINE_CURVE ( ( 1.000000000000000000, 0.3340667343101929587, 0.3340667343101929587, 1.000000000000000000 ) ) 
 REPRESENTATION_ITEM ( '' )  );
#391 = CARTESIAN_POINT ( 'NONE',  ( 0.02938482259953426046, -9.839619867019683497, 0.4724409448818907564 ) ) ;
#392 = CARTESIAN_POINT ( 'NONE',  ( -1.151485769497905487, -1.337183384407444109, 0.9841572715782712644 ) ) ;
#393 = CARTESIAN_POINT ( 'NONE',  ( -1.210662865933637367, 2.124864669393156547, 0.9843098655169849609 ) ) ;
#394 = CARTESIAN_POINT ( 'NONE',  ( 0.5118110236220468900, 17.32283464566929254, 0.6299212598425194543 ) ) ;
#395 = CARTESIAN_POINT ( 'NONE',  ( -1.210695597097056098, -0.4737726014695938237, 0.9842965329235555672 ) ) ;
#396 = AXIS2_PLACEMENT_3D ( 'NONE', #3388, #2019, #976 ) ;
#397 = FACE_OUTER_BOUND ( 'NONE', #2184, .T. ) ;
#398 = AXIS2_PLACEMENT_3D ( 'NONE', #1024, #201, #728 ) ;
#399 = VERTEX_POINT ( 'NONE', #2181 ) ;
#400 = ORIENTED_EDGE ( 'NONE', *, *, #325, .T. ) ;
#401 = APPROVAL_PERSON_ORGANIZATION ( #1764, #2556, #738 ) ;
#402 = AXIS2_PLACEMENT_3D ( 'NONE', #3340, #3069, #713 ) ;
#403 = DIRECTION ( 'NONE',  ( 0.1339883342180220593, 0.9892805343097297310, 0.05806161149447623682 ) ) ;
#404 = FACE_OUTER_BOUND ( 'NONE', #2597, .T. ) ;
#405 = APPROVAL_PERSON_ORGANIZATION ( #2921, #2709, #1612 ) ;
#406 = AXIS2_PLACEMENT_3D ( 'NONE', #1447, #3046, #162 ) ;
#407 = VERTEX_POINT ( 'NONE', #22 ) ;
#408 = ORIENTED_EDGE ( 'NONE', *, *, #2354, .T. ) ;
#409 = DIRECTION ( 'NONE',  ( -0.1194565146275036877, 0.9914890714082806866, 0.05176448967191828177 ) ) ;
#410 = AXIS2_PLACEMENT_3D ( 'NONE', #2544, #2560, #3099 ) ;
#411 = CARTESIAN_POINT ( 'NONE',  ( 1.639108796198557931E-15, -9.842519685039382793, 0.4724409448818896462 ) ) ;
#412 = CARTESIAN_POINT ( 'NONE',  ( -0.02929574051099527801, -9.846212425439924587, 0.4724409448818890911 ) ) ;
#413 = ADVANCED_FACE ( 'NONE', ( #879 ), #2641, .F. ) ;
#414 = CYLINDRICAL_SURFACE ( 'NONE', #1115, 0.02952755905511804044 ) ;
#415 = CARTESIAN_POINT ( 'NONE',  ( 1.151477896189917249, -1.553705795167313664, 0.9841839662992739601 ) ) ;
#416 = CARTESIAN_POINT ( 'NONE',  ( -0.02938981542171521799, -9.839670914562301363, 0.4724409448818893686 ) ) ;
#417 = EDGE_CURVE ( 'NONE', #2274, #921, #3236, .T. ) ;
#418 = CARTESIAN_POINT ( 'NONE',  ( -1.210695614823663613, -0.4737731019855678793, 0.9843246399058869223 ) ) ;
#419 = CARTESIAN_POINT ( 'NONE',  ( -1.210666290759929042, 1.691761075559809813, 0.9842952602061059153 ) ) ;
#420 = VERTEX_POINT ( 'NONE', #2919 ) ;
#421 = CARTESIAN_POINT ( 'NONE',  ( 1.210573283455957716, -1.557609043295785201, 1.043317300772887757 ) ) ;
#422 = PLANE ( 'NONE',  #118 ) ;
#423 = ORIENTED_EDGE ( 'NONE', *, *, #1724, .T. ) ;
#424 = ORIENTED_EDGE ( 'NONE', *, *, #2189, .T. ) ;
#425 = CYLINDRICAL_SURFACE ( 'NONE', #3150, 0.02952755905511809942 ) ;
#426 = CLOSED_SHELL ( 'NONE', ( #1239, #198, #36, #477, #3375, #2381 ) ) ;
#427 = DIRECTION ( 'NONE',  ( 0.1408291628931850614, 0.9881512929671819601, 0.06102597058704687522 ) ) ;
#428 = CARTESIAN_POINT ( 'NONE',  ( -0.02936187735765142040, -9.845643289013588983, 0.4724409448818899238 ) ) ;
#429 = PLANE ( 'NONE',  #1535 ) ;
#430 = DIRECTION ( 'NONE',  ( -0.9995555442556012249, 0.02981130570586794024, 0.000000000000000000 ) ) ;
#431 = EDGE_CURVE ( 'NONE', #1174, #2492, #1072, .T. ) ;
#432 = ADVANCED_FACE ( 'NONE', ( #1640 ), #1067, .F. ) ;
#433 = CARTESIAN_POINT ( 'NONE',  ( 1.151504282087386200, -0.6876257763017723512, 0.9841454394145870976 ) ) ;
#434 = ORIENTED_EDGE ( 'NONE', *, *, #1061, .F. ) ;
#435 = CARTESIAN_POINT ( 'NONE',  ( 1.210726738901067412, -1.556532297589264813, 0.9844219207430854324 ) ) ;
#436 = VERTEX_POINT ( 'NONE', #822 ) ;
#437 = ORIENTED_EDGE ( 'NONE', *, *, #2947, .T. ) ;
#438 = DIRECTION ( 'NONE',  ( 0.09639415569882932300, 0.9944663729595890622, 0.04177080080282603858 ) ) ;
#439 = CYLINDRICAL_SURFACE ( 'NONE', #899, 0.02952755905511827636 ) ;
#440 = CYLINDRICAL_SURFACE ( 'NONE', #2258, 0.02952755905511804044 ) ;
#441 = CARTESIAN_POINT ( 'NONE',  ( -0.5118110236220468900, 27.24409448818898483, 0.6299212598425196763 ) ) ;
#442 = ORIENTED_EDGE ( 'NONE', *, *, #1347, .F. ) ;
#443 = DIRECTION ( 'NONE',  ( -0.1248775672652707169, 0.9906953669711476840, 0.05411361248161730697 ) ) ;
#444 = AXIS2_PLACEMENT_3D ( 'NONE', #1427, #2962, #1445 ) ;
#445 = DIRECTION ( 'NONE',  ( 0.1373245821369522557, -0.9887369913860557524, -0.05950731892601261730 ) ) ;
#446 = AXIS2_PLACEMENT_3D ( 'NONE', #3368, #1010, #2070 ) ;
#447 = ORIENTED_EDGE ( 'NONE', *, *, #1830, .F. ) ;
#448 = EDGE_CURVE ( 'NONE', #775, #2847, #585, .T. ) ;
#449 = DATE_AND_TIME ( #2043, #124 ) ;
#450 = CARTESIAN_POINT ( 'NONE',  ( -1.210659896001084812, 2.557966952651223203, 0.9843225942280416918 ) ) ;
#451 = AXIS2_PLACEMENT_3D ( 'NONE', #2661, #2949, #1623 ) ;
#452 = EDGE_CURVE ( 'NONE', #957, #332, #927, .T. ) ;
#453 = ORIENTED_EDGE ( 'NONE', *, *, #2355, .F. ) ;
#454 = ORIENTED_EDGE ( 'NONE', *, *, #2046, .T. ) ;
#455 = CARTESIAN_POINT ( 'NONE',  ( 1.210567305971918639, -1.124500075531804866, 1.043306666284023576 ) ) ;
#456 = AXIS2_PLACEMENT_3D ( 'NONE', #2318, #3373, #1778 ) ;
#457 = VECTOR ( 'NONE', #3320, 39.37007874015748854 ) ;
#458 = CYLINDRICAL_SURFACE ( 'NONE', #955, 0.02952755905511818962 ) ;
#459 =( BOUNDED_CURVE ( )  B_SPLINE_CURVE ( 3, ( #2553, #502, #1779, #3377 ),
 .UNSPECIFIED., .F., .T. ) 
 B_SPLINE_CURVE_WITH_KNOTS ( ( 4, 4 ),
 ( 5.860233868315847694, 8.999181420745454574 ),
 .UNSPECIFIED. ) 
 CURVE ( )  GEOMETRIC_REPRESENTATION_ITEM ( )  RATIONAL_B_SPLINE_CURVE ( ( 1.000000000000000000, 0.3342150334630258901, 0.3342150334630258901, 1.000000000000000000 ) ) 
 REPRESENTATION_ITEM ( '' )  );
#460 = DIRECTION ( 'NONE',  ( 0.03712567008239096855, -0.9991172978055208320, 0.01965476651420697274 ) ) ;
#461 = CARTESIAN_POINT ( 'NONE',  ( -1.151541885895820405, 2.127104112399911262, 0.9841758518965445512 ) ) ;
#462 = AXIS2_PLACEMENT_3D ( 'NONE', #3193, #561, #3212 ) ;
#463 = EDGE_LOOP ( 'NONE', ( #1011, #367 ) ) ;
#464 = DIRECTION ( 'NONE',  ( 0.9992372324420236707, -0.03905065046327917122, 0.000000000000000000 ) ) ;
#465 = VERTEX_POINT ( 'NONE', #152 ) ;
#466 = COORDINATED_UNIVERSAL_TIME_OFFSET ( 8, 0, .BEHIND. ) ;
#467 = DIRECTION ( 'NONE',  ( -0.1036795320132140180, -0.9935955151266344654, -0.04492779720572608049 ) ) ;
#468 =( BOUNDED_CURVE ( )  B_SPLINE_CURVE ( 3, ( #1870, #1356, #850, #544 ),
 .UNSPECIFIED., .F., .T. ) 
 B_SPLINE_CURVE_WITH_KNOTS ( ( 4, 4 ),
 ( 0.4258549453497417758, 3.564700256777332488 ),
 .UNSPECIFIED. ) 
 CURVE ( )  GEOMETRIC_REPRESENTATION_ITEM ( )  RATIONAL_B_SPLINE_CURVE ( ( 1.000000000000000000, 0.3342491137660587031, 0.3342491137660587031, 1.000000000000000000 ) ) 
 REPRESENTATION_ITEM ( '' )  );
#469 = EDGE_CURVE ( 'NONE', #2488, #3405, #2429, .T. ) ;
#470 = EDGE_CURVE ( 'NONE', #1524, #515, #3043, .T. ) ;
#471 = VERTEX_POINT ( 'NONE', #3251 ) ;
#472 = ORIENTED_EDGE ( 'NONE', *, *, #30, .T. ) ;
#473 = EDGE_CURVE ( 'NONE', #1119, #1818, #1391, .T. ) ;
#474 = CARTESIAN_POINT ( 'NONE',  ( 1.151513476474071540, -0.2545920957467181500, 0.9842105633601787584 ) ) ;
#475 = EDGE_CURVE ( 'NONE', #3296, #852, #665, .T. ) ;
#476 = CIRCLE ( 'NONE', #798, 0.02952755905511809942 ) ;
#477 = ADVANCED_FACE ( 'NONE', ( #2712 ), #896, .T. ) ;
#478 = DIRECTION ( 'NONE',  ( 0.9900202840505839541, -0.1408828524173494356, -0.003443699050795228419 ) ) ;
#479 = PLANE ( 'NONE',  #1484 ) ;
#480 = DIRECTION ( 'NONE',  ( 0.09639415569882933688, 0.9944663729595891732, 0.04177080080282604552 ) ) ;
#481 = ORIENTED_EDGE ( 'NONE', *, *, #716, .T. ) ;
#482 = CARTESIAN_POINT ( 'NONE',  ( 1.210816817115121902, 1.469242319331989233, 0.9843557604647171777 ) ) ;
#483 =( BOUNDED_CURVE ( )  B_SPLINE_CURVE ( 3, ( #3342, #2749, #719, #383 ),
 .UNSPECIFIED., .F., .T. ) 
 B_SPLINE_CURVE_WITH_KNOTS ( ( 4, 4 ),
 ( 3.563431723937874995, 3.565221923809535287 ),
 .UNSPECIFIED. ) 
 CURVE ( )  GEOMETRIC_REPRESENTATION_ITEM ( )  RATIONAL_B_SPLINE_CURVE ( ( 1.000000000000000000, 0.9999997329320526873, 0.9999997329320526873, 1.000000000000000000 ) ) 
 REPRESENTATION_ITEM ( '' )  );
#484 = DIRECTION ( 'NONE',  ( 0.02199965345109512055, -0.9996901347629988388, 0.01164687535646214377 ) ) ;
#485 = CYLINDRICAL_SURFACE ( 'NONE', #1396, 0.02952755905511810983 ) ;
#486 = VERTEX_POINT ( 'NONE', #2518 ) ;
#487 = CARTESIAN_POINT ( 'NONE',  ( 0.000000000000000000, 0.000000000000000000, 0.000000000000000000 ) ) ;
#488 = CARTESIAN_POINT ( 'NONE',  ( 0.000000000000000000, -9.842519685039373911, 0.4724409448818890911 ) ) ;
#489 = ORIENTED_EDGE ( 'NONE', *, *, #3182, .T. ) ;
#490 = VERTEX_POINT ( 'NONE', #2248 ) ;
#491 = CARTESIAN_POINT ( 'NONE',  ( 0.02933294101981854390, -9.839135114921708336, 0.4724409448818888135 ) ) ;
#492 = EDGE_CURVE ( 'NONE', #1531, #1954, #378, .T. ) ;
#493 = DIRECTION ( 'NONE',  ( 0.1308087029401943657, -0.9897858522474705101, -0.05668377127408419369 ) ) ;
#494 = CARTESIAN_POINT ( 'NONE',  ( -1.151529798818520245, 0.8279945044215381023, 0.9841547785807908122 ) ) ;
#495 = ADVANCED_FACE ( 'NONE', ( #948 ), #635, .T. ) ;
#496 = DIRECTION ( 'NONE',  ( 0.02762876575521592409, 0.9995112317328113116, -0.01462699363511431490 ) ) ;
#497 = ORIENTED_EDGE ( 'NONE', *, *, #1867, .T. ) ;
#498 = EDGE_CURVE ( 'NONE', #2392, #1359, #829, .T. ) ;
#499 = CARTESIAN_POINT ( 'NONE',  ( 0.000000000000000000, -9.842519685039388122, 0.4724409448818896462 ) ) ;
#500 = CARTESIAN_POINT ( 'NONE',  ( 1.210672516488945138, 1.042102502652449081, 0.9843234020918997240 ) ) ;
#501 = CARTESIAN_POINT ( 'NONE',  ( 1.151513460348261519, -0.2545916190867805740, 0.9841835097133474486 ) ) ;
#502 = CARTESIAN_POINT ( 'NONE',  ( -1.210564414484147200, -0.04168614492166958230, 1.043293793763322430 ) ) ;
#503 = EDGE_LOOP ( 'NONE', ( #2766, #2538 ) ) ;
#504 = DATE_TIME_ROLE ( 'creation_date' ) ;
#505 = CARTESIAN_POINT ( 'NONE',  ( 1.151543409823912567, 2.343623525888423931, 0.9841786758216614084 ) ) ;
#506 = ORIENTED_EDGE ( 'NONE', *, *, #91, .T. ) ;
#507 = ORIENTED_EDGE ( 'NONE', *, *, #470, .F. ) ;
#508 = AXIS2_PLACEMENT_3D ( 'NONE', #2996, #2761, #2710 ) ;
#509 = DIRECTION ( 'NONE',  ( -0.9993734192586304355, 0.03539447526540914768, 0.000000000000000000 ) ) ;
#510 = AXIS2_PLACEMENT_3D ( 'NONE', #25, #2555, #1017 ) ;
#511 = EDGE_CURVE ( 'NONE', #2199, #2020, #1130, .T. ) ;
#512 = CARTESIAN_POINT ( 'NONE',  ( -1.151498920575067642, -0.9041432749705862193, 0.9841087883490019506 ) ) ;
#513 = AXIS2_PLACEMENT_3D ( 'NONE', #3186, #41, #2166 ) ;
#514 = CARTESIAN_POINT ( 'NONE',  ( -1.151522401194808864, -1.771317141394262995, 1.043069837157815316 ) ) ;
#515 = VERTEX_POINT ( 'NONE', #683 ) ;
#516 = VECTOR ( 'NONE', #3346, 39.37007874015748143 ) ;
#517 = CARTESIAN_POINT ( 'NONE',  ( 1.151520935962813130, 0.1784418863252520970, 0.9842159203758029662 ) ) ;
#518 = EDGE_CURVE ( 'NONE', #2554, #1105, #365, .T. ) ;
#519 = CARTESIAN_POINT ( 'NONE',  ( -1.151534494467418401, 1.261029814090493861, 0.9841627060060864629 ) ) ;
#520 = ADVANCED_FACE ( 'NONE', ( #1466 ), #1397, .T. ) ;
#521 = AXIS2_PLACEMENT_3D ( 'NONE', #1192, #2512, #2722 ) ;
#522 = CARTESIAN_POINT ( 'NONE',  ( 1.210664512348635924, 1.908313472226332408, 0.9842745476721995734 ) ) ;
#523 = ORIENTED_EDGE ( 'NONE', *, *, #1059, .F. ) ;
#524 = APPLICATION_PROTOCOL_DEFINITION ( 'international standard', 'config_control_design', 1994, #1142 ) ;
#525 = DIRECTION ( 'NONE',  ( 0.1017574915280313186, -0.9938315005904391208, -0.04409491299548023296 ) ) ;
#526 = ORIENTED_EDGE ( 'NONE', *, *, #138, .T. ) ;
#527 = EDGE_LOOP ( 'NONE', ( #1663, #1302, #2292, #1151, #1275 ) ) ;
#528 = CARTESIAN_POINT ( 'NONE',  ( 1.210711917990602071, -1.123432356793858888, 0.9844032686303052504 ) ) ;
#529 = EDGE_LOOP ( 'NONE', ( #144, #2331, #1399, #2630, #2888 ) ) ;
#530 = CARTESIAN_POINT ( 'NONE',  ( -1.181462916813122099, -0.9147377671796755871, 0.9844428503554416565 ) ) ;
#531 = CARTESIAN_POINT ( 'NONE',  ( -1.210670270502209211, 1.258656235803509826, 0.9842785129136969458 ) ) ;
#532 = ORIENTED_EDGE ( 'NONE', *, *, #676, .F. ) ;
#533 = CIRCLE ( 'NONE', #692, 0.02952755905511811677 ) ;
#534 = DIRECTION ( 'NONE',  ( -0.9997093968817961640, 0.02410646772622405606, 0.000000000000000000 ) ) ;
#535 = DIRECTION ( 'NONE',  ( 0.9894871650865190160, 0.1445766616692536199, 0.003569177722967590075 ) ) ;
#536 = FACE_OUTER_BOUND ( 'NONE', #3098, .T. ) ;
#537 = EDGE_CURVE ( 'NONE', #2079, #490, #1634, .T. ) ;
#538 = EDGE_CURVE ( 'NONE', #881, #335, #476, .T. ) ;
#539 = DIRECTION ( 'NONE',  ( -0.9993103381624537374, -0.03713284316669372698, 0.000000000000000000 ) ) ;
#540 = EDGE_LOOP ( 'NONE', ( #814, #2939, #269, #400, #2140 ) ) ;
#541 = FACE_OUTER_BOUND ( 'NONE', #3306, .T. ) ;
#542 = EDGE_LOOP ( 'NONE', ( #628, #2864 ) ) ;
#543 = ORIENTED_EDGE ( 'NONE', *, *, #3400, .T. ) ;
#544 = CARTESIAN_POINT ( 'NONE',  ( 1.151513539763461269, -0.2545906707259101287, 0.9841294027035694114 ) ) ;
#545 = ORIENTED_EDGE ( 'NONE', *, *, #1678, .F. ) ;
#546 = CARTESIAN_POINT ( 'NONE',  ( 1.639108796198557931E-15, -9.842519685039382793, 0.4724409448818896462 ) ) ;
#547 = ORIENTED_EDGE ( 'NONE', *, *, #1363, .F. ) ;
#548 = CARTESIAN_POINT ( 'NONE',  ( 0.02927302588750105988, -9.838651003204022416, 0.4724409448818888135 ) ) ;
#549 = CARTESIAN_POINT ( 'NONE',  ( -0.02924681908989369694, -9.846581743246302310, 0.4724409448818896462 ) ) ;
#550 = CYLINDRICAL_SURFACE ( 'NONE', #1985, 0.02952755905511815493 ) ;
#551 = CARTESIAN_POINT ( 'NONE',  ( -1.151524138554221421, 0.3949593161068823965, 0.9841940388653570571 ) ) ;
#552 = ORIENTED_EDGE ( 'NONE', *, *, #417, .F. ) ;
#553 = LINE ( 'NONE', #300, #2923 ) ;
#554 = VERTEX_POINT ( 'NONE', #1968 ) ;
#555 = EDGE_CURVE ( 'NONE', #2890, #335, #1744, .T. ) ;
#556 = ORIENTED_EDGE ( 'NONE', *, *, #11, .F. ) ;
#557 = CARTESIAN_POINT ( 'NONE',  ( -1.210680573597552323, 0.3924426696888819732, 0.9842857322850280255 ) ) ;
#558 = EDGE_CURVE ( 'NONE', #210, #705, #2390, .T. ) ;
#559 = AXIS2_PLACEMENT_3D ( 'NONE', #1895, #327, #1584 ) ;
#560 = ORIENTED_EDGE ( 'NONE', *, *, #1592, .F. ) ;
#561 = DIRECTION ( 'NONE',  ( -0.1445149746547933489, 0.9875189934744212916, 0.06262315568374379748 ) ) ;
#562 = DIRECTION ( 'NONE',  ( -0.9992372324420246699, 0.03905065046325154055, 0.000000000000000000 ) ) ;
#563 = DIRECTION ( 'NONE',  ( -0.9991518607643394834, -0.04117716759513560809, 0.000000000000000000 ) ) ;
#564 = EDGE_LOOP ( 'NONE', ( #1642, #2786, #2875, #849, #1743 ) ) ;
#565 = DIRECTION ( 'NONE',  ( -0.02137739133933000760, -0.9997074185157267534, 0.01131744247376294948 ) ) ;
#566 = DIRECTION ( 'NONE',  ( -0.1221074444996558123, -0.9911054245222066239, -0.05291322594985084504 ) ) ;
#567 = CARTESIAN_POINT ( 'NONE',  ( 1.210726828219531814, -1.556530425305127974, 0.9843199707086000005 ) ) ;
#568 = CIRCLE ( 'NONE', #2267, 0.02952755905511810636 ) ;
#569 = CARTESIAN_POINT ( 'NONE',  ( 0.5413305242259073280, 30.55187090512545467, 0.6299212598425196763 ) ) ;
#570 = AXIS2_PLACEMENT_3D ( 'NONE', #1054, #1545, #270 ) ;
#571 = DIRECTION ( 'NONE',  ( -0.03712567008239093386, 0.9991172978055206100, -0.01965476651420696233 ) ) ;
#572 =( BOUNDED_CURVE ( )  B_SPLINE_CURVE ( 3, ( #200, #3031, #393, #2497 ),
 .UNSPECIFIED., .F., .T. ) 
 B_SPLINE_CURVE_WITH_KNOTS ( ( 4, 4 ),
 ( 5.859424492216624536, 5.861275134903655371 ),
 .UNSPECIFIED. ) 
 CURVE ( )  GEOMETRIC_REPRESENTATION_ITEM ( )  RATIONAL_B_SPLINE_CURVE ( ( 1.000000000000000000, 0.9999997145934906850, 0.9999997145934906850, 1.000000000000000000 ) ) 
 REPRESENTATION_ITEM ( '' )  );
#573 = ORIENTED_EDGE ( 'NONE', *, *, #597, .T. ) ;
#574 = UNCERTAINTY_MEASURE_WITH_UNIT (LENGTH_MEASURE( 1.000000000000000082E-05 ), #1813, 'distance_accuracy_value', 'NONE');
#575 = VERTEX_POINT ( 'NONE', #1757 ) ;
#576 = EDGE_CURVE ( 'NONE', #465, #1170, #3338, .T. ) ;
#577 = ADVANCED_FACE ( 'NONE', ( #3350 ), #994, .T. ) ;
#578 = ORIENTED_EDGE ( 'NONE', *, *, #1059, .T. ) ;
#579 = FACE_OUTER_BOUND ( 'NONE', #540, .T. ) ;
#580 = DIRECTION ( 'NONE',  ( 0.02665453602808423930, -0.9995451010531578584, 0.01411122495604456677 ) ) ;
#581 =( BOUNDED_CURVE ( )  B_SPLINE_CURVE ( 3, ( #2049, #2852, #455, #528 ),
 .UNSPECIFIED., .F., .T. ) 
 B_SPLINE_CURVE_WITH_KNOTS ( ( 4, 4 ),
 ( 3.568703072677284815, 6.707094329144998923 ),
 .UNSPECIFIED. ) 
 CURVE ( )  GEOMETRIC_REPRESENTATION_ITEM ( )  RATIONAL_B_SPLINE_CURVE ( ( 1.000000000000000000, 0.3344004652516522347, 0.3344004652516522347, 1.000000000000000000 ) ) 
 REPRESENTATION_ITEM ( '' )  );
#582 = CARTESIAN_POINT ( 'NONE',  ( -1.151544800372570121, 2.560142521773820068, 0.9842325119045683968 ) ) ;
#583 = CARTESIAN_POINT ( 'NONE',  ( -1.152102630663857319, -1.783092386501436977, 0.9845124630745050176 ) ) ;
#584 = CARTESIAN_POINT ( 'NONE',  ( 1.210676570021310683, -1.555443961314165735, 0.9254237725266699632 ) ) ;
#585 = LINE ( 'NONE', #1897, #2994 ) ;
#586 = AXIS2_PLACEMENT_3D ( 'NONE', #411, #1375, #79 ) ;
#587 = AXIS2_PLACEMENT_3D ( 'NONE', #1166, #1691, #2449 ) ;
#588 = CARTESIAN_POINT ( 'NONE',  ( -1.210666283362662465, 1.691761382328789143, 0.9842757618058189939 ) ) ;
#589 = ORIENTED_EDGE ( 'NONE', *, *, #213, .T. ) ;
#590 = ORIENTED_EDGE ( 'NONE', *, *, #3332, .F. ) ;
#591 =( BOUNDED_CURVE ( )  B_SPLINE_CURVE ( 3, ( #1539, #2324, #1002, #2627 ),
 .UNSPECIFIED., .F., .T. ) 
 B_SPLINE_CURVE_WITH_KNOTS ( ( 4, 4 ),
 ( 0.4244626633062512644, 0.4279127996271384071 ),
 .UNSPECIFIED. ) 
 CURVE ( )  GEOMETRIC_REPRESENTATION_ITEM ( )  RATIONAL_B_SPLINE_CURVE ( ( 1.000000000000000000, 0.9999990080468599274, 0.9999990080468599274, 1.000000000000000000 ) ) 
 REPRESENTATION_ITEM ( '' )  );
#592 = DIRECTION ( 'NONE',  ( 0.09639415569882932300, 0.9944663729595890622, 0.04177080080282603858 ) ) ;
#593 = CARTESIAN_POINT ( 'NONE',  ( 1.210711998478609885, -1.123430635129286870, 0.9843086794628320702 ) ) ;
#594 = DIRECTION ( 'NONE',  ( 0.04116738685245795171, -0.9989145339199365647, 0.02179449892188953936 ) ) ;
#595 = FACE_OUTER_BOUND ( 'NONE', #503, .T. ) ;
#596 = CARTESIAN_POINT ( 'NONE',  ( 0.5413280895854845065, 26.14251940522360584, 0.6299212598425196763 ) ) ;
#597 = EDGE_CURVE ( 'NONE', #1913, #1105, #3088, .T. ) ;
#598 = CARTESIAN_POINT ( 'NONE',  ( -1.181382604124775026, -0.04802460862407892384, 0.9844003318733757224 ) ) ;
#599 = DIRECTION ( 'NONE',  ( 0.02980759361113002187, 0.9994310799025947212, -0.01578049073530412780 ) ) ;
#600 = EDGE_CURVE ( 'NONE', #2872, #789, #2059, .T. ) ;
#601 = DIRECTION ( 'NONE',  ( -0.04619526842021272339, 0.9986330084957749653, -0.02445631857540673734 ) ) ;
#602 = DIRECTION ( 'NONE',  ( 0.9995555442555993375, -0.02981130570593264889, 0.000000000000000000 ) ) ;
#603 = ORIENTED_EDGE ( 'NONE', *, *, #576, .T. ) ;
#604 = EDGE_LOOP ( 'NONE', ( #3229, #757, #251, #900, #3394 ) ) ;
#605 = DIRECTION ( 'NONE',  ( -0.9996181710784610708, 0.02763172180216904444, 0.000000000000000000 ) ) ;
#606 =( BOUNDED_CURVE ( )  B_SPLINE_CURVE ( 3, ( #2881, #2810, #2846, #734 ),
 .UNSPECIFIED., .F., .T. ) 
 B_SPLINE_CURVE_WITH_KNOTS ( ( 4, 4 ),
 ( 2.716868549017156909, 2.719149383261065811 ),
 .UNSPECIFIED. ) 
 CURVE ( )  GEOMETRIC_REPRESENTATION_ITEM ( )  RATIONAL_B_SPLINE_CURVE ( ( 1.000000000000000000, 0.9999995664829761655, 0.9999995664829761655, 1.000000000000000000 ) ) 
 REPRESENTATION_ITEM ( '' )  );
#607 = ORIENTED_EDGE ( 'NONE', *, *, #3187, .F. ) ;
#608 = ORIENTED_EDGE ( 'NONE', *, *, #676, .T. ) ;
#609 = CARTESIAN_POINT ( 'NONE',  ( 0.5118110236220474452, 32.75590551181101517, 0.6299212598425196763 ) ) ;
#610 = DIRECTION ( 'NONE',  ( -0.9917778666340238969, 0.1279713376302060446, 0.000000000000000000 ) ) ;
#611 = CARTESIAN_POINT ( 'NONE',  ( -1.181519777560594120, -1.348158676505892384, 0.9844729531041037651 ) ) ;
#612 = CIRCLE ( 'NONE', #2365, 0.02952755905511810636 ) ;
#613 = DIRECTION ( 'NONE',  ( 0.9996181710784601826, -0.02763172180220146990, 0.000000000000000000 ) ) ;
#614 = CARTESIAN_POINT ( 'NONE',  ( -1.181270688120782175, 2.551183406153416655, 0.9843410822242030234 ) ) ;
#615 = ADVANCED_FACE ( 'NONE', ( #712 ), #2550, .T. ) ;
#616 = AXIS2_PLACEMENT_3D ( 'NONE', #1291, #3257, #2126 ) ;
#617 = DIRECTION ( 'NONE',  ( -0.03712567008239094080, 0.9991172978055207210, -0.01965476651420696580 ) ) ;
#618 = ADVANCED_FACE ( 'NONE', ( #2315 ), #1012, .T. ) ;
#619 = FACE_OUTER_BOUND ( 'NONE', #100, .T. ) ;
#620 = CC_DESIGN_APPROVAL ( #2709, ( #1489 ) ) ;
#621 = CIRCLE ( 'NONE', #1377, 0.02952755905511819309 ) ;
#622 = VECTOR ( 'NONE', #2943, 39.37007874015748143 ) ;
#623 = ORIENTED_EDGE ( 'NONE', *, *, #1974, .F. ) ;
#624 = ORIENTED_EDGE ( 'NONE', *, *, #1423, .F. ) ;
#625 = CARTESIAN_POINT ( 'NONE',  ( 1.151532202973414076, 1.044510962400339915, 0.9842238603032992250 ) ) ;
#626 = CARTESIAN_POINT ( 'NONE',  ( 0.000000000000000000, -9.842519685039366806, 0.4724409448818893686 ) ) ;
#627 = CIRCLE ( 'NONE', #3090, 0.02952755905511812023 ) ;
#628 = ORIENTED_EDGE ( 'NONE', *, *, #916, .F. ) ;
#629 = VERTEX_POINT ( 'NONE', #2843 ) ;
#630 = CARTESIAN_POINT ( 'NONE',  ( 1.210910213118898904, -0.2636912810941228757, 0.9844092963919121031 ) ) ;
#631 = CARTESIAN_POINT ( 'NONE',  ( -1.151498920575067642, -0.9041432749705862193, 0.9841087883490019506 ) ) ;
#632 = FACE_OUTER_BOUND ( 'NONE', #3000, .T. ) ;
#633 = CARTESIAN_POINT ( 'NONE',  ( -1.210671735489488476, -1.338898700829063593, 0.9254139436505851579 ) ) ;
#634 = CARTESIAN_POINT ( 'NONE',  ( 1.151504349345068734, -0.6876252550547355957, 0.9841162340596109059 ) ) ;
#635 = PLANE ( 'NONE',  #2612 ) ;
#636 = ADVANCED_FACE ( 'NONE', ( #731 ), #3068, .T. ) ;
#637 = CARTESIAN_POINT ( 'NONE',  ( 1.151640019389349012, -0.6865738122115607744, 0.9252041266815645981 ) ) ;
#638 = CLOSED_SHELL ( 'NONE', ( #2539, #1203, #1512, #2813, #283, #1451 ) ) ;
#639 = EDGE_LOOP ( 'NONE', ( #2796, #1442, #57, #2058, #623 ) ) ;
#640 = ORIENTED_EDGE ( 'NONE', *, *, #2838, .T. ) ;
#641 = FACE_OUTER_BOUND ( 'NONE', #1959, .T. ) ;
#642 = FACE_OUTER_BOUND ( 'NONE', #1269, .T. ) ;
#643 = ORIENTED_EDGE ( 'NONE', *, *, #558, .T. ) ;
#644 = VERTEX_POINT ( 'NONE', #2332 ) ;
#645 = DIRECTION ( 'NONE',  ( -0.9936766257044424844, 0.1122798447123670718, 0.000000000000000000 ) ) ;
#646 = CYLINDRICAL_SURFACE ( 'NONE', #1892, 0.02952755905511815146 ) ;
#647 = DIRECTION ( 'NONE',  ( 0.02574664343890870760, 0.9995755688046907839, -0.01363057593824578903 ) ) ;
#648 = FACE_OUTER_BOUND ( 'NONE', #1551, .T. ) ;
#649 = DIRECTION ( 'NONE',  ( 0.9928330304416200791, 0.1194805250572431726, 0.002641551845930040655 ) ) ;
#650 = CARTESIAN_POINT ( 'NONE',  ( -1.210695592369855245, -0.4737736006929673671, 0.9843527467990890178 ) ) ;
#651 = DIRECTION ( 'NONE',  ( -0.02665453602808420808, 0.9995451010531577474, -0.01411122495604458064 ) ) ;
#652 = EDGE_CURVE ( 'NONE', #1104, #2097, #3278, .T. ) ;
#653 = ORIENTED_EDGE ( 'NONE', *, *, #282, .F. ) ;
#654 = ORIENTED_EDGE ( 'NONE', *, *, #1676, .T. ) ;
#655 = CARTESIAN_POINT ( 'NONE',  ( 1.210880628352202226, 0.1695494194951292222, 0.9843922259938422403 ) ) ;
#656 = EDGE_CURVE ( 'NONE', #2988, #3151, #1410, .T. ) ;
#657 = ORIENTED_EDGE ( 'NONE', *, *, #1081, .F. ) ;
#658 = ORIENTED_EDGE ( 'NONE', *, *, #2064, .F. ) ;
#659 = CARTESIAN_POINT ( 'NONE',  ( -1.151498844567620417, -0.9041449201140639991, 0.9841998313736490811 ) ) ;
#660 = FACE_OUTER_BOUND ( 'NONE', #1093, .T. ) ;
#661 = CARTESIAN_POINT ( 'NONE',  ( 1.639108796198557931E-15, -9.842519685039379240, 0.4724409448818890911 ) ) ;
#662 = FACE_OUTER_BOUND ( 'NONE', #1372, .T. ) ;
#663 = DIRECTION ( 'NONE',  ( 0.1339883342180220593, 0.9892805343097296200, 0.05806161149447622988 ) ) ;
#664 = CARTESIAN_POINT ( 'NONE',  ( 0.5118110236220473341, 28.34645669291339587, 0.6299212598425198983 ) ) ;
#665 = LINE ( 'NONE', #1147, #2439 ) ;
#666 = AXIS2_PLACEMENT_3D ( 'NONE', #3143, #2411, #3163 ) ;
#667 = CYLINDRICAL_SURFACE ( 'NONE', #1816, 0.02952755905511808554 ) ;
#668 = AXIS2_PLACEMENT_3D ( 'NONE', #488, #467, #739 ) ;
#669 = ORIENTED_EDGE ( 'NONE', *, *, #385, .F. ) ;
#670 = CARTESIAN_POINT ( 'NONE',  ( -1.210718843706993342, -1.339983166003184678, 0.9844121555492995057 ) ) ;
#671 = CYLINDRICAL_SURFACE ( 'NONE', #2094, 0.02952755905511815146 ) ;
#672 = EDGE_LOOP ( 'NONE', ( #2440, #1437, #1000, #2576, #2109 ) ) ;
#673 = VERTEX_POINT ( 'NONE', #1245 ) ;
#674 = DIRECTION ( 'NONE',  ( -0.04116738685245798640, 0.9989145339199364537, -0.02179449892188952201 ) ) ;
#675 = AXIS2_PLACEMENT_3D ( 'NONE', #2173, #887, #59 ) ;
#676 = EDGE_CURVE ( 'NONE', #1359, #2899, #3053, .T. ) ;
#677 = ADVANCED_FACE ( 'NONE', ( #2299 ), #2586, .T. ) ;
#678 =( BOUNDED_CURVE ( )  B_SPLINE_CURVE ( 3, ( #2662, #2412, #37, #3199 ),
 .UNSPECIFIED., .F., .T. ) 
 B_SPLINE_CURVE_WITH_KNOTS ( ( 4, 4 ),
 ( 0.4234675570357276930, 0.4264332246735357823 ),
 .UNSPECIFIED. ) 
 CURVE ( )  GEOMETRIC_REPRESENTATION_ITEM ( )  RATIONAL_B_SPLINE_CURVE ( ( 1.000000000000000000, 0.9999992670680895035, 0.9999992670680895035, 1.000000000000000000 ) ) 
 REPRESENTATION_ITEM ( '' )  );
#679 = LINE ( 'NONE', #1207, #2160 ) ;
#680 = ADVANCED_FACE ( 'NONE', ( #765 ), #1552, .F. ) ;
#681 = DIRECTION ( 'NONE',  ( 0.09811836179767333133, -0.9942660662164232166, -0.04251795677899176951 ) ) ;
#682 = CARTESIAN_POINT ( 'NONE',  ( -1.210791498598573268, 2.551814668767406591, 0.9843410822242030234 ) ) ;
#683 = CARTESIAN_POINT ( 'NONE',  ( -0.02926040164810359348, -9.838556650956103766, 0.4724409448818896462 ) ) ;
#684 = FACE_OUTER_BOUND ( 'NONE', #940, .T. ) ;
#685 = FACE_OUTER_BOUND ( 'NONE', #2616, .T. ) ;
#686 = ORIENTED_EDGE ( 'NONE', *, *, #3381, .F. ) ;
#687 = CARTESIAN_POINT ( 'NONE',  ( -0.02921637000395868947, -9.846795251381422531, 0.4724409448818895352 ) ) ;
#688 = AXIS2_PLACEMENT_3D ( 'NONE', #2606, #258, #1294 ) ;
#689 = ORIENTED_EDGE ( 'NONE', *, *, #511, .T. ) ;
#690 = ORIENTED_EDGE ( 'NONE', *, *, #347, .F. ) ;
#691 = CARTESIAN_POINT ( 'NONE',  ( 1.151536519045230689, 1.477547261474458251, 0.9842066723568474451 ) ) ;
#692 = AXIS2_PLACEMENT_3D ( 'NONE', #2176, #1186, #1485 ) ;
#693 = CARTESIAN_POINT ( 'NONE',  ( -0.5118110236220468900, 27.24409448818898483, 0.6299212598425196763 ) ) ;
#694 =( BOUNDED_CURVE ( )  B_SPLINE_CURVE ( 3, ( #294, #1609, #2148, #841 ),
 .UNSPECIFIED., .F., .T. ) 
 B_SPLINE_CURVE_WITH_KNOTS ( ( 4, 4 ),
 ( 2.718641214726064348, 5.857588767155638365 ),
 .UNSPECIFIED. ) 
 CURVE ( )  GEOMETRIC_REPRESENTATION_ITEM ( )  RATIONAL_B_SPLINE_CURVE ( ( 1.000000000000000000, 0.3342150334630368258, 0.3342150334630368258, 1.000000000000000000 ) ) 
 REPRESENTATION_ITEM ( '' )  );
#695 = CARTESIAN_POINT ( 'NONE',  ( -1.151468827348327340, -1.770229907450977302, 0.9841769201427539304 ) ) ;
#696 = CARTESIAN_POINT ( 'NONE',  ( -1.210680521288136635, 0.3924414405017332408, 0.9843582296648281105 ) ) ;
#697 = ORIENTED_EDGE ( 'NONE', *, *, #243, .T. ) ;
#698 = DIRECTION ( 'NONE',  ( -0.02265921552754570495, -0.9996712732740760110, 0.01199605527928892038 ) ) ;
#699 = EDGE_CURVE ( 'NONE', #2764, #1632, #2348, .T. ) ;
#700 = CARTESIAN_POINT ( 'NONE',  ( -1.151524203121311540, 0.3949601343014170762, 0.9841457073430452951 ) ) ;
#701 = EDGE_CURVE ( 'NONE', #1465, #1222, #1480, .T. ) ;
#702 = LINE ( 'NONE', #1969, #2973 ) ;
#703 = ORIENTED_EDGE ( 'NONE', *, *, #892, .F. ) ;
#704 = PERSON_AND_ORGANIZATION ( #18446744073709551615, #2228 ) ;
#705 = VERTEX_POINT ( 'NONE', #324 ) ;
#706 = ORIENTED_EDGE ( 'NONE', *, *, #3381, .T. ) ;
#707 = FACE_OUTER_BOUND ( 'NONE', #1842, .T. ) ;
#708 = DIRECTION ( 'NONE',  ( 0.9993103381624542925, 0.03713284316667996021, 0.000000000000000000 ) ) ;
#709 = CARTESIAN_POINT ( 'NONE',  ( 1.151527127476603019, 0.6114772233115335354, 0.9841503997288618688 ) ) ;
#710 = CARTESIAN_POINT ( 'NONE',  ( -1.210674981925754290, 0.8255495442350753166, 0.9843042445535298279 ) ) ;
#711 = VERTEX_POINT ( 'NONE', #3160 ) ;
#712 = FACE_OUTER_BOUND ( 'NONE', #2792, .T. ) ;
#713 = DIRECTION ( 'NONE',  ( -0.9997432100566003843, 0.02266084609461874524, 0.000000000000000000 ) ) ;
#714 = EDGE_CURVE ( 'NONE', #3275, #1222, #2496, .T. ) ;
#715 = CARTESIAN_POINT ( 'NONE',  ( -1.151541854256362463, 2.127103276914632524, 0.9842305107709280465 ) ) ;
#716 = EDGE_CURVE ( 'NONE', #1508, #486, #2895, .T. ) ;
#717 = EDGE_LOOP ( 'NONE', ( #2940, #160, #249, #545, #2984 ) ) ;
#718 = PERSON_AND_ORGANIZATION_ROLE ( 'design_owner' ) ;
#719 = CARTESIAN_POINT ( 'NONE',  ( 1.151543374185811874, 2.343622994747740051, 0.9842139245123461277 ) ) ;
#720 = VECTOR ( 'NONE', #3387, 39.37007874015748854 ) ;
#721 = AXIS2_PLACEMENT_3D ( 'NONE', #2112, #2897, #1350 ) ;
#722 = ORIENTED_EDGE ( 'NONE', *, *, #1164, .F. ) ;
#723 = VERTEX_POINT ( 'NONE', #548 ) ;
#724 = CARTESIAN_POINT ( 'NONE',  ( 1.151555479524716707, 0.6104861906656361414, 1.043157812311284571 ) ) ;
#725 = AXIS2_PLACEMENT_3D ( 'NONE', #3301, #1395, #1180 ) ;
#726 = AXIS2_PLACEMENT_3D ( 'NONE', #609, #31, #77 ) ;
#727 = DIRECTION ( 'NONE',  ( -0.9996684386179008897, 0.02574903554015510118, 0.000000000000000000 ) ) ;
#728 = DIRECTION ( 'NONE',  ( -0.9928201254014776822, -0.1196168825784807155, 0.000000000000000000 ) ) ;
#729 = LINE ( 'NONE', #748, #2696 ) ;
#730 = ORIENTED_EDGE ( 'NONE', *, *, #652, .F. ) ;
#731 = FACE_OUTER_BOUND ( 'NONE', #639, .T. ) ;
#732 = DIRECTION ( 'NONE',  ( 0.9905140156006536634, 0.1373716524991630550, 0.003318732938545343892 ) ) ;
#733 = CARTESIAN_POINT ( 'NONE',  ( 1.151513476474071540, -0.2545920957467181500, 0.9842105633601787584 ) ) ;
#734 = CARTESIAN_POINT ( 'NONE',  ( -1.151529798818520245, 0.8279945044215381023, 0.9841547785807908122 ) ) ;
#735 = ADVANCED_FACE ( 'NONE', ( #2384 ), #2637, .F. ) ;
#736 = EDGE_CURVE ( 'NONE', #554, #957, #2077, .T. ) ;
#737 = VERTEX_POINT ( 'NONE', #3197 ) ;
#738 = APPROVAL_ROLE ( '' ) ;
#739 = DIRECTION ( 'NONE',  ( 0.9946072949070648983, -0.1036924975314760244, -0.002048138993275697498 ) ) ;
#740 = VERTEX_POINT ( 'NONE', #2659 ) ;
#741 = ADVANCED_FACE ( 'NONE', ( #1622 ), #2428, .T. ) ;
#742 = ORIENTED_EDGE ( 'NONE', *, *, #2632, .T. ) ;
#743 = CARTESIAN_POINT ( 'NONE',  ( 1.210711998478609885, -1.123430635129286870, 0.9843086794628320702 ) ) ;
#744 = EDGE_CURVE ( 'NONE', #1175, #1313, #2911, .T. ) ;
#745 = VECTOR ( 'NONE', #329, 39.37007874015748854 ) ;
#746 = CARTESIAN_POINT ( 'NONE',  ( 1.151540245701297760, 1.910585041161520170, 0.9841728580934610005 ) ) ;
#747 = CARTESIAN_POINT ( 'NONE',  ( -0.5118110236220473341, 20.62992125984252567, 0.6299212598425196763 ) ) ;
#748 = CARTESIAN_POINT ( 'NONE',  ( 0.02938981542171521799, -9.845368455516432249, 0.4724409448818893686 ) ) ;
#749 = DIRECTION ( 'NONE',  ( -0.9939283803781600035, -0.1100289719975959396, 0.000000000000000000 ) ) ;
#750 = VERTEX_POINT ( 'NONE', #596 ) ;
#751 = CARTESIAN_POINT ( 'NONE',  ( -0.5118110236220467790, 31.65354330708660768, 0.6299212598425198983 ) ) ;
#752 = CARTESIAN_POINT ( 'NONE',  ( 1.210691184645985130, -0.2572203528961364838, 0.9843745343043042162 ) ) ;
#753 = PLANE ( 'NONE',  #1235 ) ;
#754 = ORIENTED_EDGE ( 'NONE', *, *, #1102, .F. ) ;
#755 = EDGE_CURVE ( 'NONE', #2388, #2120, #60, .T. ) ;
#756 = EDGE_LOOP ( 'NONE', ( #1315, #1438 ) ) ;
#757 = ORIENTED_EDGE ( 'NONE', *, *, #1599, .T. ) ;
#758 = CARTESIAN_POINT ( 'NONE',  ( -1.181418347820093029, -0.4813628916687747727, 0.9844192550061908742 ) ) ;
#759 = EDGE_CURVE ( 'NONE', #3382, #56, #2673, .T. ) ;
#760 = EDGE_CURVE ( 'NONE', #1134, #907, #947, .T. ) ;
#761 = FACE_OUTER_BOUND ( 'NONE', #2063, .T. ) ;
#762 = DIRECTION ( 'NONE',  ( 0.9994761488791452653, -0.03236398958275330667, 0.000000000000000000 ) ) ;
#763 = CYLINDRICAL_SURFACE ( 'NONE', #1865, 0.02952755905511809942 ) ;
#764 = EDGE_LOOP ( 'NONE', ( #772, #424, #795, #159, #1885 ) ) ;
#765 = FACE_OUTER_BOUND ( 'NONE', #3052, .T. ) ;
#766 = DIRECTION ( 'NONE',  ( 0.02410450479597334855, 0.9996279930094827959, -0.01276120842139765420 ) ) ;
#767 = PLANE ( 'NONE',  #1784 ) ;
#768 = VERTEX_POINT ( 'NONE', #1360 ) ;
#769 = PERSON_AND_ORGANIZATION ( #18446744073709551615, #2228 ) ;
#770 = DIRECTION ( 'NONE',  ( 0.03103108282175778485, -0.9993834026419050609, 0.01642822031740118899 ) ) ;
#771 = EDGE_LOOP ( 'NONE', ( #3239, #1866, #2958, #302, #185 ) ) ;
#772 = ORIENTED_EDGE ( 'NONE', *, *, #3001, .T. ) ;
#773 = AXIS2_PLACEMENT_3D ( 'NONE', #3175, #816, #749 ) ;
#774 = CIRCLE ( 'NONE', #1923, 0.02952755905511816187 ) ;
#775 = VERTEX_POINT ( 'NONE', #1346 ) ;
#776 = EDGE_CURVE ( 'NONE', #16, #1509, #2400, .T. ) ;
#777 = EDGE_CURVE ( 'NONE', #2531, #737, #1050, .T. ) ;
#778 = FACE_OUTER_BOUND ( 'NONE', #2198, .T. ) ;
#779 = AXIS2_PLACEMENT_3D ( 'NONE', #1260, #3089, #2878 ) ;
#780 = CARTESIAN_POINT ( 'NONE',  ( -1.181462916813122099, -0.9147377671796755871, 0.9844428503554416565 ) ) ;
#781 = LINE ( 'NONE', #1791, #1810 ) ;
#782 = EDGE_LOOP ( 'NONE', ( #2303, #2375, #1826, #2575, #823 ) ) ;
#783 = CIRCLE ( 'NONE', #239, 0.02952755905511821044 ) ;
#784 = CARTESIAN_POINT ( 'NONE',  ( -1.151541854256362463, 2.127103276914632524, 0.9842305107709280465 ) ) ;
#785 = CARTESIAN_POINT ( 'NONE',  ( -0.02937398904375538439, -9.845527260709383555, 0.4724409448818902013 ) ) ;
#786 = DIRECTION ( 'NONE',  ( 0.9997579454981775360, 0.02200114572614715602, 0.000000000000000000 ) ) ;
#787 = VECTOR ( 'NONE', #1136, 39.37007874015748854 ) ;
#788 = DIRECTION ( 'NONE',  ( -0.1408291628931851169, -0.9881512929671820711, -0.06102597058704688909 ) ) ;
#789 = VERTEX_POINT ( 'NONE', #62 ) ;
#790 = CARTESIAN_POINT ( 'NONE',  ( 1.210856134453349053, 0.6027755403142339707, 0.9843781589223298267 ) ) ;
#791 = MANIFOLD_SOLID_BREP ( 'Sweep36', #260 ) ;
#792 = ORIENTED_EDGE ( 'NONE', *, *, #2023, .F. ) ;
#793 = ORIENTED_EDGE ( 'NONE', *, *, #2057, .F. ) ;
#794 = DIRECTION ( 'NONE',  ( -0.9997093968817961640, 0.02410646772622405606, 0.000000000000000000 ) ) ;
#795 = ORIENTED_EDGE ( 'NONE', *, *, #2755, .T. ) ;
#796 = EDGE_CURVE ( 'NONE', #2520, #3190, #101, .T. ) ;
#797 = FACE_OUTER_BOUND ( 'NONE', #1872, .T. ) ;
#798 = AXIS2_PLACEMENT_3D ( 'NONE', #1433, #2485, #2233 ) ;
#799 = FACE_OUTER_BOUND ( 'NONE', #2168, .T. ) ;
#800 = EDGE_LOOP ( 'NONE', ( #2559, #2167, #1454, #1857, #3401 ) ) ;
#801 = CLOSED_SHELL ( 'NONE', ( #520, #2238, #2172, #3247, #1340, #1699 ) ) ;
#802 = DIRECTION ( 'NONE',  ( -0.02980759361113003575, -0.9994310799025948322, 0.01578049073530413127 ) ) ;
#803 = FACE_OUTER_BOUND ( 'NONE', #1300, .T. ) ;
#804 = FACE_OUTER_BOUND ( 'NONE', #3158, .T. ) ;
#805 = VECTOR ( 'NONE', #3201, 39.37007874015748854 ) ;
#806 = ADVANCED_FACE ( 'NONE', ( #338 ), #1063, .T. ) ;
#807 = EDGE_CURVE ( 'NONE', #34, #1255, #276, .T. ) ;
#808 = VERTEX_POINT ( 'NONE', #2110 ) ;
#809 = DIRECTION ( 'NONE',  ( -0.03235924008452871481, -0.9993294731986799295, 0.01713136239769164071 ) ) ;
#810 =( BOUNDED_CURVE ( )  B_SPLINE_CURVE ( 3, ( #709, #3319, #3081, #1753 ),
 .UNSPECIFIED., .F., .T. ) 
 B_SPLINE_CURVE_WITH_KNOTS ( ( 4, 4 ),
 ( 3.564148279015434184, 3.566513747763877529 ),
 .UNSPECIFIED. ) 
 CURVE ( )  GEOMETRIC_REPRESENTATION_ITEM ( )  RATIONAL_B_SPLINE_CURVE ( ( 1.000000000000000000, 0.9999995337131877271, 0.9999995337131877271, 1.000000000000000000 ) ) 
 REPRESENTATION_ITEM ( '' )  );
#811 = ORIENTED_EDGE ( 'NONE', *, *, #3269, .F. ) ;
#812 = VERTEX_POINT ( 'NONE', #1722 ) ;
#813 = CARTESIAN_POINT ( 'NONE',  ( -1.210811139709470519, 1.685754104417042543, 0.9843524504600115188 ) ) ;
#814 = ORIENTED_EDGE ( 'NONE', *, *, #3353, .F. ) ;
#815 = DIRECTION ( 'NONE',  ( -0.9899964696308809486, 0.1410921334390835558, 0.000000000000000000 ) ) ;
#816 = DIRECTION ( 'NONE',  ( -0.1099041199491679610, 0.9928005502074840338, 0.04762511864463945394 ) ) ;
#817 = EDGE_LOOP ( 'NONE', ( #985, #2298, #972, #1331, #2684 ) ) ;
#818 =( BOUNDED_CURVE ( )  B_SPLINE_CURVE ( 3, ( #2393, #2928, #2700, #58 ),
 .UNSPECIFIED., .F., .T. ) 
 B_SPLINE_CURVE_WITH_KNOTS ( ( 4, 4 ),
 ( 2.717546642252048894, 2.719527120232999362 ),
 .UNSPECIFIED. ) 
 CURVE ( )  GEOMETRIC_REPRESENTATION_ITEM ( )  RATIONAL_B_SPLINE_CURVE ( ( 1.000000000000000000, 0.9999996731422738927, 0.9999996731422738927, 1.000000000000000000 ) ) 
 REPRESENTATION_ITEM ( '' )  );
#819 = DIRECTION ( 'NONE',  ( 0.9995555442555993375, -0.02981130570593264889, 0.000000000000000000 ) ) ;
#820 = DIRECTION ( 'NONE',  ( 0.04919895195431920470, 0.9984493190729484269, -0.02604650397581605159 ) ) ;
#821 = CARTESIAN_POINT ( 'NONE',  ( -1.151538441046787042, 1.694065389324757254, 0.9842281752020560770 ) ) ;
#822 = CARTESIAN_POINT ( 'NONE',  ( -1.151524203121311540, 0.3949601343014170762, 0.9841457073430452951 ) ) ;
#823 = ORIENTED_EDGE ( 'NONE', *, *, #2209, .F. ) ;
#824 = EDGE_CURVE ( 'NONE', #490, #1509, #351, .T. ) ;
#825 = CARTESIAN_POINT ( 'NONE',  ( 1.151562997655199316, 2.342731281212393935, 1.043195496301857927 ) ) ;
#826 = EDGE_CURVE ( 'NONE', #305, #2764, #1370, .T. ) ;
#827 = ORIENTED_EDGE ( 'NONE', *, *, #1486, .T. ) ;
#828 = ORIENTED_EDGE ( 'NONE', *, *, #170, .F. ) ;
#829 =( BOUNDED_CURVE ( )  B_SPLINE_CURVE ( 3, ( #166, #433, #1658, #1413 ),
 .UNSPECIFIED., .F., .T. ) 
 B_SPLINE_CURVE_WITH_KNOTS ( ( 4, 4 ),
 ( 3.565060210625521364, 3.568025878263310080 ),
 .UNSPECIFIED. ) 
 CURVE ( )  GEOMETRIC_REPRESENTATION_ITEM ( )  RATIONAL_B_SPLINE_CURVE ( ( 1.000000000000000000, 0.9999992670680895035, 0.9999992670680895035, 1.000000000000000000 ) ) 
 REPRESENTATION_ITEM ( '' )  );
#830 = DIRECTION ( 'NONE',  ( 0.02410450479597335549, 0.9996279930094829069, -0.01276120842139765593 ) ) ;
#831 = AXIS2_PLACEMENT_3D ( 'NONE', #1705, #2445, #1945 ) ;
#832 = EDGE_CURVE ( 'NONE', #86, #3017, #1127, .T. ) ;
#833 = AXIS2_PLACEMENT_3D ( 'NONE', #598, #2896, #2430 ) ;
#834 = ORIENTED_EDGE ( 'NONE', *, *, #1301, .T. ) ;
#835 = DIRECTION ( 'NONE',  ( -0.03103108282175777791, 0.9993834026419050609, -0.01642822031740117858 ) ) ;
#836 = DIRECTION ( 'NONE',  ( 0.9991518607643391503, 0.04117716759514475355, 0.000000000000000000 ) ) ;
#837 = VERTEX_POINT ( 'NONE', #3265 ) ;
#838 = CARTESIAN_POINT ( 'NONE',  ( -0.5118110236220468900, 27.24409448818898483, 0.6299212598425196763 ) ) ;
#839 = LOCAL_TIME ( 16, 16, 8.000000000000000000, #2901 ) ;
#840 = CIRCLE ( 'NONE', #1268, 0.02952755905511806125 ) ;
#841 = CARTESIAN_POINT ( 'NONE',  ( -1.210687330685569441, -0.04066507689607370968, 0.9842905506942727367 ) ) ;
#842 = DIRECTION ( 'NONE',  ( -0.09472918011025313612, 0.9946563911576580264, 0.04104931138110969741 ) ) ;
#843 = AXIS2_PLACEMENT_3D ( 'NONE', #2514, #1497, #2771 ) ;
#844 = CARTESIAN_POINT ( 'NONE',  ( -1.151524203121311540, 0.3949601343014170762, 0.9841457073430452951 ) ) ;
#845 = CIRCLE ( 'NONE', #2484, 0.02952755905511819309 ) ;
#846 = DIRECTION ( 'NONE',  ( 0.9996181710784610708, -0.02763172180216885709, 0.000000000000000000 ) ) ;
#847 = ADVANCED_FACE ( 'NONE', ( #1653 ), #375, .F. ) ;
#848 = ORIENTED_EDGE ( 'NONE', *, *, #875, .T. ) ;
#849 = ORIENTED_EDGE ( 'NONE', *, *, #2335, .T. ) ;
#850 = CARTESIAN_POINT ( 'NONE',  ( 1.151640554596002453, -0.2535597336684521363, 0.9252085614791398793 ) ) ;
#851 = EDGE_CURVE ( 'NONE', #2186, #2406, #890, .T. ) ;
#852 = VERTEX_POINT ( 'NONE', #1393 ) ;
#853 = EDGE_CURVE ( 'NONE', #2817, #238, #3359, .T. ) ;
#854 = CARTESIAN_POINT ( 'NONE',  ( 0.02929574051099857745, -9.838826944638833893, 0.4724409448818890911 ) ) ;
#855 = EDGE_LOOP ( 'NONE', ( #364, #2382 ) ) ;
#856 = MANIFOLD_SOLID_BREP ( 'Sweep39', #1289 ) ;
#857 = CARTESIAN_POINT ( 'NONE',  ( -1.151544828408362919, 2.560143283569249473, 0.9841813427798333791 ) ) ;
#858 = MANIFOLD_SOLID_BREP ( 'Sweep37', #862 ) ;
#859 = CARTESIAN_POINT ( 'NONE',  ( 1.151513539763461269, -0.2545906707259101287, 0.9841294027035694114 ) ) ;
#860 = CYLINDRICAL_SURFACE ( 'NONE', #1165, 0.02952755905511808554 ) ;
#861 = CARTESIAN_POINT ( 'NONE',  ( 1.210677657229264792, 0.6089959965065938619, 0.9843069558419270670 ) ) ;
#862 = CLOSED_SHELL ( 'NONE', ( #1807, #2217, #2313, #2776, #2653, #1828 ) ) ;
#863 = CARTESIAN_POINT ( 'NONE',  ( 1.210661314585536052, 2.341415844190318118, 0.9843252611862116641 ) ) ;
#864 = ORIENTED_EDGE ( 'NONE', *, *, #1952, .T. ) ;
#865 = VERTEX_POINT ( 'NONE', #2192 ) ;
#866 = FACE_OUTER_BOUND ( 'NONE', #1543, .T. ) ;
#867 = MANIFOLD_SOLID_BREP ( 'Sweep30', #2122 ) ;
#868 = MANIFOLD_SOLID_BREP ( 'Sweep35', #426 ) ;
#869 = EDGE_LOOP ( 'NONE', ( #2029, #1891 ) ) ;
#870 = ORIENTED_EDGE ( 'NONE', *, *, #999, .F. ) ;
#871 = FACE_OUTER_BOUND ( 'NONE', #2585, .T. ) ;
#872 = EDGE_CURVE ( 'NONE', #575, #1488, #886, .T. ) ;
#873 = DIRECTION ( 'NONE',  ( 0.1221074444996558400, 0.9911054245222066239, 0.05291322594985086586 ) ) ;
#874 = MANIFOLD_SOLID_BREP ( 'Sweep26', #638 ) ;
#875 = EDGE_CURVE ( 'NONE', #1787, #3041, #1645, .T. ) ;
#876 = DIRECTION ( 'NONE',  ( -0.1248775672652707169, 0.9906953669711476840, 0.05411361248161730697 ) ) ;
#877 = CARTESIAN_POINT ( 'NONE',  ( -1.151554043793294513, 0.3939566110321027770, 1.043151857365298474 ) ) ;
#878 = CARTESIAN_POINT ( 'NONE',  ( 1.151532207920503481, 1.044511670575899220, 0.9841805349159735705 ) ) ;
#879 = FACE_OUTER_BOUND ( 'NONE', #885, .T. ) ;
#880 = CARTESIAN_POINT ( 'NONE',  ( -0.5118110236220473341, 14.01574803149606296, 0.6299212598425201204 ) ) ;
#881 = VERTEX_POINT ( 'NONE', #3246 ) ;
#882 = EDGE_LOOP ( 'NONE', ( #1111, #2826, #1850, #2819, #3024 ) ) ;
#883 = DIRECTION ( 'NONE',  ( -0.02762876575521594144, -0.9995112317328114226, 0.01462699363511433225 ) ) ;
#884 = DIRECTION ( 'NONE',  ( -0.03538826301053502738, -0.9991980144151074716, 0.01873496277028327897 ) ) ;
#885 = EDGE_LOOP ( 'NONE', ( #268, #1629 ) ) ;
#886 = CIRCLE ( 'NONE', #1912, 0.02952755905511821391 ) ;
#887 = DIRECTION ( 'NONE',  ( 0.03235924008452868705, 0.9993294731986799295, -0.01713136239769165806 ) ) ;
#888 = VECTOR ( 'NONE', #663, 39.37007874015748143 ) ;
#889 = CARTESIAN_POINT ( 'NONE',  ( -5.463695987328526437E-16, -9.842519685039373911, 0.4724409448818896462 ) ) ;
#890 = LINE ( 'NONE', #2769, #3132 ) ;
#891 = ADVANCED_FACE ( 'NONE', ( #2461 ), #2739, .T. ) ;
#892 = EDGE_CURVE ( 'NONE', #305, #3405, #1963, .T. ) ;
#893 = CIRCLE ( 'NONE', #1869, 0.02952755905511806472 ) ;
#894 = CARTESIAN_POINT ( 'NONE',  ( -1.151544800372570121, 2.560142521773820068, 0.9842325119045683968 ) ) ;
#895 = AXIS2_PLACEMENT_3D ( 'NONE', #2044, #1283, #1834 ) ;
#896 = CYLINDRICAL_SURFACE ( 'NONE', #2117, 0.02952755905511814799 ) ;
#897 = CARTESIAN_POINT ( 'NONE',  ( -1.210687325572519679, -0.04066598288817127593, 0.9843426427617169017 ) ) ;
#898 = CIRCLE ( 'NONE', #21, 0.02952755905511815146 ) ;
#899 = AXIS2_PLACEMENT_3D ( 'NONE', #3334, #3318, #1707 ) ;
#900 = ORIENTED_EDGE ( 'NONE', *, *, #2983, .T. ) ;
#901 = ORIENTED_EDGE ( 'NONE', *, *, #1727, .F. ) ;
#902 = CARTESIAN_POINT ( 'NONE',  ( 1.151528154388139491, -1.554792259158275680, 1.043080164481203331 ) ) ;
#903 = CARTESIAN_POINT ( 'NONE',  ( -1.151635267838564181, 1.261977083779266762, 0.9252145368378447143 ) ) ;
#904 = VECTOR ( 'NONE', #409, 39.37007874015748854 ) ;
#905 = MANIFOLD_SOLID_BREP ( 'Sweep27', #2286 ) ;
#906 = ORIENTED_EDGE ( 'NONE', *, *, #2136, .T. ) ;
#907 = VERTEX_POINT ( 'NONE', #1905 ) ;
#908 = PLANE ( 'NONE',  #1772 ) ;
#909 = DIRECTION ( 'NONE',  ( 0.03380608663490227567, -0.9992681490610815231, 0.01789733998318357444 ) ) ;
#910 = CARTESIAN_POINT ( 'NONE',  ( -0.5118110236220473341, 16.22047244094487795, 0.6299212598425196763 ) ) ;
#911 = FACE_OUTER_BOUND ( 'NONE', #529, .T. ) ;
#912 = CARTESIAN_POINT ( 'NONE',  ( -1.151524150811896741, 0.3949589051142682883, 0.9842182047228458242 ) ) ;
#913 = DIRECTION ( 'NONE',  ( 0.02489853814710876051, -0.9996030756118657878, 0.01318157901905755817 ) ) ;
#914 = CARTESIAN_POINT ( 'NONE',  ( -1.210642395058597609, 2.125768540014464136, 0.9253123398497993257 ) ) ;
#915 = CARTESIAN_POINT ( 'NONE',  ( 1.151559937650293630, 1.476607073359485378, 1.043178631593131955 ) ) ;
#916 = EDGE_CURVE ( 'NONE', #907, #1134, #1312, .T. ) ;
#917 = DIRECTION ( 'NONE',  ( -0.9997714481811947884, 0.02137876052713913802, 0.000000000000000000 ) ) ;
#918 = ADVANCED_FACE ( 'NONE', ( #111 ), #2495, .T. ) ;
#919 = VECTOR ( 'NONE', #2745, 39.37007874015748143 ) ;
#920 = ORIENTED_EDGE ( 'NONE', *, *, #2651, .F. ) ;
#921 = VERTEX_POINT ( 'NONE', #148 ) ;
#922 = CARTESIAN_POINT ( 'NONE',  ( -5.463695987328526437E-16, -9.842519685039373911, 0.4724409448818888135 ) ) ;
#923 = CARTESIAN_POINT ( 'NONE',  ( -1.210659924036878721, 2.557967714446652607, 0.9842714251033057860 ) ) ;
#924 = EDGE_LOOP ( 'NONE', ( #901, #3097, #1216, #3085, #2087 ) ) ;
#925 = ORIENTED_EDGE ( 'NONE', *, *, #1201, .F. ) ;
#926 = CARTESIAN_POINT ( 'NONE',  ( 1.151536565151517033, 1.477547902642059485, 0.9841663019840621862 ) ) ;
#927 =( BOUNDED_CURVE ( )  B_SPLINE_CURVE ( 3, ( #2195, #3285, #914, #1713 ),
 .UNSPECIFIED., .F., .T. ) 
 B_SPLINE_CURVE_WITH_KNOTS ( ( 4, 4 ),
 ( 2.719682481313861366, 5.859424492216624536 ),
 .UNSPECIFIED. ) 
 CURVE ( )  GEOMETRIC_REPRESENTATION_ITEM ( )  RATIONAL_B_SPLINE_CURVE ( ( 1.000000000000000000, 0.3339502141409791403, 0.3339502141409791403, 1.000000000000000000 ) ) 
 REPRESENTATION_ITEM ( '' )  );
#928 = DIRECTION ( 'NONE',  ( 0.02137739133933000066, 0.9997074185157265314, -0.01131744247376294255 ) ) ;
#929 = DIRECTION ( 'NONE',  ( -0.02489853814710874663, 0.9996030756118657878, -0.01318157901905757205 ) ) ;
#930 = DIRECTION ( 'NONE',  ( -0.02335953376323144162, 0.9996506360441690386, -0.01236681199229900177 ) ) ;
#931 = CARTESIAN_POINT ( 'NONE',  ( 0.5118110236220473341, 28.34645669291339587, 0.6299212598425198983 ) ) ;
#932 = CARTESIAN_POINT ( 'NONE',  ( -1.210569456570885105, 1.257707955590809945, 1.043289400170029468 ) ) ;
#933 = CARTESIAN_POINT ( 'NONE',  ( -0.5413160600130522138, 16.22162551133256869, 0.6299212598425196763 ) ) ;
#934 = CARTESIAN_POINT ( 'NONE',  ( -0.02939455135611898293, -9.845319166120917842, 0.4724409448818896462 ) ) ;
#935 = EDGE_CURVE ( 'NONE', #3190, #407, #2101, .T. ) ;
#936 = ADVANCED_FACE ( 'NONE', ( #632 ), #2804, .T. ) ;
#937 = EDGE_LOOP ( 'NONE', ( #1071, #2752 ) ) ;
#938 = LINE ( 'NONE', #954, #3086 ) ;
#939 = CARTESIAN_POINT ( 'NONE',  ( 0.000000000000000000, -9.842519685039373911, 0.4724409448818902013 ) ) ;
#940 = EDGE_LOOP ( 'NONE', ( #3172, #2753, #229, #3113, #2468 ) ) ;
#941 = ORIENTED_EDGE ( 'NONE', *, *, #237, .T. ) ;
#942 = CYLINDRICAL_SURFACE ( 'NONE', #2216, 0.02952755905511807860 ) ;
#943 = CARTESIAN_POINT ( 'NONE',  ( -1.092739197465705287E-15, -9.842519685039370358, 0.4724409448818896462 ) ) ;
#944 =( BOUNDED_CURVE ( )  B_SPLINE_CURVE ( 3, ( #1570, #2845, #995, #2862 ),
 .UNSPECIFIED., .F., .T. ) 
 B_SPLINE_CURVE_WITH_KNOTS ( ( 4, 4 ),
 ( 5.859508833430752794, 8.998019965738253134 ),
 .UNSPECIFIED. ) 
 CURVE ( )  GEOMETRIC_REPRESENTATION_ITEM ( )  RATIONAL_B_SPLINE_CURVE ( ( 1.000000000000000000, 0.3343605066876889631, 0.3343605066876889631, 1.000000000000000000 ) ) 
 REPRESENTATION_ITEM ( '' )  );
#945 = CARTESIAN_POINT ( 'NONE',  ( -1.151485880702454612, -1.337182188327527443, 0.9840917814585743439 ) ) ;
#946 = DIRECTION ( 'NONE',  ( 0.9996899294595460450, 0.02490070153967255395, 0.000000000000000000 ) ) ;
#947 = CIRCLE ( 'NONE', #2967, 0.02952755905511809942 ) ;
#948 = FACE_OUTER_BOUND ( 'NONE', #855, .T. ) ;
#949 = CIRCLE ( 'NONE', #116, 0.02952755905511819309 ) ;
#950 = CARTESIAN_POINT ( 'NONE',  ( 1.151504277732288362, -0.6876268247346662976, 0.9842038505609024268 ) ) ;
#951 = AXIS2_PLACEMENT_3D ( 'NONE', #1575, #209, #846 ) ;
#952 = ORIENTED_EDGE ( 'NONE', *, *, #2104, .F. ) ;
#953 = VECTOR ( 'NONE', #599, 39.37007874015748854 ) ;
#954 = CARTESIAN_POINT ( 'NONE',  ( 0.02936810508426697039, -9.845584182961211184, 0.4724409448818890911 ) ) ;
#955 = AXIS2_PLACEMENT_3D ( 'NONE', #2760, #1476, #1226 ) ;
#956 = ORIENTED_EDGE ( 'NONE', *, *, #2632, .F. ) ;
#957 = VERTEX_POINT ( 'NONE', #461 ) ;
#958 = DIRECTION ( 'NONE',  ( -0.04353682169814167974, -0.9987859095456046443, 0.02304890560489856674 ) ) ;
#959 = CIRCLE ( 'NONE', #2867, 0.02952755905511816187 ) ;
#960 = EDGE_CURVE ( 'NONE', #554, #210, #1498, .T. ) ;
#961 = ADVANCED_FACE ( 'NONE', ( #3064 ), #763, .T. ) ;
#962 = FACE_OUTER_BOUND ( 'NONE', #1516, .T. ) ;
#963 = LINE ( 'NONE', #2051, #1161 ) ;
#964 = CARTESIAN_POINT ( 'NONE',  ( 0.000000000000000000, -9.842519685039373911, 0.4724409448818896462 ) ) ;
#965 = EDGE_LOOP ( 'NONE', ( #1354, #2047, #386, #1420, #2611 ) ) ;
#966 = CARTESIAN_POINT ( 'NONE',  ( 5.463695987328526437E-16, -9.842519685039368582, 0.4724409448818896462 ) ) ;
#967 = DIRECTION ( 'NONE',  ( -0.04919895195431918389, -0.9984493190729484269, 0.02604650397581605159 ) ) ;
#968 = CARTESIAN_POINT ( 'NONE',  ( -1.210705803834381644, -0.9068803470766617636, 0.9843951486588705668 ) ) ;
#969 = ORIENTED_EDGE ( 'NONE', *, *, #1678, .T. ) ;
#970 = DIRECTION ( 'NONE',  ( 0.9991518607643391503, 0.04117716759514475355, 0.000000000000000000 ) ) ;
#971 = ORIENTED_EDGE ( 'NONE', *, *, #2322, .F. ) ;
#972 = ORIENTED_EDGE ( 'NONE', *, *, #736, .F. ) ;
#973 = FACE_OUTER_BOUND ( 'NONE', #986, .T. ) ;
#974 = EDGE_CURVE ( 'NONE', #705, #210, #2915, .T. ) ;
#975 = DIRECTION ( 'NONE',  ( -0.9996446339617707233, -0.02665719023898135281, 0.000000000000000000 ) ) ;
#976 = DIRECTION ( 'NONE',  ( 0.9997579454981768698, 0.02200114572617347178, 0.000000000000000000 ) ) ;
#977 = ORIENTED_EDGE ( 'NONE', *, *, #2130, .F. ) ;
#978 = CARTESIAN_POINT ( 'NONE',  ( 1.639108796198557931E-15, -9.842519685039379240, 0.4724409448818890911 ) ) ;
#979 = CARTESIAN_POINT ( 'NONE',  ( -1.210687271267756993, -0.04066643361770103104, 0.9843686886482269083 ) ) ;
#980 = CARTESIAN_POINT ( 'NONE',  ( 0.5118110236220474452, 32.75590551181101517, 0.6299212598425196763 ) ) ;
#981 = CARTESIAN_POINT ( 'NONE',  ( -1.210967953204126646, -0.9135846967919811767, 0.9844428503554416565 ) ) ;
#982 = ORIENTED_EDGE ( 'NONE', *, *, #2022, .T. ) ;
#983 = MECHANICAL_CONTEXT ( 'NONE', #1142, 'mechanical' ) ;
#984 = CARTESIAN_POINT ( 'NONE',  ( -0.5118110236220467790, 31.65354330708660768, 0.6299212598425198983 ) ) ;
#985 = ORIENTED_EDGE ( 'NONE', *, *, #3270, .F. ) ;
#986 = EDGE_LOOP ( 'NONE', ( #1005, #1052 ) ) ;
#987 = CARTESIAN_POINT ( 'NONE',  ( -1.151498920575067642, -0.9041432749705862193, 0.9841087883490019506 ) ) ;
#988 = DIRECTION ( 'NONE',  ( 0.9953407018127221617, -0.09640377635008108570, -0.001788636464235735706 ) ) ;
#989 = DIRECTION ( 'NONE',  ( 0.9993103381624542925, 0.03713284316667996021, 0.000000000000000000 ) ) ;
#990 = CARTESIAN_POINT ( 'NONE',  ( -1.210674925590928153, 0.8255488026650775746, 0.9843491584270833705 ) ) ;
#991 = EDGE_CURVE ( 'NONE', #775, #2797, #2692, .T. ) ;
#992 = EDGE_CURVE ( 'NONE', #1068, #2956, #1766, .T. ) ;
#993 = VERTEX_POINT ( 'NONE', #2548 ) ;
#994 = PLANE ( 'NONE',  #2174 ) ;
#995 = CARTESIAN_POINT ( 'NONE',  ( -1.151540608565603474, -0.9052135871212406704, 1.043108149690700870 ) ) ;
#996 = ADVANCED_FACE ( 'NONE', ( #202 ), #2297, .T. ) ;
#997 = AXIS2_PLACEMENT_3D ( 'NONE', #3339, #445, #732 ) ;
#998 = CARTESIAN_POINT ( 'NONE',  ( -5.463695987328526437E-16, -9.842519685039377464, 0.4724409448818890911 ) ) ;
#999 = EDGE_CURVE ( 'NONE', #768, #465, #15, .T. ) ;
#1000 = ORIENTED_EDGE ( 'NONE', *, *, #1279, .T. ) ;
#1001 = COORDINATED_UNIVERSAL_TIME_OFFSET ( 8, 0, .BEHIND. ) ;
#1002 = CARTESIAN_POINT ( 'NONE',  ( 1.210726857218902719, -1.556531052203293353, 0.9843539542726135183 ) ) ;
#1003 = CIRCLE ( 'NONE', #3366, 0.02952755905511801962 ) ;
#1004 = ORIENTED_EDGE ( 'NONE', *, *, #2791, .T. ) ;
#1005 = ORIENTED_EDGE ( 'NONE', *, *, #2502, .T. ) ;
#1006 = CIRCLE ( 'NONE', #3258, 0.02952755905511821738 ) ;
#1007 = VECTOR ( 'NONE', #1886, 39.37007874015748143 ) ;
#1008 = CARTESIAN_POINT ( 'NONE',  ( -1.211086184345512740, -1.780185950522920502, 0.9845124630745050176 ) ) ;
#1009 = DIRECTION ( 'NONE',  ( 0.1277750232610346814, 0.9902564302730190171, 0.05536917674644837445 ) ) ;
#1010 = DIRECTION ( 'NONE',  ( 0.1099041199491679055, -0.9928005502074840338, -0.04762511864463941924 ) ) ;
#1011 = ORIENTED_EDGE ( 'NONE', *, *, #853, .T. ) ;
#1012 = CYLINDRICAL_SURFACE ( 'NONE', #2004, 0.02952755905511802656 ) ;
#1013 = PLANE ( 'NONE',  #779 ) ;
#1014 = PLANE ( 'NONE',  #1838 ) ;
#1015 = ORIENTED_EDGE ( 'NONE', *, *, #1958, .T. ) ;
#1016 = EDGE_CURVE ( 'NONE', #3017, #2931, #2034, .T. ) ;
#1017 = DIRECTION ( 'NONE',  ( 0.9946072949070619007, -0.1036924975315041964, -0.002048138993275080370 ) ) ;
#1018 = ADVANCED_FACE ( 'NONE', ( #236 ), #2603, .F. ) ;
#1019 = ORIENTED_EDGE ( 'NONE', *, *, #2524, .F. ) ;
#1020 = ORIENTED_EDGE ( 'NONE', *, *, #1637, .T. ) ;
#1021 = DIRECTION ( 'NONE',  ( -0.1144829714633203988, 0.9921857526821100670, 0.04960928763410551307 ) ) ;
#1022 = CLOSED_SHELL ( 'NONE', ( #2790, #2728, #2113, #389, #2945, #735 ) ) ;
#1023 = CARTESIAN_POINT ( 'NONE',  ( -5.463695987328526437E-16, -9.842519685039377464, 0.4724409448818890911 ) ) ;
#1024 = CARTESIAN_POINT ( 'NONE',  ( 0.000000000000000000, -9.842519685039373911, 0.4724409448818896462 ) ) ;
#1025 = AXIS2_PLACEMENT_3D ( 'NONE', #2957, #1579, #2631 ) ;
#1026 = DIRECTION ( 'NONE',  ( -0.9995886390183297276, -0.02868018036001943050, 0.000000000000000000 ) ) ;
#1027 = EDGE_LOOP ( 'NONE', ( #1248, #2600 ) ) ;
#1028 = CARTESIAN_POINT ( 'NONE',  ( 1.181340721883910039, 0.6019286845949420872, 0.9843781589223298267 ) ) ;
#1029 = CARTESIAN_POINT ( 'NONE',  ( -0.4822920453676635133, 29.44810709248840297, 0.6299212598425201204 ) ) ;
#1030 =( BOUNDED_CURVE ( )  B_SPLINE_CURVE ( 3, ( #1688, #1290, #1513, #2344 ),
 .UNSPECIFIED., .F., .T. ) 
 B_SPLINE_CURVE_WITH_KNOTS ( ( 4, 4 ),
 ( 5.861119773822790258, 9.000731949431635570 ),
 .UNSPECIFIED. ) 
 CURVE ( )  GEOMETRIC_REPRESENTATION_ITEM ( )  RATIONAL_B_SPLINE_CURVE ( ( 1.000000000000000000, 0.3339934925524268849, 0.3339934925524268849, 1.000000000000000000 ) ) 
 REPRESENTATION_ITEM ( '' )  );
#1031 = ORIENTED_EDGE ( 'NONE', *, *, #555, .F. ) ;
#1032 =( NAMED_UNIT ( * ) PLANE_ANGLE_UNIT ( ) SI_UNIT ( $, .RADIAN. ) );
#1033 = CARTESIAN_POINT ( 'NONE',  ( 1.181554413929556846, -1.564890404875979968, 0.9844912900053188753 ) ) ;
#1034 = EDGE_CURVE ( 'NONE', #3369, #256, #729, .T. ) ;
#1035 = EDGE_CURVE ( 'NONE', #1385, #2339, #230, .T. ) ;
#1036 = ORIENTED_EDGE ( 'NONE', *, *, #214, .F. ) ;
#1037 = EDGE_LOOP ( 'NONE', ( #2472, #1155, #2698, #3060, #1991 ) ) ;
#1038 = CARTESIAN_POINT ( 'NONE',  ( 1.210677596932846711, 0.6089952176333472966, 0.9843535372790128690 ) ) ;
#1039 = ORIENTED_EDGE ( 'NONE', *, *, #652, .T. ) ;
#1040 = DIRECTION ( 'NONE',  ( -0.02867687493180140837, 0.9994734351230785130, -0.01518187496389486468 ) ) ;
#1041 = CARTESIAN_POINT ( 'NONE',  ( -0.5118110236220475562, 18.42519685039369293, 0.6299212598425195653 ) ) ;
#1042 = CARTESIAN_POINT ( 'NONE',  ( -1.210705901357401304, -0.9068792524787101517, 0.9843344534516572653 ) ) ;
#1043 = ORIENTED_EDGE ( 'NONE', *, *, #2660, .T. ) ;
#1044 = DIRECTION ( 'NONE',  ( -0.03904230783660001675, -0.9990237593482942380, 0.02066945708996472189 ) ) ;
#1045 = CARTESIAN_POINT ( 'NONE',  ( 1.151766794937582938, 1.900887751283633964, 0.9843493449763174308 ) ) ;
#1046 = CARTESIAN_POINT ( 'NONE',  ( 1.210661314585536052, 2.341415844190318118, 0.9843252611862116641 ) ) ;
#1047 = ORIENTED_EDGE ( 'NONE', *, *, #1099, .T. ) ;
#1048 = LINE ( 'NONE', #790, #2260 ) ;
#1049 =( BOUNDED_CURVE ( )  B_SPLINE_CURVE ( 3, ( #522, #1555, #2610, #189 ),
 .UNSPECIFIED., .F., .T. ) 
 B_SPLINE_CURVE_WITH_KNOTS ( ( 4, 4 ),
 ( 0.4238995297601860224, 3.563578170141228352 ),
 .UNSPECIFIED. ) 
 CURVE ( )  GEOMETRIC_REPRESENTATION_ITEM ( )  RATIONAL_B_SPLINE_CURVE ( ( 1.000000000000000000, 0.3339713376388629418, 0.3339713376388629418, 1.000000000000000000 ) ) 
 REPRESENTATION_ITEM ( '' )  );
#1050 = CIRCLE ( 'NONE', #2853, 0.02952755905511797105 ) ;
#1051 = EDGE_LOOP ( 'NONE', ( #1415, #275, #1494, #1416, #2850 ) ) ;
#1052 = ORIENTED_EDGE ( 'NONE', *, *, #1035, .T. ) ;
#1053 = AXIS2_PLACEMENT_3D ( 'NONE', #2844, #187, #535 ) ;
#1054 = CARTESIAN_POINT ( 'NONE',  ( -0.5118110236220475562, 18.42519685039369293, 0.6299212598425195653 ) ) ;
#1055 = ORIENTED_EDGE ( 'NONE', *, *, #2057, .T. ) ;
#1056 = LINE ( 'NONE', #2106, #180 ) ;
#1057 = VECTOR ( 'NONE', #1710, 39.37007874015747433 ) ;
#1058 = DIRECTION ( 'NONE',  ( -0.9909522691491214896, 0.1342147542865800847, 0.000000000000000000 ) ) ;
#1059 = EDGE_CURVE ( 'NONE', #471, #1200, #781, .T. ) ;
#1060 = ORIENTED_EDGE ( 'NONE', *, *, #1102, .T. ) ;
#1061 = EDGE_CURVE ( 'NONE', #2078, #143, #1747, .T. ) ;
#1062 = VECTOR ( 'NONE', #1738, 39.37007874015748143 ) ;
#1063 = CYLINDRICAL_SURFACE ( 'NONE', #1210, 0.02952755905511814452 ) ;
#1064 = DIRECTION ( 'NONE',  ( 0.9925098280786682770, -0.1221340019400178056, -0.002743489997819584334 ) ) ;
#1065 = CARTESIAN_POINT ( 'NONE',  ( 1.151532193518119973, 1.044511316973879778, 0.9842021975917432108 ) ) ;
#1066 = CIRCLE ( 'NONE', #1496, 0.02952755905511809942 ) ;
#1067 = PLANE ( 'NONE',  #2124 ) ;
#1068 = VERTEX_POINT ( 'NONE', #3404 ) ;
#1069 = CARTESIAN_POINT ( 'NONE',  ( -0.02933294101981527569, -9.845904255157051921, 0.4724409448818888135 ) ) ;
#1070 = ORIENTED_EDGE ( 'NONE', *, *, #1240, .F. ) ;
#1071 = ORIENTED_EDGE ( 'NONE', *, *, #2736, .T. ) ;
#1072 =( BOUNDED_CURVE ( )  B_SPLINE_CURVE ( 3, ( #1311, #1330, #861, #38 ),
 .UNSPECIFIED., .F., .T. ) 
 B_SPLINE_CURVE_WITH_KNOTS ( ( 4, 4 ),
 ( 0.4225556254256397359, 0.4249210941740796943 ),
 .UNSPECIFIED. ) 
 CURVE ( )  GEOMETRIC_REPRESENTATION_ITEM ( )  RATIONAL_B_SPLINE_CURVE ( ( 1.000000000000000000, 0.9999995337131877271, 0.9999995337131877271, 1.000000000000000000 ) ) 
 REPRESENTATION_ITEM ( '' )  );
#1073 = CARTESIAN_POINT ( 'NONE',  ( 1.639108796198557931E-15, -9.842519685039379240, 0.4724409448818890911 ) ) ;
#1074 = ORIENTED_EDGE ( 'NONE', *, *, #3250, .F. ) ;
#1075 = DIRECTION ( 'NONE',  ( -0.1308087029401943380, 0.9897858522474705101, 0.05668377127408422839 ) ) ;
#1076 = CARTESIAN_POINT ( 'NONE',  ( 1.210668197348373054, 1.475208965849990284, 0.9842770794117325917 ) ) ;
#1077 = ORIENTED_EDGE ( 'NONE', *, *, #2561, .T. ) ;
#1078 = AXIS2_PLACEMENT_3D ( 'NONE', #1503, #1811, #1760 ) ;
#1079 = EDGE_CURVE ( 'NONE', #1848, #3206, #2465, .T. ) ;
#1080 = CARTESIAN_POINT ( 'NONE',  ( -0.5118110236220471121, 11.81102362204723910, 0.6299212598425201204 ) ) ;
#1081 = EDGE_CURVE ( 'NONE', #2097, #1104, #2638, .T. ) ;
#1082 = LINE ( 'NONE', #2230, #1262 ) ;
#1083 = ADVANCED_FACE ( 'NONE', ( #2671 ), #322, .T. ) ;
#1084 = DIRECTION ( 'NONE',  ( -0.9997714481811947884, 0.02137876052713913802, 0.000000000000000000 ) ) ;
#1085 = AXIS2_PLACEMENT_3D ( 'NONE', #2966, #1571, #2150 ) ;
#1086 =( BOUNDED_CURVE ( )  B_SPLINE_CURVE ( 3, ( #746, #2311, #3385, #2839 ),
 .UNSPECIFIED., .F., .T. ) 
 B_SPLINE_CURVE_WITH_KNOTS ( ( 4, 4 ),
 ( 3.563578170141228352, 3.565492183349928457 ),
 .UNSPECIFIED. ) 
 CURVE ( )  GEOMETRIC_REPRESENTATION_ITEM ( )  RATIONAL_B_SPLINE_CURVE ( ( 1.000000000000000000, 0.9999996947128098057, 0.9999996947128098057, 1.000000000000000000 ) ) 
 REPRESENTATION_ITEM ( '' )  );
#1087 = DIRECTION ( 'NONE',  ( -0.02410450479597335896, -0.9996279930094829069, 0.01276120842139765593 ) ) ;
#1088 = ORIENTED_EDGE ( 'NONE', *, *, #1304, .T. ) ;
#1089 = CARTESIAN_POINT ( 'NONE',  ( 1.210575288409973860, 2.340528340812435548, 1.043289041132448691 ) ) ;
#1090 = ORIENTED_EDGE ( 'NONE', *, *, #1423, .T. ) ;
#1091 = ORIENTED_EDGE ( 'NONE', *, *, #3207, .F. ) ;
#1092 = FACE_OUTER_BOUND ( 'NONE', #717, .T. ) ;
#1093 = EDGE_LOOP ( 'NONE', ( #3, #126, #1405, #624, #828 ) ) ;
#1094 = CARTESIAN_POINT ( 'NONE',  ( -1.210674925590928153, 0.8255488026650775746, 0.9843491584270833705 ) ) ;
#1095 = DIRECTION ( 'NONE',  ( 0.9955007212558230068, 0.09473815173466364203, 0.001731064711738471802 ) ) ;
#1096 = ORIENTED_EDGE ( 'NONE', *, *, #1676, .F. ) ;
#1097 = CARTESIAN_POINT ( 'NONE',  ( -1.151838956100518230, 0.3844036689663754003, 0.9843848663462336779 ) ) ;
#1098 = DIRECTION ( 'NONE',  ( -0.09990499666730634498, -0.9940547168396984823, -0.04329216522249944299 ) ) ;
#1099 = EDGE_CURVE ( 'NONE', #2456, #3255, #949, .T. ) ;
#1100 = FACE_OUTER_BOUND ( 'NONE', #44, .T. ) ;
#1101 = LINE ( 'NONE', #2182, #2319 ) ;
#1102 = EDGE_CURVE ( 'NONE', #3397, #1457, #1755, .T. ) ;
#1103 = EDGE_CURVE ( 'NONE', #86, #1119, #1522, .T. ) ;
#1104 = VERTEX_POINT ( 'NONE', #2635 ) ;
#1105 = VERTEX_POINT ( 'NONE', #1374 ) ;
#1106 = DIRECTION ( 'NONE',  ( 0.9900202840505839541, -0.1408828524173494356, -0.003443699050795228419 ) ) ;
#1107 = VECTOR ( 'NONE', #2402, 39.37007874015748854 ) ;
#1108 = ORIENTED_EDGE ( 'NONE', *, *, #3065, .F. ) ;
#1109 = DIRECTION ( 'NONE',  ( -0.1194565146275036877, 0.9914890714082806866, 0.05176448967191828177 ) ) ;
#1110 = AXIS2_PLACEMENT_3D ( 'NONE', #626, #1666, #3136 ) ;
#1111 = ORIENTED_EDGE ( 'NONE', *, *, #1763, .F. ) ;
#1112 = CARTESIAN_POINT ( 'NONE',  ( -1.151544794930945415, 2.560142776249788810, 0.9842154555092569312 ) ) ;
#1113 = FACE_OUTER_BOUND ( 'NONE', #2647, .T. ) ;
#1114 = FACE_OUTER_BOUND ( 'NONE', #1458, .T. ) ;
#1115 = AXIS2_PLACEMENT_3D ( 'NONE', #2229, #3062, #2279 ) ;
#1116 = CARTESIAN_POINT ( 'NONE',  ( 1.210691247935377746, -0.2572189278753296837, 0.9842933736476948692 ) ) ;
#1117 = VECTOR ( 'NONE', #2618, 39.37007874015748143 ) ;
#1118 = DIRECTION ( 'NONE',  ( -0.9996446339617707233, -0.02665719023898135281, 0.000000000000000000 ) ) ;
#1119 = VERTEX_POINT ( 'NONE', #33 ) ;
#1120 = EDGE_CURVE ( 'NONE', #1221, #16, #612, .T. ) ;
#1121 = ORIENTED_EDGE ( 'NONE', *, *, #470, .T. ) ;
#1122 = DIRECTION ( 'NONE',  ( 0.04619526842021269564, -0.9986330084957751874, 0.02445631857540674081 ) ) ;
#1123 = ORIENTED_EDGE ( 'NONE', *, *, #1805, .T. ) ;
#1124 = DIRECTION ( 'NONE',  ( -0.9943889131791134872, -0.1057860545935119106, 0.000000000000000000 ) ) ;
#1125 = CARTESIAN_POINT ( 'NONE',  ( -1.210670229942030662, 1.258655225279578627, 0.9843412310017877198 ) ) ;
#1126 = CARTESIAN_POINT ( 'NONE',  ( 1.210668159257931586, 1.475208002869743407, 0.9843376350238106642 ) ) ;
#1127 = LINE ( 'NONE', #358, #2694 ) ;
#1128 = DIRECTION ( 'NONE',  ( 0.1277750232610346814, 0.9902564302730190171, 0.05536917674644837445 ) ) ;
#1129 = CARTESIAN_POINT ( 'NONE',  ( 1.151543380049532939, 2.343622728293369040, 0.9842315488916997257 ) ) ;
#1130 = CIRCLE ( 'NONE', #3044, 0.02952755905511819309 ) ;
#1131 = CARTESIAN_POINT ( 'NONE',  ( 1.151492806418847437, -1.120662131395114169, 0.9841006683775684882 ) ) ;
#1132 = VECTOR ( 'NONE', #1970, 39.37007874015748854 ) ;
#1133 = CARTESIAN_POINT ( 'NONE',  ( 1.210664512348635924, 1.908313472226332408, 0.9842745476721995734 ) ) ;
#1134 = VERTEX_POINT ( 'NONE', #3231 ) ;
#1135 = EDGE_LOOP ( 'NONE', ( #834, #2351, #2204, #3295, #920 ) ) ;
#1136 = DIRECTION ( 'NONE',  ( 0.02410450479597334855, 0.9996279930094827959, -0.01276120842139765420 ) ) ;
#1137 = ADVANCED_FACE ( 'NONE', ( #1825 ), #2127, .T. ) ;
#1138 = EDGE_CURVE ( 'NONE', #436, #3189, #1988, .T. ) ;
#1139 = ORIENTED_EDGE ( 'NONE', *, *, #3241, .T. ) ;
#1140 = EDGE_LOOP ( 'NONE', ( #2255, #1204, #690, #2636, #703 ) ) ;
#1141 = DIRECTION ( 'NONE',  ( 0.1408291628931850892, 0.9881512929671820711, 0.06102597058704688215 ) ) ;
#1142 = APPLICATION_CONTEXT ( 'configuration controlled 3d designs of mechanical parts and assemblies' ) ;
#1143 = CARTESIAN_POINT ( 'NONE',  ( -1.210705879841828647, -0.9068787019331817634, 0.9843041056342251016 ) ) ;
#1144 = DIRECTION ( 'NONE',  ( -0.9996899294595464891, -0.02490070153965400629, 0.000000000000000000 ) ) ;
#1145 = CARTESIAN_POINT ( 'NONE',  ( -1.151517398836929829, -0.03807417459214374605, 0.9841612942461570590 ) ) ;
#1146 = FACE_OUTER_BOUND ( 'NONE', #564, .T. ) ;
#1147 = CARTESIAN_POINT ( 'NONE',  ( -0.02938482259953643233, -9.845419503059066102, 0.4724409448818907564 ) ) ;
#1148 = CARTESIAN_POINT ( 'NONE',  ( 1.151540212060812918, 1.910584165568942394, 0.9842293893356744983 ) ) ;
#1149 = DIRECTION ( 'NONE',  ( 0.9941741111661631658, -0.1077636597061153861, -0.002197802018767991937 ) ) ;
#1150 = VERTEX_POINT ( 'NONE', #255 ) ;
#1151 = ORIENTED_EDGE ( 'NONE', *, *, #2322, .T. ) ;
#1152 = DIRECTION ( 'NONE',  ( -0.1077484102690477730, -0.9930811813130568932, -0.04669097778325404652 ) ) ;
#1153 = CARTESIAN_POINT ( 'NONE',  ( -0.5413105704379078675, 14.01703390917777980, 0.6299212598425201204 ) ) ;
#1154 = ORIENTED_EDGE ( 'NONE', *, *, #935, .T. ) ;
#1155 = ORIENTED_EDGE ( 'NONE', *, *, #759, .T. ) ;
#1156 = CARTESIAN_POINT ( 'NONE',  ( -0.5118110236220475562, 18.42519685039369293, 0.6299212598425195653 ) ) ;
#1157 =( BOUNDED_CURVE ( )  B_SPLINE_CURVE ( 3, ( #3323, #2007, #897, #1935 ),
 .UNSPECIFIED., .F., .T. ) 
 B_SPLINE_CURVE_WITH_KNOTS ( ( 4, 4 ),
 ( 5.857588767155638365, 5.860233868315847694 ),
 .UNSPECIFIED. ) 
 CURVE ( )  GEOMETRIC_REPRESENTATION_ITEM ( )  RATIONAL_B_SPLINE_CURVE ( ( 1.000000000000000000, 0.9999994169534059951, 0.9999994169534059951, 1.000000000000000000 ) ) 
 REPRESENTATION_ITEM ( '' )  );
#1158 = DIRECTION ( 'NONE',  ( 0.1277750232610346814, 0.9902564302730190171, 0.05536917674644837445 ) ) ;
#1159 = DIRECTION ( 'NONE',  ( -0.9990513188304780412, 0.04354839082081531781, 0.000000000000000000 ) ) ;
#1160 = EDGE_CURVE ( 'NONE', #56, #1848, #2128, .T. ) ;
#1161 = VECTOR ( 'NONE', #3047, 39.37007874015748854 ) ;
#1162 = CARTESIAN_POINT ( 'NONE',  ( 1.151477985508381874, -1.553703922883177935, 0.9840820162647881952 ) ) ;
#1163 = CARTESIAN_POINT ( 'NONE',  ( 1.210711917990602071, -1.123432356793858888, 0.9844032686303052504 ) ) ;
#1164 = EDGE_CURVE ( 'NONE', #16, #1221, #1425, .T. ) ;
#1165 = AXIS2_PLACEMENT_3D ( 'NONE', #2403, #2917, #2180 ) ;
#1166 = CARTESIAN_POINT ( 'NONE',  ( -1.092739197465705287E-15, -9.842519685039373911, 0.4724409448818907564 ) ) ;
#1167 = CARTESIAN_POINT ( 'NONE',  ( 1.151536527061077120, 1.477546939661814607, 0.9842268575961421462 ) ) ;
#1168 = VECTOR ( 'NONE', #2188, 39.37007874015747433 ) ;
#1169 = AXIS2_PLACEMENT_3D ( 'NONE', #2527, #958, #1997 ) ;
#1170 = VERTEX_POINT ( 'NONE', #519 ) ;
#1171 = VERTEX_POINT ( 'NONE', #979 ) ;
#1172 = DIRECTION ( 'NONE',  ( 0.9951720153572318761, 0.09812869695857712182, 0.001848968100575296451 ) ) ;
#1173 = FACE_OUTER_BOUND ( 'NONE', #1140, .T. ) ;
#1174 = VERTEX_POINT ( 'NONE', #1482 ) ;
#1175 = VERTEX_POINT ( 'NONE', #2317 ) ;
#1176 = DIRECTION ( 'NONE',  ( 0.02335953376323146938, -0.9996506360441690386, 0.01236681199229901044 ) ) ;
#1177 = DIRECTION ( 'NONE',  ( 0.9992372324420246699, -0.03905065046325154748, 0.000000000000000000 ) ) ;
#1178 =( BOUNDED_CURVE ( )  B_SPLINE_CURVE ( 3, ( #2076, #1783, #2849, #505 ),
 .UNSPECIFIED., .F., .T. ) 
 B_SPLINE_CURVE_WITH_KNOTS ( ( 4, 4 ),
 ( 0.4236292702197053117, 3.563431723937874995 ),
 .UNSPECIFIED. ) 
 CURVE ( )  GEOMETRIC_REPRESENTATION_ITEM ( )  RATIONAL_B_SPLINE_CURVE ( ( 1.000000000000000000, 0.3339300665441903293, 0.3339300665441903293, 1.000000000000000000 ) ) 
 REPRESENTATION_ITEM ( '' )  );
#1179 = CARTESIAN_POINT ( 'NONE',  ( 1.151520935962813130, 0.1784418863252520970, 0.9842159203758029662 ) ) ;
#1180 = DIRECTION ( 'NONE',  ( 0.9943969575826375751, 0.1056891263210664317, 0.002121161918308233155 ) ) ;
#1181 = ADVANCED_FACE ( 'NONE', ( #3372 ), #1794, .T. ) ;
#1182 = EDGE_CURVE ( 'NONE', #420, #1531, #2798, .T. ) ;
#1183 = DIRECTION ( 'NONE',  ( -0.1339883342180221704, -0.9892805343097297310, -0.05806161149447623682 ) ) ;
#1184 = DIRECTION ( 'NONE',  ( -0.9913798100567012828, -0.1310193581572547394, 0.000000000000000000 ) ) ;
#1185 = VECTOR ( 'NONE', #2088, 39.37007874015748854 ) ;
#1186 = DIRECTION ( 'NONE',  ( -0.1121471818463147113, -0.9925025593398856261, -0.04859711213340305036 ) ) ;
#1187 = EDGE_CURVE ( 'NONE', #2492, #1994, #3294, .T. ) ;
#1188 = ORIENTED_EDGE ( 'NONE', *, *, #2416, .T. ) ;
#1189 = DIRECTION ( 'NONE',  ( -0.1339883342180221704, -0.9892805343097297310, -0.05806161149447623682 ) ) ;
#1190 = ORIENTED_EDGE ( 'NONE', *, *, #1527, .F. ) ;
#1191 = EDGE_LOOP ( 'NONE', ( #191, #1868 ) ) ;
#1192 = CARTESIAN_POINT ( 'NONE',  ( 5.463695987328526437E-16, -9.842519685039373911, 0.4724409448818896462 ) ) ;
#1193 = CARTESIAN_POINT ( 'NONE',  ( 1.639108796198557931E-15, -9.842519685039379240, 0.4724409448818888135 ) ) ;
#1194 = CARTESIAN_POINT ( 'NONE',  ( -1.210659924036878721, 2.557967714446652607, 0.9842714251033057860 ) ) ;
#1195 = CARTESIAN_POINT ( 'NONE',  ( 1.210652286229216612, 0.1769033790442295917, 0.9253583758441634721 ) ) ;
#1196 = DIRECTION ( 'NONE',  ( -0.1445149746547933489, 0.9875189934744212916, 0.06262315568374379748 ) ) ;
#1197 = CARTESIAN_POINT ( 'NONE',  ( -0.02938981542171521452, -9.839670914562301363, 0.4724409448818893686 ) ) ;
#1198 = CARTESIAN_POINT ( 'NONE',  ( -1.151529798818520245, 0.8279945044215381023, 0.9841547785807908122 ) ) ;
#1199 = FACE_OUTER_BOUND ( 'NONE', #219, .T. ) ;
#1200 = VERTEX_POINT ( 'NONE', #1349 ) ;
#1201 = EDGE_CURVE ( 'NONE', #1900, #2120, #1569, .T. ) ;
#1202 = FACE_OUTER_BOUND ( 'NONE', #2143, .T. ) ;
#1203 = ADVANCED_FACE ( 'NONE', ( #2676 ), #1309, .T. ) ;
#1204 = ORIENTED_EDGE ( 'NONE', *, *, #699, .T. ) ;
#1205 = VERTEX_POINT ( 'NONE', #3179 ) ;
#1206 = CARTESIAN_POINT ( 'NONE',  ( -5.463695987328526437E-16, -9.842519685039370358, 0.4724409448818899238 ) ) ;
#1207 = CARTESIAN_POINT ( 'NONE',  ( 1.151780010257274389, 1.467771805461537182, 0.9843557604647171777 ) ) ;
#1208 = CARTESIAN_POINT ( 'NONE',  ( 0.02921637000396089603, -9.838244118697335949, 0.4724409448818895352 ) ) ;
#1209 = DIRECTION ( 'NONE',  ( 0.03712567008239096161, -0.9991172978055207210, 0.01965476651420696927 ) ) ;
#1210 = AXIS2_PLACEMENT_3D ( 'NONE', #1827, #2876, #534 ) ;
#1211 = ORIENTED_EDGE ( 'NONE', *, *, #1220, .T. ) ;
#1212 = CARTESIAN_POINT ( 'NONE',  ( 0.5118110236220473341, 28.34645669291339587, 0.6299212598425198983 ) ) ;
#1213 = DIRECTION ( 'NONE',  ( -0.1077484102690477730, -0.9930811813130568932, -0.04669097778325404652 ) ) ;
#1214 = AXIS2_PLACEMENT_3D ( 'NONE', #343, #362, #317 ) ;
#1215 = CARTESIAN_POINT ( 'NONE',  ( 1.151557931128365020, 1.043546156589768792, 1.043168783242001352 ) ) ;
#1216 = ORIENTED_EDGE ( 'NONE', *, *, #3050, .F. ) ;
#1217 = AXIS2_PLACEMENT_3D ( 'NONE', #2732, #382, #1417 ) ;
#1218 = AXIS2_PLACEMENT_3D ( 'NONE', #614, #1881, #1084 ) ;
#1219 = DIRECTION ( 'NONE',  ( 0.02867687493180144306, -0.9994734351230785130, 0.01518187496389487162 ) ) ;
#1220 = EDGE_CURVE ( 'NONE', #723, #3108, #2689, .T. ) ;
#1221 = VERTEX_POINT ( 'NONE', #549 ) ;
#1222 = VERTEX_POINT ( 'NONE', #81 ) ;
#1223 = ADVANCED_FACE ( 'NONE', ( #2111 ), #1378, .T. ) ;
#1224 = CARTESIAN_POINT ( 'NONE',  ( 0.000000000000000000, -9.842519685039366806, 0.4724409448818893686 ) ) ;
#1225 = AXIS2_PLACEMENT_3D ( 'NONE', #1495, #1021, #2341 ) ;
#1226 = DIRECTION ( 'NONE',  ( -0.9947990956151793185, -0.1018565626909788968, 0.000000000000000000 ) ) ;
#1227 = DIRECTION ( 'NONE',  ( -0.9997579454981768698, -0.02200114572617489425, 0.000000000000000000 ) ) ;
#1228 = CARTESIAN_POINT ( 'NONE',  ( 1.210646793281087596, 1.043068016638579287, 0.9253351537658688342 ) ) ;
#1229 = ORIENTED_EDGE ( 'NONE', *, *, #3331, .F. ) ;
#1230 = DIRECTION ( 'NONE',  ( 0.02867687493180144306, -0.9994734351230785130, 0.01518187496389486989 ) ) ;
#1231 = DIRECTION ( 'NONE',  ( -0.1308087029401943102, 0.9897858522474703991, 0.05668377127408422145 ) ) ;
#1232 = CARTESIAN_POINT ( 'NONE',  ( -1.151562329350849900, 2.126199963922543290, 1.043191597158079409 ) ) ;
#1233 = ORIENTED_EDGE ( 'NONE', *, *, #1956, .T. ) ;
#1234 = CALENDAR_DATE ( 2026, 2, 7 ) ;
#1235 = AXIS2_PLACEMENT_3D ( 'NONE', #2350, #3124, #2863 ) ;
#1236 = VERTEX_POINT ( 'NONE', #859 ) ;
#1237 = ORIENTED_EDGE ( 'NONE', *, *, #384, .T. ) ;
#1238 = DIRECTION ( 'NONE',  ( -0.03235924008452871481, -0.9993294731986799295, 0.01713136239769164071 ) ) ;
#1239 = ADVANCED_FACE ( 'NONE', ( #2132 ), #2163, .T. ) ;
#1240 = EDGE_CURVE ( 'NONE', #789, #2872, #2750, .T. ) ;
#1241 = CARTESIAN_POINT ( 'NONE',  ( -1.151534458728118882, 1.261029478141080906, 0.9841836119880099654 ) ) ;
#1242 = CARTESIAN_POINT ( 'NONE',  ( -1.151556768805351849, 0.8270160459209896509, 1.043163447497691632 ) ) ;
#1243 = CARTESIAN_POINT ( 'NONE',  ( -1.151760804549726069, 2.117443705148584598, 0.9843464256321206030 ) ) ;
#1244 = VERTEX_POINT ( 'NONE', #785 ) ;
#1245 = CARTESIAN_POINT ( 'NONE',  ( -1.210666283362662465, 1.691761382328789143, 0.9842757618058189939 ) ) ;
#1246 = DIRECTION ( 'NONE',  ( 0.9913979885109447387, 0.1308455698271574208, 0.003076561889361431081 ) ) ;
#1247 = LINE ( 'NONE', #981, #316 ) ;
#1248 = ORIENTED_EDGE ( 'NONE', *, *, #2354, .F. ) ;
#1249 = CYLINDRICAL_SURFACE ( 'NONE', #2157, 0.02952755905511808554 ) ;
#1250 = ORIENTED_EDGE ( 'NONE', *, *, #282, .T. ) ;
#1251 = EDGE_LOOP ( 'NONE', ( #2323, #2720 ) ) ;
#1252 = CARTESIAN_POINT ( 'NONE',  ( 1.210691184645985130, -0.2572203528961364838, 0.9843745343043042162 ) ) ;
#1253 = CARTESIAN_POINT ( 'NONE',  ( 1.639108796198557931E-15, -9.842519685039379240, 0.4724409448818888135 ) ) ;
#1254 = DIRECTION ( 'NONE',  ( 0.9996684386178997794, -0.02574903554020127605, 0.000000000000000000 ) ) ;
#1255 = VERTEX_POINT ( 'NONE', #1829 ) ;
#1256 = CARTESIAN_POINT ( 'NONE',  ( 0.5118110236220468900, 23.93700787401575525, 0.6299212598425200094 ) ) ;
#1257 = EDGE_CURVE ( 'NONE', #2220, #3170, #3308, .T. ) ;
#1258 = AXIS2_PLACEMENT_3D ( 'NONE', #1754, #1274, #3102 ) ;
#1259 = EDGE_CURVE ( 'NONE', #1903, #1994, #2877, .T. ) ;
#1260 = CARTESIAN_POINT ( 'NONE',  ( -1.092739197465705287E-15, -9.842519685039370358, 0.4724409448818896462 ) ) ;
#1261 =( BOUNDED_CURVE ( )  B_SPLINE_CURVE ( 3, ( #1882, #279, #2663, #1910 ),
 .UNSPECIFIED., .F., .T. ) 
 B_SPLINE_CURVE_WITH_KNOTS ( ( 4, 4 ),
 ( 2.715459571952289597, 2.718313785860452025 ),
 .UNSPECIFIED. ) 
 CURVE ( )  GEOMETRIC_REPRESENTATION_ITEM ( )  RATIONAL_B_SPLINE_CURVE ( ( 1.000000000000000000, 0.9999993211220290501, 0.9999993211220290501, 1.000000000000000000 ) ) 
 REPRESENTATION_ITEM ( '' )  );
#1262 = VECTOR ( 'NONE', #2211, 39.37007874015748854 ) ;
#1263 = CARTESIAN_POINT ( 'NONE',  ( -0.4822910469471473061, 31.65287418761530347, 0.6299212598425200094 ) ) ;
#1264 = ORIENTED_EDGE ( 'NONE', *, *, #2837, .F. ) ;
#1265 = PERSON_AND_ORGANIZATION_ROLE ( 'creator' ) ;
#1266 = CARTESIAN_POINT ( 'NONE',  ( 0.5118110236220470011, 21.73228346456694027, 0.6299212598425198983 ) ) ;
#1267 = AXIS2_PLACEMENT_3D ( 'NONE', #2765, #1189, #1471 ) ;
#1268 = AXIS2_PLACEMENT_3D ( 'NONE', #2711, #1610, #314 ) ;
#1269 = EDGE_LOOP ( 'NONE', ( #3167, #1750, #85, #560, #1960 ) ) ;
#1270 = EDGE_LOOP ( 'NONE', ( #333, #1588, #706, #2959, #1748 ) ) ;
#1271 = CARTESIAN_POINT ( 'NONE',  ( -1.210735897061120392, -1.773077179163192296, 0.9843270168651208074 ) ) ;
#1272 = CARTESIAN_POINT ( 'NONE',  ( -0.02932452584530780004, -9.839062962935788192, 0.4724409448818902013 ) ) ;
#1273 = CARTESIAN_POINT ( 'NONE',  ( -0.02936810508426702590, -9.839455187117538415, 0.4724409448818890911 ) ) ;
#1274 = DIRECTION ( 'NONE',  ( -0.1339883342180221426, -0.9892805343097297310, -0.05806161149447622988 ) ) ;
#1275 = ORIENTED_EDGE ( 'NONE', *, *, #974, .T. ) ;
#1276 = DIRECTION ( 'NONE',  ( -0.02489853814710874316, 0.9996030756118655658, -0.01318157901905757032 ) ) ;
#1277 = CARTESIAN_POINT ( 'NONE',  ( 1.210691242964708092, -0.2572198795425018614, 0.9843474808637456830 ) ) ;
#1278 = ADVANCED_FACE ( 'NONE', ( #1113 ), #2639, .T. ) ;
#1279 = EDGE_CURVE ( 'NONE', #812, #3169, #694, .T. ) ;
#1280 = DIRECTION ( 'NONE',  ( -0.1373245821369522002, 0.9887369913860558635, 0.05950731892601262424 ) ) ;
#1281 = VERTEX_POINT ( 'NONE', #2916 ) ;
#1282 = CARTESIAN_POINT ( 'NONE',  ( -1.151468920705256194, -1.770227965517685575, 0.9840712375225503239 ) ) ;
#1283 = DIRECTION ( 'NONE',  ( -0.1121471818463147113, -0.9925025593398856261, -0.04859711213340305036 ) ) ;
#1284 =( BOUNDED_CURVE ( )  B_SPLINE_CURVE ( 3, ( #752, #1277, #3391, #2829 ),
 .UNSPECIFIED., .F., .T. ) 
 B_SPLINE_CURVE_WITH_KNOTS ( ( 4, 4 ),
 ( 0.4231076031875398713, 0.4258549453497417758 ),
 .UNSPECIFIED. ) 
 CURVE ( )  GEOMETRIC_REPRESENTATION_ITEM ( )  RATIONAL_B_SPLINE_CURVE ( ( 1.000000000000000000, 0.9999993710093525445, 0.9999993710093525445, 1.000000000000000000 ) ) 
 REPRESENTATION_ITEM ( '' )  );
#1285 = ADVANCED_FACE ( 'NONE', ( #803 ), #1328, .T. ) ;
#1286 = ORIENTED_EDGE ( 'NONE', *, *, #1103, .F. ) ;
#1287 = ORIENTED_EDGE ( 'NONE', *, *, #366, .F. ) ;
#1288 = CARTESIAN_POINT ( 'NONE',  ( 1.151548597560415610, -0.2556302337401562541, 1.043131853834512013 ) ) ;
#1289 = CLOSED_SHELL ( 'NONE', ( #741, #1450, #1631, #1909, #190, #8 ) ) ;
#1290 = CARTESIAN_POINT ( 'NONE',  ( -1.210571743971226244, 1.690837479082244244, 1.043289050825933817 ) ) ;
#1291 = CARTESIAN_POINT ( 'NONE',  ( 1.639108796198557931E-15, -9.842519685039379240, 0.4724409448818890911 ) ) ;
#1292 = CARTESIAN_POINT ( 'NONE',  ( 1.151492702182252525, -1.120663276807218445, 0.9841637276583571348 ) ) ;
#1293 = ORIENTED_EDGE ( 'NONE', *, *, #701, .T. ) ;
#1294 = DIRECTION ( 'NONE',  ( 0.9995555442556012249, -0.02981130570586882494, 0.000000000000000000 ) ) ;
#1295 = CARTESIAN_POINT ( 'NONE',  ( 1.210672530891328647, 1.042102856254468524, 0.9843017394161307498 ) ) ;
#1296 = CARTESIAN_POINT ( 'NONE',  ( 0.02930597828656661408, -9.846130277846748768, 0.4724409448818895907 ) ) ;
#1297 = CARTESIAN_POINT ( 'NONE',  ( -1.210574103914660249, 2.123965214267522494, 1.043288991256832388 ) ) ;
#1298 = EDGE_LOOP ( 'NONE', ( #1188, #2242, #1293, #1015, #1800 ) ) ;
#1299 = DIRECTION ( 'NONE',  ( -0.04619526842021272339, 0.9986330084957749653, -0.02445631857540673734 ) ) ;
#1300 = EDGE_LOOP ( 'NONE', ( #2667, #1938, #573, #49, #1863 ) ) ;
#1301 = EDGE_CURVE ( 'NONE', #1150, #711, #2578, .T. ) ;
#1302 = ORIENTED_EDGE ( 'NONE', *, *, #736, .T. ) ;
#1303 = CARTESIAN_POINT ( 'NONE',  ( 1.210564169813443947, -0.2582512899535955864, 1.043295375528733748 ) ) ;
#1304 = EDGE_CURVE ( 'NONE', #2048, #3206, #1082, .T. ) ;
#1305 = CARTESIAN_POINT ( 'NONE',  ( 0.000000000000000000, -9.842519685039366806, 0.4724409448818893686 ) ) ;
#1306 = DIRECTION ( 'NONE',  ( 0.1339883342180220593, 0.9892805343097297310, 0.05806161149447623682 ) ) ;
#1307 = ORIENTED_EDGE ( 'NONE', *, *, #3226, .T. ) ;
#1308 = CARTESIAN_POINT ( 'NONE',  ( 0.02923217922138380762, -9.846685791341711180, 0.4724409448818890911 ) ) ;
#1309 = CYLINDRICAL_SURFACE ( 'NONE', #833, 0.02952755905511821738 ) ;
#1310 = DIRECTION ( 'NONE',  ( -0.9995555442556012249, 0.02981130570586794024, 0.000000000000000000 ) ) ;
#1311 = CARTESIAN_POINT ( 'NONE',  ( 1.210677596932846711, 0.6089952176333472966, 0.9843535372790128690 ) ) ;
#1312 = CIRCLE ( 'NONE', #444, 0.02952755905511809942 ) ;
#1313 = VERTEX_POINT ( 'NONE', #2499 ) ;
#1314 = DIRECTION ( 'NONE',  ( -0.09811836179767333133, 0.9942660662164229946, 0.04251795677899177645 ) ) ;
#1315 = ORIENTED_EDGE ( 'NONE', *, *, #2655, .T. ) ;
#1316 = ORIENTED_EDGE ( 'NONE', *, *, #2416, .F. ) ;
#1317 = DIRECTION ( 'NONE',  ( 0.1308087029401943657, -0.9897858522474705101, -0.05668377127408420063 ) ) ;
#1318 = EDGE_CURVE ( 'NONE', #3328, #812, #1502, .T. ) ;
#1319 = CIRCLE ( 'NONE', #345, 0.02952755905511819309 ) ;
#1320 = EDGE_CURVE ( 'NONE', #1509, #2511, #2557, .T. ) ;
#1321 = DIRECTION ( 'NONE',  ( 0.9936867527874772010, -0.1121653026444968670, -0.002362671654644450409 ) ) ;
#1322 = AXIS2_PLACEMENT_3D ( 'NONE', #3291, #1439, #2815 ) ;
#1323 = FACE_OUTER_BOUND ( 'NONE', #2405, .T. ) ;
#1324 = DIRECTION ( 'NONE',  ( 0.9905140156006536634, 0.1373716524991630550, 0.003318732938545343892 ) ) ;
#1325 = EDGE_LOOP ( 'NONE', ( #2985, #489, #793, #26, #2955 ) ) ;
#1326 = CIRCLE ( 'NONE', #3205, 0.02952755905511813064 ) ;
#1327 = DIRECTION ( 'NONE',  ( 0.03380608663490227567, -0.9992681490610815231, 0.01789733998318357097 ) ) ;
#1328 = CYLINDRICAL_SURFACE ( 'NONE', #1591, 0.02952755905511818615 ) ;
#1329 = CARTESIAN_POINT ( 'NONE',  ( 1.151532246180547503, 1.044512023205972140, 0.9841588723022071106 ) ) ;
#1330 = CARTESIAN_POINT ( 'NONE',  ( 1.210677640871614669, 0.6089956064914440192, 0.9843302465996849326 ) ) ;
#1331 = ORIENTED_EDGE ( 'NONE', *, *, #213, .F. ) ;
#1332 = CARTESIAN_POINT ( 'NONE',  ( 1.210946542258306335, -0.6969487975458198425, 0.9844303723428722286 ) ) ;
#1333 = VERTEX_POINT ( 'NONE', #1725 ) ;
#1334 = DIMENSIONAL_EXPONENTS ( 1.000000000000000000, 0.000000000000000000, 0.000000000000000000, 0.000000000000000000, 0.000000000000000000, 0.000000000000000000, 0.000000000000000000 ) ;
#1335 = EDGE_LOOP ( 'NONE', ( #194, #697, #982, #1523, #2942 ) ) ;
#1336 = CC_DESIGN_PERSON_AND_ORGANIZATION_ASSIGNMENT ( #192, #718, ( #12 ) ) ;
#1337 = DIRECTION ( 'NONE',  ( 0.02665453602808423583, -0.9995451010531578584, 0.01411122495604456850 ) ) ;
#1338 = ORIENTED_EDGE ( 'NONE', *, *, #3187, .T. ) ;
#1339 = ADVANCED_FACE ( 'NONE', ( #3248 ), #1656, .T. ) ;
#1340 = ADVANCED_FACE ( 'NONE', ( #2978 ), #429, .T. ) ;
#1341 = CYLINDRICAL_SURFACE ( 'NONE', #24, 0.02952755905511799533 ) ;
#1342 = AXIS2_PLACEMENT_3D ( 'NONE', #2807, #1777, #2036 ) ;
#1343 = CARTESIAN_POINT ( 'NONE',  ( -1.151509194673770109, -0.4711077921730008056, 0.9841230834619556500 ) ) ;
#1344 = ORIENTED_EDGE ( 'NONE', *, *, #935, .F. ) ;
#1345 = VECTOR ( 'NONE', #928, 39.37007874015748854 ) ;
#1346 = CARTESIAN_POINT ( 'NONE',  ( -1.210674971632474950, 0.8255499166096111896, 0.9842817875414640039 ) ) ;
#1347 = EDGE_CURVE ( 'NONE', #515, #1068, #163, .T. ) ;
#1348 = CIRCLE ( 'NONE', #344, 0.02952755905511809248 ) ;
#1349 = CARTESIAN_POINT ( 'NONE',  ( -0.4822947390429586645, 25.03855418144284783, 0.6299212598425196763 ) ) ;
#1350 = DIRECTION ( 'NONE',  ( -0.9989317894831685196, -0.04620908958153720908, 0.000000000000000000 ) ) ;
#1351 = EDGE_CURVE ( 'NONE', #2605, #1465, #2822, .T. ) ;
#1352 = CARTESIAN_POINT ( 'NONE',  ( 1.151637418437530869, -1.119594412657169080, 0.9251972707238492744 ) ) ;
#1353 = DIRECTION ( 'NONE',  ( 0.9934199000497858645, 0.1145028100265988308, 0.002451261121553150509 ) ) ;
#1354 = ORIENTED_EDGE ( 'NONE', *, *, #776, .F. ) ;
#1355 = ORIENTED_EDGE ( 'NONE', *, *, #1160, .T. ) ;
#1356 = CARTESIAN_POINT ( 'NONE',  ( 1.210656126849031233, -0.2561807898818914131, 0.9253720831733618368 ) ) ;
#1357 = ORIENTED_EDGE ( 'NONE', *, *, #2982, .T. ) ;
#1358 = CARTESIAN_POINT ( 'NONE',  ( 1.210711917990602071, -1.123432356793858888, 0.9844032686303052504 ) ) ;
#1359 = VERTEX_POINT ( 'NONE', #1709 ) ;
#1360 = CARTESIAN_POINT ( 'NONE',  ( -0.02936187735765138571, -9.845643289013588983, 0.4724409448818899238 ) ) ;
#1361 = DIRECTION ( 'NONE',  ( -0.9917778666340238969, 0.1279713376302060446, 0.000000000000000000 ) ) ;
#1362 = FACE_OUTER_BOUND ( 'NONE', #1251, .T. ) ;
#1363 = EDGE_CURVE ( 'NONE', #1200, #2847, #63, .T. ) ;
#1364 = CARTESIAN_POINT ( 'NONE',  ( 1.151543409823912567, 2.343623525888423931, 0.9841786758216614084 ) ) ;
#1365 = EDGE_CURVE ( 'NONE', #1313, #1175, #1979, .T. ) ;
#1366 = DIRECTION ( 'NONE',  ( 0.1144829714633203849, -0.9921857526821100670, -0.04960928763410552000 ) ) ;
#1367 = EDGE_LOOP ( 'NONE', ( #1839, #1355, #1776, #1770, #2115 ) ) ;
#1368 = ORIENTED_EDGE ( 'NONE', *, *, #1406, .F. ) ;
#1369 = CARTESIAN_POINT ( 'NONE',  ( 0.5118110236220474452, 12.91338582677164837, 0.6299212598425196763 ) ) ;
#1370 = CIRCLE ( 'NONE', #9, 0.02952755905511809942 ) ;
#1371 =( BOUNDED_CURVE ( )  B_SPLINE_CURVE ( 3, ( #1856, #1940, #1917, #273 ),
 .UNSPECIFIED., .F., .T. ) 
 B_SPLINE_CURVE_WITH_KNOTS ( ( 4, 4 ),
 ( 5.859906439450243809, 8.998644879131875385 ),
 .UNSPECIFIED. ) 
 CURVE ( )  GEOMETRIC_REPRESENTATION_ITEM ( )  RATIONAL_B_SPLINE_CURVE ( ( 1.000000000000000000, 0.3342847376464433418, 0.3342847376464433418, 1.000000000000000000 ) ) 
 REPRESENTATION_ITEM ( '' )  );
#1372 = EDGE_LOOP ( 'NONE', ( #2263, #292, #3213, #1091, #2254 ) ) ;
#1373 = DIRECTION ( 'NONE',  ( -0.9995182899514801766, -0.03103527110351682328, 0.000000000000000000 ) ) ;
#1374 = CARTESIAN_POINT ( 'NONE',  ( 0.5413294270509710904, 28.34719194984862511, 0.6299212598425196763 ) ) ;
#1375 = DIRECTION ( 'NONE',  ( 0.09472918011025316387, -0.9946563911576580264, -0.04104931138110971822 ) ) ;
#1376 = DIRECTION ( 'NONE',  ( -0.02199965345109512055, 0.9996901347629988388, -0.01164687535646212295 ) ) ;
#1377 = AXIS2_PLACEMENT_3D ( 'NONE', #2149, #1379, #82 ) ;
#1378 = CYLINDRICAL_SURFACE ( 'NONE', #559, 0.02952755905511818615 ) ;
#1379 = DIRECTION ( 'NONE',  ( -0.02410450479597335896, -0.9996279930094827959, 0.01276120842139765420 ) ) ;
#1380 = AXIS2_PLACEMENT_3D ( 'NONE', #2620, #493, #2856 ) ;
#1381 = CARTESIAN_POINT ( 'NONE',  ( 1.151853957685776253, 0.1677166278945278477, 0.9843922259938422403 ) ) ;
#1382 = AXIS2_PLACEMENT_3D ( 'NONE', #2907, #592, #2683 ) ;
#1383 = ADVANCED_FACE ( 'NONE', ( #648 ), #1394, .T. ) ;
#1384 = FACE_OUTER_BOUND ( 'NONE', #27, .T. ) ;
#1385 = VERTEX_POINT ( 'NONE', #95 ) ;
#1386 = VERTEX_POINT ( 'NONE', #376 ) ;
#1387 = CARTESIAN_POINT ( 'NONE',  ( 1.151527078403675297, 0.6114760532666299042, 0.9842202719695555269 ) ) ;
#1388 = ORIENTED_EDGE ( 'NONE', *, *, #11, .T. ) ;
#1389 = EDGE_LOOP ( 'NONE', ( #2434, #2082, #3075, #1801, #1786 ) ) ;
#1390 = FACE_OUTER_BOUND ( 'NONE', #1270, .T. ) ;
#1391 =( BOUNDED_CURVE ( )  B_SPLINE_CURVE ( 3, ( #3013, #932, #2005, #1950 ),
 .UNSPECIFIED., .F., .T. ) 
 B_SPLINE_CURVE_WITH_KNOTS ( ( 4, 4 ),
 ( 5.860943690869223843, 9.000412953449286491 ),
 .UNSPECIFIED. ) 
 CURVE ( )  GEOMETRIC_REPRESENTATION_ITEM ( )  RATIONAL_B_SPLINE_CURVE ( ( 1.000000000000000000, 0.3340411302036057073, 0.3340411302036057073, 1.000000000000000000 ) ) 
 REPRESENTATION_ITEM ( '' )  );
#1392 = FACE_OUTER_BOUND ( 'NONE', #1664, .T. ) ;
#1393 = CARTESIAN_POINT ( 'NONE',  ( -1.210662838513631101, 2.124864391537093944, 0.9843280851113318519 ) ) ;
#1394 = CYLINDRICAL_SURFACE ( 'NONE', #3252, 0.02952755905511818962 ) ;
#1395 = DIRECTION ( 'NONE',  ( 0.1056750820194165413, -0.9933457709825151971, -0.04579253554174713553 ) ) ;
#1396 = AXIS2_PLACEMENT_3D ( 'NONE', #1536, #1280, #206 ) ;
#1397 = CYLINDRICAL_SURFACE ( 'NONE', #587, 0.02952755905511812370 ) ;
#1398 = CARTESIAN_POINT ( 'NONE',  ( 1.639108796198557931E-15, -9.842519685039379240, 0.4724409448818888135 ) ) ;
#1399 = ORIENTED_EDGE ( 'NONE', *, *, #1259, .T. ) ;
#1400 = ORIENTED_EDGE ( 'NONE', *, *, #3376, .F. ) ;
#1401 = CARTESIAN_POINT ( 'NONE',  ( 0.02935527863557016448, -9.845704706229490455, 0.4724409448818887580 ) ) ;
#1402 = CARTESIAN_POINT ( 'NONE',  ( 0.000000000000000000, -9.842519685039373911, 0.4724409448818890911 ) ) ;
#1403 = EDGE_CURVE ( 'NONE', #2406, #2467, #1877, .T. ) ;
#1404 = ORIENTED_EDGE ( 'NONE', *, *, #2191, .T. ) ;
#1405 = ORIENTED_EDGE ( 'NONE', *, *, #237, .F. ) ;
#1406 = EDGE_CURVE ( 'NONE', #837, #2988, #3183, .T. ) ;
#1407 = CYLINDRICAL_SURFACE ( 'NONE', #184, 0.02952755905511804391 ) ;
#1408 = CARTESIAN_POINT ( 'NONE',  ( 1.210661314585536052, 2.341415844190318118, 0.9843252611862116641 ) ) ;
#1409 = CARTESIAN_POINT ( 'NONE',  ( -1.151485797820456902, -1.337182785077911218, 0.9841245263934959020 ) ) ;
#1410 =( BOUNDED_CURVE ( )  B_SPLINE_CURVE ( 3, ( #517, #1500, #3390, #204 ),
 .UNSPECIFIED., .F., .T. ) 
 B_SPLINE_CURVE_WITH_KNOTS ( ( 4, 4 ),
 ( 3.566948536556181271, 6.705993740672975711 ),
 .UNSPECIFIED. ) 
 CURVE ( )  GEOMETRIC_REPRESENTATION_ITEM ( )  RATIONAL_B_SPLINE_CURVE ( ( 1.000000000000000000, 0.3341824829280597431, 0.3341824829280597431, 1.000000000000000000 ) ) 
 REPRESENTATION_ITEM ( '' )  );
#1411 = CARTESIAN_POINT ( 'NONE',  ( -1.151517379030980726, -0.03807462683294971645, 0.9841873402459944131 ) ) ;
#1412 = CARTESIAN_POINT ( 'NONE',  ( -1.210680585855226088, 0.3924422586962679760, 0.9843098981425163485 ) ) ;
#1413 = CARTESIAN_POINT ( 'NONE',  ( 1.151504277732288362, -0.6876268247346662976, 0.9842038505609024268 ) ) ;
#1414 = CARTESIAN_POINT ( 'NONE',  ( 1.151504349345068734, -0.6876252550547355957, 0.9841162340596109059 ) ) ;
#1415 = ORIENTED_EDGE ( 'NONE', *, *, #107, .F. ) ;
#1416 = ORIENTED_EDGE ( 'NONE', *, *, #178, .F. ) ;
#1417 = DIRECTION ( 'NONE',  ( 0.9917945189068679834, -0.1278079186563253755, -0.002961113816183398671 ) ) ;
#1418 = DIRECTION ( 'NONE',  ( -0.02265921552754570842, -0.9996712732740761220, 0.01199605527928892558 ) ) ;
#1419 = ORIENTED_EDGE ( 'NONE', *, *, #1081, .T. ) ;
#1420 = ORIENTED_EDGE ( 'NONE', *, *, #3293, .F. ) ;
#1421 = AXIS2_PLACEMENT_3D ( 'NONE', #910, #2758, #1177 ) ;
#1422 = CARTESIAN_POINT ( 'NONE',  ( 1.210664512348635924, 1.908313472226332408, 0.9842745476721995734 ) ) ;
#1423 = EDGE_CURVE ( 'NONE', #2797, #471, #331, .T. ) ;
#1424 = ADVANCED_FACE ( 'NONE', ( #3283 ), #440, .T. ) ;
#1425 = CIRCLE ( 'NONE', #997, 0.02952755905511810636 ) ;
#1426 = DIRECTION ( 'NONE',  ( -0.9939283803781600035, -0.1100289719975959396, 0.000000000000000000 ) ) ;
#1427 = CARTESIAN_POINT ( 'NONE',  ( 0.5118110236220474452, 19.52755905511810752, 0.6299212598425194543 ) ) ;
#1428 = DIRECTION ( 'NONE',  ( 0.9996684386178997794, -0.02574903554020127605, 0.000000000000000000 ) ) ;
#1429 = CIRCLE ( 'NONE', #895, 0.02952755905511811677 ) ;
#1430 = CARTESIAN_POINT ( 'NONE',  ( 1.151520991719716447, 0.1784431777408331254, 0.9841406691600674828 ) ) ;
#1431 = DIRECTION ( 'NONE',  ( -0.04116738685245798640, 0.9989145339199364537, -0.02179449892188952201 ) ) ;
#1432 = AXIS2_PLACEMENT_3D ( 'NONE', #2981, #1213, #1675 ) ;
#1433 = CARTESIAN_POINT ( 'NONE',  ( 0.5118110236220473341, 30.55118110236220375, 0.6299212598425196763 ) ) ;
#1434 = VECTOR ( 'NONE', #1665, 39.37007874015748143 ) ;
#1435 = AXIS2_PLACEMENT_3D ( 'NONE', #2546, #2000, #708 ) ;
#1436 = VECTOR ( 'NONE', #304, 39.37007874015748854 ) ;
#1437 = ORIENTED_EDGE ( 'NONE', *, *, #1318, .T. ) ;
#1438 = ORIENTED_EDGE ( 'NONE', *, *, #3159, .T. ) ;
#1439 = DIRECTION ( 'NONE',  ( 0.1194565146275037432, -0.9914890714082809087, -0.05176448967191833034 ) ) ;
#1440 = LINE ( 'NONE', #2490, #2372 ) ;
#1441 = ORIENTED_EDGE ( 'NONE', *, *, #1785, .F. ) ;
#1442 = ORIENTED_EDGE ( 'NONE', *, *, #2294, .F. ) ;
#1443 = FACE_OUTER_BOUND ( 'NONE', #90, .T. ) ;
#1444 = LINE ( 'NONE', #2475, #1732 ) ;
#1445 = DIRECTION ( 'NONE',  ( 0.9994282276966733880, 0.03381150223054815718, 0.000000000000000000 ) ) ;
#1446 = EDGE_CURVE ( 'NONE', #2817, #2392, #2857, .T. ) ;
#1447 = CARTESIAN_POINT ( 'NONE',  ( -1.092739197465705287E-15, -9.842519685039370358, 0.4724409448818896462 ) ) ;
#1448 = CARTESIAN_POINT ( 'NONE',  ( -1.210674925590928153, 0.8255488026650775746, 0.9843491584270833705 ) ) ;
#1449 = DIRECTION ( 'NONE',  ( -0.09811836179767333133, 0.9942660662164229946, 0.04251795677899177645 ) ) ;
#1450 = ADVANCED_FACE ( 'NONE', ( #1477 ), #1774, .T. ) ;
#1451 = ADVANCED_FACE ( 'NONE', ( #1739 ), #479, .F. ) ;
#1452 = CARTESIAN_POINT ( 'NONE',  ( 1.181399537104233399, -0.2646896522229772453, 0.9844092963919121031 ) ) ;
#1453 = CLOSED_SHELL ( 'NONE', ( #267, #918, #3066, #2521, #577, #1977 ) ) ;
#1454 = ORIENTED_EDGE ( 'NONE', *, *, #2170, .T. ) ;
#1455 = DIRECTION ( 'NONE',  ( 0.9894871650865175727, 0.1445766616692632789, 0.003569177722967837273 ) ) ;
#1456 = FACE_OUTER_BOUND ( 'NONE', #3092, .T. ) ;
#1457 = VERTEX_POINT ( 'NONE', #2280 ) ;
#1458 = EDGE_LOOP ( 'NONE', ( #3056, #2239, #319, #1139, #203 ) ) ;
#1459 = PLANE ( 'NONE',  #521 ) ;
#1460 = ADVANCED_BREP_SHAPE_REPRESENTATION ( 'Kora_Strings', ( #1932, #1915, #3134, #3165, #874, #905, #3128, #2002, #867, #3107, #3048, #2016, #3082, #868, #791, #858, #3116, #856, #1996, #3119, #1984, #2264 ), #1762 ) ;
#1461 = CARTESIAN_POINT ( 'NONE',  ( -5.463695987328526437E-16, -9.842519685039373911, 0.4724409448818896462 ) ) ;
#1462 = DIRECTION ( 'NONE',  ( -0.02574664343890872495, -0.9995755688046908949, 0.01363057593824580811 ) ) ;
#1463 = CARTESIAN_POINT ( 'NONE',  ( -1.210735803704193758, -1.773079121096482247, 0.9844326994853247470 ) ) ;
#1464 = CARTESIAN_POINT ( 'NONE',  ( -1.181519777560594120, -1.348158676505892384, 0.9844729531041037651 ) ) ;
#1465 = VERTEX_POINT ( 'NONE', #3347 ) ;
#1466 = FACE_OUTER_BOUND ( 'NONE', #817, .T. ) ;
#1467 = CARTESIAN_POINT ( 'NONE',  ( -1.151640486508965333, -0.4700662102804523679, 0.9252065859090859989 ) ) ;
#1468 = EDGE_CURVE ( 'NONE', #3169, #323, #235, .T. ) ;
#1469 = ADVANCED_FACE ( 'NONE', ( #2529 ), #2803, .T. ) ;
#1470 = ORIENTED_EDGE ( 'NONE', *, *, #537, .T. ) ;
#1471 = DIRECTION ( 'NONE',  ( 0.9909721386110538210, -0.1340298703227381927, -0.003195990911160811847 ) ) ;
#1472 = DIRECTION ( 'NONE',  ( 0.04116738685245795171, -0.9989145339199364537, 0.02179449892188953936 ) ) ;
#1473 = ORIENTED_EDGE ( 'NONE', *, *, #473, .T. ) ;
#1474 = ORIENTED_EDGE ( 'NONE', *, *, #999, .T. ) ;
#1475 = DIRECTION ( 'NONE',  ( -0.9953350822820909993, 0.09647836015658239894, 0.000000000000000000 ) ) ;
#1476 = DIRECTION ( 'NONE',  ( -0.1017574915280313186, 0.9938315005904391208, 0.04409491299548023990 ) ) ;
#1477 = FACE_OUTER_BOUND ( 'NONE', #1367, .T. ) ;
#1478 = CARTESIAN_POINT ( 'NONE',  ( -0.5118110236220473341, 16.22047244094487795, 0.6299212598425196763 ) ) ;
#1479 = ORIENTED_EDGE ( 'NONE', *, *, #1576, .T. ) ;
#1480 = LINE ( 'NONE', #1097, #1185 ) ;
#1481 = AXIS2_PLACEMENT_3D ( 'NONE', #277, #566, #1064 ) ;
#1482 = CARTESIAN_POINT ( 'NONE',  ( 1.210677596932846711, 0.6089952176333472966, 0.9843535372790128690 ) ) ;
#1483 = DIRECTION ( 'NONE',  ( -0.1056750820194164997, 0.9933457709825151971, 0.04579253554174715635 ) ) ;
#1484 = AXIS2_PLACEMENT_3D ( 'NONE', #747, #3101, #762 ) ;
#1485 = DIRECTION ( 'NONE',  ( 0.9936867527874768680, -0.1121653026444994483, -0.002362671654645061466 ) ) ;
#1486 = EDGE_CURVE ( 'NONE', #2899, #1615, #893, .T. ) ;
#1487 = EDGE_CURVE ( 'NONE', #1994, #3192, #810, .T. ) ;
#1488 = VERTEX_POINT ( 'NONE', #1273 ) ;
#1489 = SECURITY_CLASSIFICATION ( '', '', #3057 ) ;
#1490 = AXIS2_PLACEMENT_3D ( 'NONE', #664, #1672, #3049 ) ;
#1491 = DATE_TIME_ROLE ( 'classification_date' ) ;
#1492 = FACE_OUTER_BOUND ( 'NONE', #1051, .T. ) ;
#1493 = VERTEX_POINT ( 'NONE', #2602 ) ;
#1494 = ORIENTED_EDGE ( 'NONE', *, *, #1830, .T. ) ;
#1495 = CARTESIAN_POINT ( 'NONE',  ( 1.639108796198557931E-15, -9.842519685039379240, 0.4724409448818888135 ) ) ;
#1496 = AXIS2_PLACEMENT_3D ( 'NONE', #1073, #2407, #2437 ) ;
#1497 = DIRECTION ( 'NONE',  ( -0.1194565146275037154, 0.9914890714082809087, 0.05176448967191829564 ) ) ;
#1498 = LINE ( 'NONE', #1243, #3015 ) ;
#1499 = ORIENTED_EDGE ( 'NONE', *, *, #2609, .F. ) ;
#1500 = CARTESIAN_POINT ( 'NONE',  ( 1.151552438180232452, 0.1774273296171880177, 1.043145561163710600 ) ) ;
#1501 = CARTESIAN_POINT ( 'NONE',  ( -0.02937955401771248296, -9.839566966042633922, 0.4724409448818896462 ) ) ;
#1502 =( BOUNDED_CURVE ( )  B_SPLINE_CURVE ( 3, ( #2515, #1411, #1145, #2193 ),
 .UNSPECIFIED., .F., .T. ) 
 B_SPLINE_CURVE_WITH_KNOTS ( ( 4, 4 ),
 ( 2.715996113565868342, 2.718641214726064348 ),
 .UNSPECIFIED. ) 
 CURVE ( )  GEOMETRIC_REPRESENTATION_ITEM ( )  RATIONAL_B_SPLINE_CURVE ( ( 1.000000000000000000, 0.9999994169534059951, 0.9999994169534059951, 1.000000000000000000 ) ) 
 REPRESENTATION_ITEM ( '' )  );
#1503 = CARTESIAN_POINT ( 'NONE',  ( 5.463695987328526437E-16, -9.842519685039361477, 0.4724409448818902013 ) ) ;
#1504 = EDGE_LOOP ( 'NONE', ( #2003, #2851 ) ) ;
#1505 = CALENDAR_DATE ( 2026, 2, 7 ) ;
#1506 = FACE_OUTER_BOUND ( 'NONE', #2904, .T. ) ;
#1507 = AXIS2_PLACEMENT_3D ( 'NONE', #889, #1158, #610 ) ;
#1508 = VERTEX_POINT ( 'NONE', #2840 ) ;
#1509 = VERTEX_POINT ( 'NONE', #2312 ) ;
#1510 = CARTESIAN_POINT ( 'NONE',  ( -0.5413287924788744432, 27.24485479435650959, 0.6299212598425195653 ) ) ;
#1511 = EDGE_CURVE ( 'NONE', #2065, #775, #2448, .T. ) ;
#1512 = ADVANCED_FACE ( 'NONE', ( #1529 ), #2261, .T. ) ;
#1513 = CARTESIAN_POINT ( 'NONE',  ( -1.151560807284375709, 1.693137848295321435, 1.043183178792967514 ) ) ;
#1514 = CARTESIAN_POINT ( 'NONE',  ( -1.151637376111428246, 0.8289662859674701290, 0.9252137695766106118 ) ) ;
#1515 = DIRECTION ( 'NONE',  ( 0.02265921552754572230, 0.9996712732740760110, -0.01199605527928891517 ) ) ;
#1516 = EDGE_LOOP ( 'NONE', ( #6, #506, #481, #2102, #552 ) ) ;
#1517 = CARTESIAN_POINT ( 'NONE',  ( -0.5118110236220473341, 16.22047244094487795, 0.6299212598425196763 ) ) ;
#1518 = CARTESIAN_POINT ( 'NONE',  ( -1.151773183200702988, 1.684330494118249977, 0.9843524504600115188 ) ) ;
#1519 = CYLINDRICAL_SURFACE ( 'NONE', #1621, 0.02952755905511814799 ) ;
#1520 = ORIENTED_EDGE ( 'NONE', *, *, #656, .F. ) ;
#1521 = APPROVAL_STATUS ( 'not_yet_approved' ) ;
#1522 =( BOUNDED_CURVE ( )  B_SPLINE_CURVE ( 3, ( #1876, #2409, #78, #1125 ),
 .UNSPECIFIED., .F., .T. ) 
 B_SPLINE_CURVE_WITH_KNOTS ( ( 4, 4 ),
 ( 5.858820299859492486, 5.860943690869223843 ),
 .UNSPECIFIED. ) 
 CURVE ( )  GEOMETRIC_REPRESENTATION_ITEM ( )  RATIONAL_B_SPLINE_CURVE ( ( 1.000000000000000000, 0.9999996242675869285, 0.9999996242675869285, 1.000000000000000000 ) ) 
 REPRESENTATION_ITEM ( '' )  );
#1523 = ORIENTED_EDGE ( 'NONE', *, *, #3045, .T. ) ;
#1524 = VERTEX_POINT ( 'NONE', #2824 ) ;
#1525 = DIRECTION ( 'NONE',  ( 0.9949940262608425456, -0.09991612046718795215, -0.001912217567126098597 ) ) ;
#1526 = EDGE_CURVE ( 'NONE', #1488, #865, #2563, .T. ) ;
#1527 = EDGE_CURVE ( 'NONE', #711, #1900, #1617, .T. ) ;
#1528 = CARTESIAN_POINT ( 'NONE',  ( 1.151540245701297760, 1.910585041161520170, 0.9841728580934610005 ) ) ;
#1529 = FACE_OUTER_BOUND ( 'NONE', #2682, .T. ) ;
#1530 = CARTESIAN_POINT ( 'NONE',  ( -0.5118110236220467790, 31.65354330708660768, 0.6299212598425198983 ) ) ;
#1531 = VERTEX_POINT ( 'NONE', #1208 ) ;
#1532 = CARTESIAN_POINT ( 'NONE',  ( 1.151932152209342419, -0.6991416819847978692, 0.9844303723428722286 ) ) ;
#1533 = EDGE_CURVE ( 'NONE', #3378, #3221, #963, .T. ) ;
#1534 = EDGE_CURVE ( 'NONE', #1780, #1386, #3078, .T. ) ;
#1535 = AXIS2_PLACEMENT_3D ( 'NONE', #150, #681, #2772 ) ;
#1536 = CARTESIAN_POINT ( 'NONE',  ( 5.463695987328526437E-16, -9.842519685039372135, 0.4724409448818896462 ) ) ;
#1537 = EDGE_LOOP ( 'NONE', ( #2832, #1004, #2666, #46, #2969 ) ) ;
#1538 = APPROVAL_DATE_TIME ( #3357, #2556 ) ;
#1539 = CARTESIAN_POINT ( 'NONE',  ( 1.210726738901067412, -1.556532297589264813, 0.9844219207430854324 ) ) ;
#1540 = AXIS2_PLACEMENT_3D ( 'NONE', #2523, #3327, #970 ) ;
#1541 = LOCAL_TIME ( 16, 16, 8.000000000000000000, #2573 ) ;
#1542 = VECTOR ( 'NONE', #766, 39.37007874015748854 ) ;
#1543 = EDGE_LOOP ( 'NONE', ( #2282, #1090, #578, #1899, #3129 ) ) ;
#1544 = ORIENTED_EDGE ( 'NONE', *, *, #3159, .F. ) ;
#1545 = DIRECTION ( 'NONE',  ( -0.03538826301053502738, -0.9991980144151075827, 0.01873496277028327897 ) ) ;
#1546 = VECTOR ( 'NONE', #1431, 39.37007874015748143 ) ;
#1547 = AXIS2_PLACEMENT_3D ( 'NONE', #3224, #2941, #1106 ) ;
#1548 = LINE ( 'NONE', #2601, #3317 ) ;
#1549 = CARTESIAN_POINT ( 'NONE',  ( -1.151529752776974114, 0.8279933904770044872, 0.9842221494664102899 ) ) ;
#1550 = DIRECTION ( 'NONE',  ( 0.1056750820194165413, -0.9933457709825151971, -0.04579253554174713553 ) ) ;
#1551 = EDGE_LOOP ( 'NONE', ( #590, #2835, #1684, #1190, #686 ) ) ;
#1552 = PLANE ( 'NONE',  #688 ) ;
#1553 = CYLINDRICAL_SURFACE ( 'NONE', #1759, 0.02952755905511809595 ) ;
#1554 = ADVANCED_FACE ( 'NONE', ( #2201 ), #14, .T. ) ;
#1555 = CARTESIAN_POINT ( 'NONE',  ( 1.210643122734239796, 1.909228821901239215, 0.9253164411918802790 ) ) ;
#1556 = EDGE_CURVE ( 'NONE', #2156, #1244, #2800, .T. ) ;
#1557 = ORIENTED_EDGE ( 'NONE', *, *, #1556, .F. ) ;
#1558 = CARTESIAN_POINT ( 'NONE',  ( -0.02937398904375537398, -9.845527260709383555, 0.4724409448818902013 ) ) ;
#1559 = ORIENTED_EDGE ( 'NONE', *, *, #744, .T. ) ;
#1560 = ORIENTED_EDGE ( 'NONE', *, *, #2691, .T. ) ;
#1561 = CARTESIAN_POINT ( 'NONE',  ( 0.02934827894817465185, -9.839270798070941737, 0.4724409448818896462 ) ) ;
#1562 = AXIS2_PLACEMENT_3D ( 'NONE', #1715, #3324, #1149 ) ;
#1563 = ORIENTED_EDGE ( 'NONE', *, *, #1016, .T. ) ;
#1564 = CIRCLE ( 'NONE', #3106, 0.02952755905511809942 ) ;
#1565 = DIRECTION ( 'NONE',  ( 0.03904230783660000287, 0.9990237593482941270, -0.02066945708996471148 ) ) ;
#1566 = CARTESIAN_POINT ( 'NONE',  ( 0.000000000000000000, -9.842519685039373911, 0.4724409448818902013 ) ) ;
#1567 = EDGE_LOOP ( 'NONE', ( #2271, #1577, #1812, #689, #607 ) ) ;
#1568 = DIRECTION ( 'NONE',  ( -0.04919895195431918389, -0.9984493190729484269, 0.02604650397581605159 ) ) ;
#1569 = LINE ( 'NONE', #583, #1107 ) ;
#1570 = CARTESIAN_POINT ( 'NONE',  ( -1.210705803834381644, -0.9068803470766617636, 0.9843951486588705668 ) ) ;
#1571 = DIRECTION ( 'NONE',  ( -0.02137739133933000066, -0.9997074185157266424, 0.01131744247376294775 ) ) ;
#1572 = ORIENTED_EDGE ( 'NONE', *, *, #1351, .F. ) ;
#1573 = ADVANCED_FACE ( 'NONE', ( #1582 ), #103, .T. ) ;
#1574 = CALENDAR_DATE ( 2026, 2, 7 ) ;
#1575 = CARTESIAN_POINT ( 'NONE',  ( -0.5118110236220468900, 25.03937007874016274, 0.6299212598425200094 ) ) ;
#1576 = EDGE_CURVE ( 'NONE', #1170, #86, #2937, .T. ) ;
#1577 = ORIENTED_EDGE ( 'NONE', *, *, #2609, .T. ) ;
#1578 = ORIENTED_EDGE ( 'NONE', *, *, #91, .F. ) ;
#1579 = DIRECTION ( 'NONE',  ( 0.02265921552754572230, 0.9996712732740760110, -0.01199605527928891344 ) ) ;
#1580 = ORIENTED_EDGE ( 'NONE', *, *, #3181, .F. ) ;
#1581 = PLANE ( 'NONE',  #2594 ) ;
#1582 = FACE_OUTER_BOUND ( 'NONE', #2291, .T. ) ;
#1583 = VERTEX_POINT ( 'NONE', #289 ) ;
#1584 = DIRECTION ( 'NONE',  ( -0.9899964696308809486, 0.1410921334390835558, 0.000000000000000000 ) ) ;
#1585 = FACE_OUTER_BOUND ( 'NONE', #782, .T. ) ;
#1586 = DIRECTION ( 'NONE',  ( -0.9996684386179008897, 0.02574903554015510118, 0.000000000000000000 ) ) ;
#1587 = VECTOR ( 'NONE', #3214, 39.37007874015748854 ) ;
#1588 = ORIENTED_EDGE ( 'NONE', *, *, #1182, .F. ) ;
#1589 = DATE_AND_TIME ( #1574, #839 ) ;
#1590 = CARTESIAN_POINT ( 'NONE',  ( 1.210664519185036259, 1.908313179668703397, 0.9842933914477729473 ) ) ;
#1591 = AXIS2_PLACEMENT_3D ( 'NONE', #1880, #2936, #2385 ) ;
#1592 = EDGE_CURVE ( 'NONE', #1913, #865, #125, .T. ) ;
#1593 = ADVANCED_FACE ( 'NONE', ( #1323 ), #3174, .F. ) ;
#1594 = VERTEX_POINT ( 'NONE', #1153 ) ;
#1595 = ORIENTED_EDGE ( 'NONE', *, *, #3001, .F. ) ;
#1596 = AXIS2_PLACEMENT_3D ( 'NONE', #1041, #884, #2719 ) ;
#1597 = CARTESIAN_POINT ( 'NONE',  ( -0.5118110236220473341, 14.01574803149606296, 0.6299212598425201204 ) ) ;
#1598 = VECTOR ( 'NONE', #2486, 39.37007874015748143 ) ;
#1599 = EDGE_CURVE ( 'NONE', #3405, #2155, #1371, .T. ) ;
#1600 = ORIENTED_EDGE ( 'NONE', *, *, #2134, .F. ) ;
#1601 = EDGE_CURVE ( 'NONE', #3041, #1787, #341, .T. ) ;
#1602 = CYLINDRICAL_SURFACE ( 'NONE', #2379, 0.02952755905511804738 ) ;
#1603 = CIRCLE ( 'NONE', #3203, 0.02952755905511821391 ) ;
#1604 = CIRCLE ( 'NONE', #2759, 0.02952755905511820350 ) ;
#1605 = CYLINDRICAL_SURFACE ( 'NONE', #18, 0.02952755905511815840 ) ;
#1606 = EDGE_LOOP ( 'NONE', ( #171, #271 ) ) ;
#1607 = AXIS2_PLACEMENT_3D ( 'NONE', #321, #288, #1321 ) ;
#1608 = CARTESIAN_POINT ( 'NONE',  ( 1.210795999598970552, 2.335297749304803716, 0.9843436761839092775 ) ) ;
#1609 = CARTESIAN_POINT ( 'NONE',  ( -1.151640309925303418, -0.03705401255864550908, 0.9252101432445538620 ) ) ;
#1610 = DIRECTION ( 'NONE',  ( 0.09472918011025316387, -0.9946563911576580264, -0.04104931138110971128 ) ) ;
#1611 = CARTESIAN_POINT ( 'NONE',  ( -1.210662870153084825, 2.124865227022374903, 0.9842734262369461362 ) ) ;
#1612 = APPROVAL_ROLE ( '' ) ;
#1613 = CYLINDRICAL_SURFACE ( 'NONE', #513, 0.02952755905511803003 ) ;
#1614 = EDGE_LOOP ( 'NONE', ( #284, #2767 ) ) ;
#1615 = VERTEX_POINT ( 'NONE', #2360 ) ;
#1616 = CARTESIAN_POINT ( 'NONE',  ( -1.210687330685569441, -0.04066507689607370968, 0.9842905506942727367 ) ) ;
#1617 =( BOUNDED_CURVE ( )  B_SPLINE_CURVE ( 3, ( #2069, #3118, #514, #695 ),
 .UNSPECIFIED., .F., .T. ) 
 B_SPLINE_CURVE_WITH_KNOTS ( ( 4, 4 ),
 ( 5.858389986481811640, 8.996406435523780942 ),
 .UNSPECIFIED. ) 
 CURVE ( )  GEOMETRIC_REPRESENTATION_ITEM ( )  RATIONAL_B_SPLINE_CURVE ( ( 1.000000000000000000, 0.3345254008807062029, 0.3345254008807062029, 1.000000000000000000 ) ) 
 REPRESENTATION_ITEM ( '' )  );
#1618 = CARTESIAN_POINT ( 'NONE',  ( 1.181367293018989129, 0.1686330236948285211, 0.9843922259938422403 ) ) ;
#1619 = ADVANCED_FACE ( 'NONE', ( #2107 ), #2910, .T. ) ;
#1620 = ORIENTED_EDGE ( 'NONE', *, *, #1533, .T. ) ;
#1621 = AXIS2_PLACEMENT_3D ( 'NONE', #2025, #2571, #539 ) ;
#1622 = FACE_OUTER_BOUND ( 'NONE', #1037, .T. ) ;
#1623 = DIRECTION ( 'NONE',  ( 0.9894871650865175727, 0.1445766616692632789, 0.003569177722967837273 ) ) ;
#1624 = CYLINDRICAL_SURFACE ( 'NONE', #1218, 0.02952755905511804044 ) ;
#1625 = LINE ( 'NONE', #2114, #745 ) ;
#1626 = APPROVAL_DATE_TIME ( #1589, #2709 ) ;
#1627 = CARTESIAN_POINT ( 'NONE',  ( -1.151632980438224152, 1.694989292571301931, 0.9252148861819439185 ) ) ;
#1628 = ORIENTED_EDGE ( 'NONE', *, *, #1651, .F. ) ;
#1629 = ORIENTED_EDGE ( 'NONE', *, *, #1365, .F. ) ;
#1630 = DIRECTION ( 'NONE',  ( 0.02762876575521593103, 0.9995112317328115337, -0.01462699363511431837 ) ) ;
#1631 = ADVANCED_FACE ( 'NONE', ( #799 ), #1605, .T. ) ;
#1632 = VERTEX_POINT ( 'NONE', #1343 ) ;
#1633 = CARTESIAN_POINT ( 'NONE',  ( -0.02927302588750098702, -9.846388366874727183, 0.4724409448818888135 ) ) ;
#1634 =( BOUNDED_CURVE ( )  B_SPLINE_CURVE ( 3, ( #136, #2743, #2265, #97 ),
 .UNSPECIFIED., .F., .T. ) 
 B_SPLINE_CURVE_WITH_KNOTS ( ( 4, 4 ),
 ( 5.859015937742809932, 8.997283960600011454 ),
 .UNSPECIFIED. ) 
 CURVE ( )  GEOMETRIC_REPRESENTATION_ITEM ( )  RATIONAL_B_SPLINE_CURVE ( ( 1.000000000000000000, 0.3344415430671457967, 0.3344415430671457967, 1.000000000000000000 ) ) 
 REPRESENTATION_ITEM ( '' )  );
#1635 = CARTESIAN_POINT ( 'NONE',  ( -1.210670270502209211, 1.258656235803509826, 0.9842785129136969458 ) ) ;
#1636 = DIRECTION ( 'NONE',  ( 0.9994282276966733880, 0.03381150223054815718, 0.000000000000000000 ) ) ;
#1637 = EDGE_CURVE ( 'NONE', #3369, #2410, #2471, .T. ) ;
#1638 = ADVANCED_FACE ( 'NONE', ( #642 ), #369, .T. ) ;
#1639 = CYLINDRICAL_SURFACE ( 'NONE', #2096, 0.02952755905511817575 ) ;
#1640 = FACE_OUTER_BOUND ( 'NONE', #1027, .T. ) ;
#1641 =( BOUNDED_CURVE ( )  B_SPLINE_CURVE ( 3, ( #252, #2891, #1241, #2873 ),
 .UNSPECIFIED., .F., .T. ) 
 B_SPLINE_CURVE_WITH_KNOTS ( ( 4, 4 ),
 ( 2.717227646269699814, 2.719351037279428507 ),
 .UNSPECIFIED. ) 
 CURVE ( )  GEOMETRIC_REPRESENTATION_ITEM ( )  RATIONAL_B_SPLINE_CURVE ( ( 1.000000000000000000, 0.9999996242675869285, 0.9999996242675869285, 1.000000000000000000 ) ) 
 REPRESENTATION_ITEM ( '' )  );
#1642 = ORIENTED_EDGE ( 'NONE', *, *, #701, .F. ) ;
#1643 = EDGE_LOOP ( 'NONE', ( #99, #2243 ) ) ;
#1644 = CYLINDRICAL_SURFACE ( 'NONE', #2707, 0.02952755905511821738 ) ;
#1645 = CIRCLE ( 'NONE', #831, 0.02952755905511813411 ) ;
#1646 = VECTOR ( 'NONE', #1009, 39.37007874015748854 ) ;
#1647 = ORIENTED_EDGE ( 'NONE', *, *, #2208, .F. ) ;
#1648 = ORIENTED_EDGE ( 'NONE', *, *, #2655, .F. ) ;
#1649 = FACE_OUTER_BOUND ( 'NONE', #672, .T. ) ;
#1650 = AXIS2_PLACEMENT_3D ( 'NONE', #2018, #3063, #182 ) ;
#1651 = EDGE_CURVE ( 'NONE', #3221, #750, #774, .T. ) ;
#1652 = CYLINDRICAL_SURFACE ( 'NONE', #2552, 0.02952755905511820003 ) ;
#1653 = FACE_OUTER_BOUND ( 'NONE', #3343, .T. ) ;
#1654 = CC_DESIGN_APPROVAL ( #2556, ( #2701 ) ) ;
#1655 = AXIS2_PLACEMENT_3D ( 'NONE', #2965, #1098, #3217 ) ;
#1656 = CYLINDRICAL_SURFACE ( 'NONE', #2584, 0.02952755905511803003 ) ;
#1657 = CIRCLE ( 'NONE', #1435, 0.02952755905511806472 ) ;
#1658 = CARTESIAN_POINT ( 'NONE',  ( 1.151504258216442089, -0.6876262995287998336, 0.9841746449364233706 ) ) ;
#1659 = AXIS2_PLACEMENT_3D ( 'NONE', #1224, #1978, #128 ) ;
#1660 = FACE_OUTER_BOUND ( 'NONE', #1537, .T. ) ;
#1661 = ADVANCED_FACE ( 'NONE', ( #1456 ), #3292, .F. ) ;
#1662 = EDGE_CURVE ( 'NONE', #1457, #3397, #1758, .T. ) ;
#1663 = ORIENTED_EDGE ( 'NONE', *, *, #960, .F. ) ;
#1664 = EDGE_LOOP ( 'NONE', ( #3074, #3260, #1595, #211, #1441 ) ) ;
#1665 = DIRECTION ( 'NONE',  ( -0.1445149746547933489, 0.9875189934744212916, 0.06262315568374379748 ) ) ;
#1666 = DIRECTION ( 'NONE',  ( -0.09639415569882930912, -0.9944663729595890622, -0.04177080080282602470 ) ) ;
#1667 = ORIENTED_EDGE ( 'NONE', *, *, #1257, .T. ) ;
#1668 = ORIENTED_EDGE ( 'NONE', *, *, #1894, .T. ) ;
#1669 = CARTESIAN_POINT ( 'NONE',  ( 1.210668159257931586, 1.475208002869743407, 0.9843376350238106642 ) ) ;
#1670 = CARTESIAN_POINT ( 'NONE',  ( 1.210661350223636745, 2.341416375330999777, 0.9842900124955277219 ) ) ;
#1671 = CARTESIAN_POINT ( 'NONE',  ( -0.02926040164810352409, -9.838556650956103766, 0.4724409448818896462 ) ) ;
#1672 = DIRECTION ( 'NONE',  ( 0.02489853814710875704, -0.9996030756118657878, 0.01318157901905755644 ) ) ;
#1673 = AXIS2_PLACEMENT_3D ( 'NONE', #998, #788, #1832 ) ;
#1674 = CARTESIAN_POINT ( 'NONE',  ( -1.210695529735677844, -0.4737740975907763219, 0.9843808535459181996 ) ) ;
#1675 = DIRECTION ( 'NONE',  ( 0.9941741111661603902, -0.1077636597061426282, -0.002197802018768598223 ) ) ;
#1676 = EDGE_CURVE ( 'NONE', #407, #993, #2237, .T. ) ;
#1677 = ORIENTED_EDGE ( 'NONE', *, *, #385, .T. ) ;
#1678 = EDGE_CURVE ( 'NONE', #381, #2274, #483, .T. ) ;
#1679 = ADVANCED_FACE ( 'NONE', ( #1492 ), #2012, .T. ) ;
#1680 = ORIENTED_EDGE ( 'NONE', *, *, #154, .T. ) ;
#1681 = CYLINDRICAL_SURFACE ( 'NONE', #179, 0.02952755905511820350 ) ;
#1682 = DIRECTION ( 'NONE',  ( 0.1036795320132140458, 0.9935955151266345764, 0.04492779720572609437 ) ) ;
#1683 = ORIENTED_EDGE ( 'NONE', *, *, #1742, .F. ) ;
#1684 = ORIENTED_EDGE ( 'NONE', *, *, #3400, .F. ) ;
#1685 = CYLINDRICAL_SURFACE ( 'NONE', #75, 0.02952755905511821738 ) ;
#1686 = CARTESIAN_POINT ( 'NONE',  ( 1.210672478228901339, 1.042102150022378382, 0.9843450647056656289 ) ) ;
#1687 = CARTESIAN_POINT ( 'NONE',  ( 0.000000000000000000, -9.842519685039373911, 0.4724409448818890911 ) ) ;
#1688 = CARTESIAN_POINT ( 'NONE',  ( -1.210666247575281185, 1.691760464281851117, 0.9843342569122180974 ) ) ;
#1689 = DIRECTION ( 'NONE',  ( -0.9894610641341019530, -0.1447991801171903126, 0.000000000000000000 ) ) ;
#1690 = CYLINDRICAL_SURFACE ( 'NONE', #2925, 0.02952755905511815493 ) ;
#1691 = DIRECTION ( 'NONE',  ( -0.09811836179767334520, 0.9942660662164232166, 0.04251795677899178338 ) ) ;
#1692 = LINE ( 'NONE', #2218, #1598 ) ;
#1693 = PRODUCT_RELATED_PRODUCT_CATEGORY ( 'detail', '', ( #12 ) ) ;
#1694 = CARTESIAN_POINT ( 'NONE',  ( -0.02934827894817355898, -9.845768572007807862, 0.4724409448818896462 ) ) ;
#1695 = ORIENTED_EDGE ( 'NONE', *, *, #2545, .T. ) ;
#1696 = ORIENTED_EDGE ( 'NONE', *, *, #1576, .F. ) ;
#1697 = CARTESIAN_POINT ( 'NONE',  ( -0.5118110236220468900, 25.03937007874016274, 0.6299212598425200094 ) ) ;
#1698 = DIRECTION ( 'NONE',  ( -0.9921490786390984029, -0.1250608082317883341, 0.000000000000000000 ) ) ;
#1699 = ADVANCED_FACE ( 'NONE', ( #404 ), #422, .F. ) ;
#1700 = EDGE_LOOP ( 'NONE', ( #355, #1648, #380, #453, #1683 ) ) ;
#1701 = ORIENTED_EDGE ( 'NONE', *, *, #1034, .F. ) ;
#1702 = DIRECTION ( 'NONE',  ( -0.04919895195431918389, -0.9984493190729485379, 0.02604650397581605853 ) ) ;
#1703 = ADVANCED_FACE ( 'NONE', ( #2290 ), #671, .T. ) ;
#1704 = AXIS2_PLACEMENT_3D ( 'NONE', #2624, #1128, #1361 ) ;
#1705 = CARTESIAN_POINT ( 'NONE',  ( 0.5118110236220470011, 21.73228346456694027, 0.6299212598425198983 ) ) ;
#1706 = ADVANCED_FACE ( 'NONE', ( #1173 ), #2509, .T. ) ;
#1707 = DIRECTION ( 'NONE',  ( -0.9934089358711272189, -0.1146241079851648276, 0.000000000000000000 ) ) ;
#1708 = VECTOR ( 'NONE', #1799, 39.37007874015748143 ) ;
#1709 = CARTESIAN_POINT ( 'NONE',  ( 1.151504277732288362, -0.6876268247346662976, 0.9842038505609024268 ) ) ;
#1710 = DIRECTION ( 'NONE',  ( 0.09639415569882933688, 0.9944663729595891732, 0.04177080080282604552 ) ) ;
#1711 = CIRCLE ( 'NONE', #3026, 0.02952755905511817228 ) ;
#1712 = AXIS2_PLACEMENT_3D ( 'NONE', #2415, #1898, #602 ) ;
#1713 = CARTESIAN_POINT ( 'NONE',  ( -1.210662870153084825, 2.124865227022374903, 0.9842734262369461362 ) ) ;
#1714 = CARTESIAN_POINT ( 'NONE',  ( 1.210564705020098941, -0.6913789436939499211, 1.043299810326310251 ) ) ;
#1715 = CARTESIAN_POINT ( 'NONE',  ( -5.463695987328526437E-16, -9.842519685039373911, 0.4724409448818888135 ) ) ;
#1716 = ORIENTED_EDGE ( 'NONE', *, *, #107, .T. ) ;
#1717 = DIRECTION ( 'NONE',  ( 0.1339883342180220593, 0.9892805343097296200, 0.05806161149447622988 ) ) ;
#1718 = CARTESIAN_POINT ( 'NONE',  ( -1.181594407504685140, -1.781639168512178628, 0.9845124630745050176 ) ) ;
#1719 = ORIENTED_EDGE ( 'NONE', *, *, #3398, .T. ) ;
#1720 = ORIENTED_EDGE ( 'NONE', *, *, #2483, .F. ) ;
#1721 = DIRECTION ( 'NONE',  ( -0.9991518607643394834, -0.04117716759513560809, 0.000000000000000000 ) ) ;
#1722 = CARTESIAN_POINT ( 'NONE',  ( -1.151517453141692737, -0.03807372386261291541, 0.9841352483596474965 ) ) ;
#1723 = DESIGN_CONTEXT ( 'detailed design', #2498, 'design' ) ;
#1724 = EDGE_CURVE ( 'NONE', #2467, #2456, #1440, .T. ) ;
#1725 = CARTESIAN_POINT ( 'NONE',  ( 1.210664478708154634, 1.908312596633759073, 0.9843310789144147366 ) ) ;
#1726 = PLANE ( 'NONE',  #2532 ) ;
#1727 = EDGE_CURVE ( 'NONE', #2327, #1903, #1429, .T. ) ;
#1728 =( BOUNDED_CURVE ( )  B_SPLINE_CURVE ( 3, ( #2050, #215, #2823, #512 ),
 .UNSPECIFIED., .F., .T. ) 
 B_SPLINE_CURVE_WITH_KNOTS ( ( 4, 4 ),
 ( 2.714834658558666902, 2.717916179840967672 ),
 .UNSPECIFIED. ) 
 CURVE ( )  GEOMETRIC_REPRESENTATION_ITEM ( )  RATIONAL_B_SPLINE_CURVE ( ( 1.000000000000000000, 0.9999992086857054652, 0.9999992086857054652, 1.000000000000000000 ) ) 
 REPRESENTATION_ITEM ( '' )  );
#1729 = CARTESIAN_POINT ( 'NONE',  ( -5.463695987328526437E-16, -9.842519685039370358, 0.4724409448818899238 ) ) ;
#1730 = VECTOR ( 'NONE', #2860, 39.37007874015748854 ) ;
#1731 = CARTESIAN_POINT ( 'NONE',  ( 1.151532202973414076, 1.044510962400339915, 0.9842238603032992250 ) ) ;
#1732 = VECTOR ( 'NONE', #2724, 39.37007874015748854 ) ;
#1733 = EDGE_LOOP ( 'NONE', ( #3361, #1761 ) ) ;
#1734 = ORIENTED_EDGE ( 'NONE', *, *, #1933, .T. ) ;
#1735 = EDGE_LOOP ( 'NONE', ( #2328, #310, #1388, #1797, #2187 ) ) ;
#1736 = CARTESIAN_POINT ( 'NONE',  ( 0.4823038285975646544, 17.32173820344980442, 0.6299212598425194543 ) ) ;
#1737 = CC_DESIGN_DATE_AND_TIME_ASSIGNMENT ( #449, #1491, ( #1489 ) ) ;
#1738 = DIRECTION ( 'NONE',  ( -0.1056750820194164997, 0.9933457709825150861, 0.04579253554174715635 ) ) ;
#1739 = FACE_OUTER_BOUND ( 'NONE', #1606, .T. ) ;
#1740 = LINE ( 'NONE', #416, #1057 ) ;
#1741 = ADVANCED_FACE ( 'NONE', ( #3110 ), #3358, .T. ) ;
#1742 = EDGE_CURVE ( 'NONE', #1255, #1205, #591, .T. ) ;
#1743 = ORIENTED_EDGE ( 'NONE', *, *, #714, .T. ) ;
#1744 = LINE ( 'NONE', #240, #2770 ) ;
#1745 = CARTESIAN_POINT ( 'NONE',  ( -1.151639141271339151, 0.3959562649349943064, 0.9252123975203173645 ) ) ;
#1746 = DIRECTION ( 'NONE',  ( -0.03380608663490226873, 0.9992681490610815231, -0.01789733998318355362 ) ) ;
#1747 =( BOUNDED_CURVE ( )  B_SPLINE_CURVE ( 3, ( #3120, #1042, #183, #2858 ),
 .UNSPECIFIED., .F., .T. ) 
 B_SPLINE_CURVE_WITH_KNOTS ( ( 4, 4 ),
 ( 5.856427312148506203, 5.859508833430752794 ),
 .UNSPECIFIED. ) 
 CURVE ( )  GEOMETRIC_REPRESENTATION_ITEM ( )  RATIONAL_B_SPLINE_CURVE ( ( 1.000000000000000000, 0.9999992086857054652, 0.9999992086857054652, 1.000000000000000000 ) ) 
 REPRESENTATION_ITEM ( '' )  );
#1748 = ORIENTED_EDGE ( 'NONE', *, *, #3029, .F. ) ;
#1749 = PERSON_AND_ORGANIZATION_ROLE ( 'classification_officer' ) ;
#1750 = ORIENTED_EDGE ( 'NONE', *, *, #1846, .F. ) ;
#1751 = ORIENTED_EDGE ( 'NONE', *, *, #755, .T. ) ;
#1752 = DIRECTION ( 'NONE',  ( -0.03380608663490226873, 0.9992681490610815231, -0.01789733998318355362 ) ) ;
#1753 = CARTESIAN_POINT ( 'NONE',  ( 1.151527078403675297, 0.6114760532666299042, 0.9842202719695555269 ) ) ;
#1754 = CARTESIAN_POINT ( 'NONE',  ( 5.463695987328526437E-16, -9.842519685039368582, 0.4724409448818896462 ) ) ;
#1755 = CIRCLE ( 'NONE', #2090, 0.02952755905511815840 ) ;
#1756 = EDGE_LOOP ( 'NONE', ( #2123, #1667 ) ) ;
#1757 = CARTESIAN_POINT ( 'NONE',  ( 0.02936810508426691488, -9.845584182961211184, 0.4724409448818890911 ) ) ;
#1758 = CIRCLE ( 'NONE', #1540, 0.02952755905511815840 ) ;
#1759 = AXIS2_PLACEMENT_3D ( 'NONE', #2607, #2285, #259 ) ;
#1760 = DIRECTION ( 'NONE',  ( 0.9931358287758079717, -0.1169390985709863467, -0.002544175150070542447 ) ) ;
#1761 = ORIENTED_EDGE ( 'NONE', *, *, #3286, .T. ) ;
#1762 =( GEOMETRIC_REPRESENTATION_CONTEXT ( 3 ) GLOBAL_UNCERTAINTY_ASSIGNED_CONTEXT ( ( #574 ) ) GLOBAL_UNIT_ASSIGNED_CONTEXT ( ( #1813, #1032, #2793 ) ) REPRESENTATION_CONTEXT ( 'NONE', 'WORKASPACE' ) );
#1763 = EDGE_CURVE ( 'NONE', #119, #957, #2833, .T. ) ;
#1764 = PERSON_AND_ORGANIZATION ( #18446744073709551615, #2228 ) ;
#1765 = PLANE ( 'NONE',  #951 ) ;
#1766 =( BOUNDED_CURVE ( )  B_SPLINE_CURVE ( 3, ( #2086, #2583, #1292, #2565 ),
 .UNSPECIFIED., .F., .T. ) 
 B_SPLINE_CURVE_WITH_KNOTS ( ( 4, 4 ),
 ( 3.565501675555204919, 3.568703072677284815 ),
 .UNSPECIFIED. ) 
 CURVE ( )  GEOMETRIC_REPRESENTATION_ITEM ( )  RATIONAL_B_SPLINE_CURVE ( ( 1.000000000000000000, 0.9999991459215546996, 0.9999991459215546996, 1.000000000000000000 ) ) 
 REPRESENTATION_ITEM ( '' )  );
#1767 = EDGE_CURVE ( 'NONE', #1508, #381, #1178, .T. ) ;
#1768 = CIRCLE ( 'NONE', #2100, 0.02952755905511809248 ) ;
#1769 = ORIENTED_EDGE ( 'NONE', *, *, #2691, .F. ) ;
#1770 = ORIENTED_EDGE ( 'NONE', *, *, #3181, .T. ) ;
#1771 = CARTESIAN_POINT ( 'NONE',  ( 1.181399537104233399, -0.2646896522229772453, 0.9844092963919121031 ) ) ;
#1772 = AXIS2_PLACEMENT_3D ( 'NONE', #1943, #1702, #2737 ) ;
#1773 = DIRECTION ( 'NONE',  ( 0.9931358287758045300, -0.1169390985710146297, -0.002544175150071258454 ) ) ;
#1774 = CYLINDRICAL_SURFACE ( 'NONE', #3364, 0.02952755905511810636 ) ;
#1775 = DIRECTION ( 'NONE',  ( -0.9993734192586304355, 0.03539447526540914768, 0.000000000000000000 ) ) ;
#1776 = ORIENTED_EDGE ( 'NONE', *, *, #2064, .T. ) ;
#1777 = DIRECTION ( 'NONE',  ( -0.1308087029401943102, 0.9897858522474703991, 0.05668377127408422145 ) ) ;
#1778 = DIRECTION ( 'NONE',  ( -0.9951659920375963697, -0.09820717026687293683, 0.000000000000000000 ) ) ;
#1779 = CARTESIAN_POINT ( 'NONE',  ( -1.151550634313160959, -0.03910162819441107690, 1.043138901135247654 ) ) ;
#1780 = VERTEX_POINT ( 'NONE', #3095 ) ;
#1781 = AXIS2_PLACEMENT_3D ( 'NONE', #1256, #1230, #3371 ) ;
#1782 =( LENGTH_UNIT ( ) NAMED_UNIT ( * ) SI_UNIT ( $, .METRE. ) );
#1783 = CARTESIAN_POINT ( 'NONE',  ( 1.210641726754251524, 2.342308088866345894, 0.9253084407060140348 ) ) ;
#1784 = AXIS2_PLACEMENT_3D ( 'NONE', #2592, #2831, #3091 ) ;
#1785 = EDGE_CURVE ( 'NONE', #3170, #1236, #2596, .T. ) ;
#1786 = ORIENTED_EDGE ( 'NONE', *, *, #1240, .T. ) ;
#1787 = VERTEX_POINT ( 'NONE', #3149 ) ;
#1788 = CARTESIAN_POINT ( 'NONE',  ( -0.5413200812773216741, 18.42624196285231974, 0.6299212598425195653 ) ) ;
#1789 = DIRECTION ( 'NONE',  ( -0.1408291628931851447, -0.9881512929671819601, -0.06102597058704688215 ) ) ;
#1790 = DIRECTION ( 'NONE',  ( -0.02665453602808421155, 0.9995451010531578584, -0.01411122495604458411 ) ) ;
#1791 = CARTESIAN_POINT ( 'NONE',  ( -1.151803626962291105, 0.8180855890670046815, 0.9843671416821664355 ) ) ;
#1792 = ORIENTED_EDGE ( 'NONE', *, *, #2502, .F. ) ;
#1793 = DIRECTION ( 'NONE',  ( -0.1056750820194164997, 0.9933457709825150861, 0.04579253554174715635 ) ) ;
#1794 = PLANE ( 'NONE',  #1053 ) ;
#1795 = CARTESIAN_POINT ( 'NONE',  ( 1.210683788446635711, 0.1758888223361654846, 0.9842880166320718827 ) ) ;
#1796 = FACE_OUTER_BOUND ( 'NONE', #2868, .T. ) ;
#1797 = ORIENTED_EDGE ( 'NONE', *, *, #1662, .T. ) ;
#1798 = PERSON_AND_ORGANIZATION ( #18446744073709551615, #2228 ) ;
#1799 = DIRECTION ( 'NONE',  ( 0.1221074444996558539, 0.9911054245222066239, 0.05291322594985086586 ) ) ;
#1800 = ORIENTED_EDGE ( 'NONE', *, *, #2335, .F. ) ;
#1801 = ORIENTED_EDGE ( 'NONE', *, *, #2678, .T. ) ;
#1802 = DIRECTION ( 'NONE',  ( 0.03538826301053506901, 0.9991980144151075827, -0.01873496277028327203 ) ) ;
#1803 = DIRECTION ( 'NONE',  ( 0.1144829714633203710, -0.9921857526821100670, -0.04960928763410551307 ) ) ;
#1804 = DIRECTION ( 'NONE',  ( -0.02199965345109512402, 0.9996901347629989498, -0.01164687535646212468 ) ) ;
#1805 = EDGE_CURVE ( 'NONE', #1244, #2156, #232, .T. ) ;
#1806 = VERTEX_POINT ( 'NONE', #2371 ) ;
#1807 = ADVANCED_FACE ( 'NONE', ( #1506 ), #1249, .T. ) ;
#1808 = DIRECTION ( 'NONE',  ( 0.9997432100566019386, -0.02266084609455396373, 0.000000000000000000 ) ) ;
#1809 = FACE_OUTER_BOUND ( 'NONE', #2747, .T. ) ;
#1810 = VECTOR ( 'NONE', #496, 39.37007874015748854 ) ;
#1811 = DIRECTION ( 'NONE',  ( -0.1169173106819833829, -0.9918485189521589751, -0.05066416796219279373 ) ) ;
#1812 = ORIENTED_EDGE ( 'NONE', *, *, #2215, .T. ) ;
#1813 =( CONVERSION_BASED_UNIT ( 'INCH', #265 ) LENGTH_UNIT ( ) NAMED_UNIT ( #1334 ) );
#1814 = CARTESIAN_POINT ( 'NONE',  ( -0.02930597828656889697, -9.838909092231990172, 0.4724409448818896462 ) ) ;
#1815 = AXIS2_PLACEMENT_3D ( 'NONE', #2221, #1219, #2748 ) ;
#1816 = AXIS2_PLACEMENT_3D ( 'NONE', #1452, #1746, #2505 ) ;
#1817 = ORIENTED_EDGE ( 'NONE', *, *, #1894, .F. ) ;
#1818 = VERTEX_POINT ( 'NONE', #227 ) ;
#1819 = DIRECTION ( 'NONE',  ( 0.9948060396954186979, 0.1017694881777286980, 0.001978550368310803224 ) ) ;
#1820 = CIRCLE ( 'NONE', #3148, 0.02952755905511808207 ) ;
#1821 = VECTOR ( 'NONE', #2377, 39.37007874015748854 ) ;
#1822 = ADVANCED_FACE ( 'NONE', ( #2816 ), #3396, .T. ) ;
#1823 = DIRECTION ( 'NONE',  ( -0.1169173106819834246, -0.9918485189521589751, -0.05066416796219278679 ) ) ;
#1824 = DIRECTION ( 'NONE',  ( 0.9996446339617688359, 0.02665719023905069318, 0.000000000000000000 ) ) ;
#1825 = FACE_OUTER_BOUND ( 'NONE', #3007, .T. ) ;
#1826 = ORIENTED_EDGE ( 'NONE', *, *, #2669, .T. ) ;
#1827 = CARTESIAN_POINT ( 'NONE',  ( -1.181292161455086642, 1.685042299267646149, 0.9843524504600115188 ) ) ;
#1828 = ADVANCED_FACE ( 'NONE', ( #281 ), #3127, .F. ) ;
#1829 = CARTESIAN_POINT ( 'NONE',  ( 1.210726738901067412, -1.556532297589264813, 0.9844219207430854324 ) ) ;
#1830 = EDGE_CURVE ( 'NONE', #1244, #3341, #4, .T. ) ;
#1831 = CYLINDRICAL_SURFACE ( 'NONE', #402, 0.02952755905511807166 ) ;
#1832 = DIRECTION ( 'NONE',  ( 0.9900202840505806234, -0.1408828524173733332, -0.003443699050794802978 ) ) ;
#1833 = ORIENTED_EDGE ( 'NONE', *, *, #1103, .T. ) ;
#1834 = DIRECTION ( 'NONE',  ( 0.9936867527874768680, -0.1121653026444994483, -0.002362671654645061466 ) ) ;
#1835 = ORIENTED_EDGE ( 'NONE', *, *, #3137, .F. ) ;
#1836 = ORIENTED_EDGE ( 'NONE', *, *, #832, .F. ) ;
#1837 = DIRECTION ( 'NONE',  ( 0.9989317894831674094, 0.04620908958156502017, 0.000000000000000000 ) ) ;
#1838 = AXIS2_PLACEMENT_3D ( 'NONE', #2321, #3355, #2333 ) ;
#1839 = ORIENTED_EDGE ( 'NONE', *, *, #156, .T. ) ;
#1840 = CYLINDRICAL_SURFACE ( 'NONE', #297, 0.02952755905511798146 ) ;
#1841 = CARTESIAN_POINT ( 'NONE',  ( 5.463695987328526437E-16, -9.842519685039368582, 0.4724409448818896462 ) ) ;
#1842 = EDGE_LOOP ( 'NONE', ( #523, #941, #2622, #61, #105 ) ) ;
#1843 = CARTESIAN_POINT ( 'NONE',  ( -0.5118110236220473341, 22.83464566929133710, 0.6299212598425196763 ) ) ;
#1844 = DIRECTION ( 'NONE',  ( -0.9987881756760329521, 0.04921564923621162685, 0.000000000000000000 ) ) ;
#1845 = CARTESIAN_POINT ( 'NONE',  ( 0.000000000000000000, -9.842519685039373911, 0.4724409448818890911 ) ) ;
#1846 = EDGE_CURVE ( 'NONE', #1488, #575, #1981, .T. ) ;
#1847 = CYLINDRICAL_SURFACE ( 'NONE', #2725, 0.02952755905511798146 ) ;
#1848 = VERTEX_POINT ( 'NONE', #2614 ) ;
#1849 = DIRECTION ( 'NONE',  ( 0.9994761488791437110, -0.03236398958280271854, 0.000000000000000000 ) ) ;
#1850 = ORIENTED_EDGE ( 'NONE', *, *, #475, .T. ) ;
#1851 = ORIENTED_EDGE ( 'NONE', *, *, #1534, .F. ) ;
#1852 = LINE ( 'NONE', #45, #1436 ) ;
#1853 =( BOUNDED_CURVE ( )  B_SPLINE_CURVE ( 3, ( #2135, #2951, #1352, #1131 ),
 .UNSPECIFIED., .F., .T. ) 
 B_SPLINE_CURVE_WITH_KNOTS ( ( 4, 4 ),
 ( 0.4271104190874779327, 3.565501675555204919 ),
 .UNSPECIFIED. ) 
 CURVE ( )  GEOMETRIC_REPRESENTATION_ITEM ( )  RATIONAL_B_SPLINE_CURVE ( ( 1.000000000000000000, 0.3344004652516479603, 0.3344004652516479603, 1.000000000000000000 ) ) 
 REPRESENTATION_ITEM ( '' )  );
#1854 = ORIENTED_EDGE ( 'NONE', *, *, #1556, .T. ) ;
#1855 = LINE ( 'NONE', #2960, #301 ) ;
#1856 = CARTESIAN_POINT ( 'NONE',  ( -1.210695529735677844, -0.4737740975907763219, 0.9843808535459181996 ) ) ;
#1857 = ORIENTED_EDGE ( 'NONE', *, *, #69, .T. ) ;
#1858 = CARTESIAN_POINT ( 'NONE',  ( -1.151541847929326234, 2.127103556048678623, 0.9842122911208851521 ) ) ;
#1859 = CARTESIAN_POINT ( 'NONE',  ( -1.181594407504685140, -1.781639168512178628, 0.9845124630745050176 ) ) ;
#1860 = DIRECTION ( 'NONE',  ( -0.9954954725939544335, -0.09480909262797163062, 0.000000000000000000 ) ) ;
#1861 = LINE ( 'NONE', #2938, #2668 ) ;
#1862 = AXIS2_PLACEMENT_3D ( 'NONE', #1461, #1925, #2513 ) ;
#1863 = ORIENTED_EDGE ( 'NONE', *, *, #2580, .F. ) ;
#1864 = CARTESIAN_POINT ( 'NONE',  ( -1.151538476834169211, 1.694066307371699720, 0.9841696800956576396 ) ) ;
#1865 = AXIS2_PLACEMENT_3D ( 'NONE', #2825, #254, #1026 ) ;
#1866 = ORIENTED_EDGE ( 'NONE', *, *, #1974, .T. ) ;
#1867 = EDGE_CURVE ( 'NONE', #1942, #2605, #266, .T. ) ;
#1868 = ORIENTED_EDGE ( 'NONE', *, *, #3210, .T. ) ;
#1869 = AXIS2_PLACEMENT_3D ( 'NONE', #2582, #460, #989 ) ;
#1870 = CARTESIAN_POINT ( 'NONE',  ( 1.210691247935377746, -0.2572189278753296837, 0.9842933736476948692 ) ) ;
#1871 = EDGE_CURVE ( 'NONE', #2492, #2872, #1048, .T. ) ;
#1872 = EDGE_LOOP ( 'NONE', ( #1833, #1473, #1237, #2704, #1836 ) ) ;
#1873 = CARTESIAN_POINT ( 'NONE',  ( -0.02928477952659578123, -9.838741003810136831, 0.4724409448818896462 ) ) ;
#1874 = VECTOR ( 'NONE', #2240, 39.37007874015748854 ) ;
#1875 = CIRCLE ( 'NONE', #71, 0.02952755905511808207 ) ;
#1876 = CARTESIAN_POINT ( 'NONE',  ( -1.210670270502209211, 1.258656235803509826, 0.9842785129136969458 ) ) ;
#1877 =( BOUNDED_CURVE ( )  B_SPLINE_CURVE ( 3, ( #1162, #3267, #2741, #415 ),
 .UNSPECIFIED., .F., .T. ) 
 B_SPLINE_CURVE_WITH_KNOTS ( ( 4, 4 ),
 ( 3.566055316896044936, 3.569505453216940349 ),
 .UNSPECIFIED. ) 
 CURVE ( )  GEOMETRIC_REPRESENTATION_ITEM ( )  RATIONAL_B_SPLINE_CURVE ( ( 1.000000000000000000, 0.9999990080468599274, 0.9999990080468599274, 1.000000000000000000 ) ) 
 REPRESENTATION_ITEM ( '' )  );
#1878 = PLANE ( 'NONE',  #2008 ) ;
#1879 = CARTESIAN_POINT ( 'NONE',  ( 0.02924681908989477247, -9.838457626832441960, 0.4724409448818896462 ) ) ;
#1880 = CARTESIAN_POINT ( 'NONE',  ( 1.181298413686198145, 1.468507062396763097, 0.9843557604647171777 ) ) ;
#1881 = DIRECTION ( 'NONE',  ( 0.02137739133933000413, 0.9997074185157267534, -0.01131744247376294428 ) ) ;
#1882 = CARTESIAN_POINT ( 'NONE',  ( -1.151509127312392300, -0.4711092882941844140, 0.9842074040843180605 ) ) ;
#1883 = DIRECTION ( 'NONE',  ( -0.02665453602808421155, 0.9995451010531578584, -0.01411122495604458411 ) ) ;
#1884 = ORIENTED_EDGE ( 'NONE', *, *, #755, .F. ) ;
#1885 = ORIENTED_EDGE ( 'NONE', *, *, #69, .F. ) ;
#1886 = DIRECTION ( 'NONE',  ( -0.1144829714633204126, 0.9921857526821100670, 0.04960928763410551307 ) ) ;
#1887 = DIRECTION ( 'NONE',  ( 0.9990513188304768200, -0.04354839082084302482, 0.000000000000000000 ) ) ;
#1888 = ADVANCED_FACE ( 'NONE', ( #541 ), #1765, .F. ) ;
#1889 = EDGE_CURVE ( 'NONE', #238, #2817, #2861, .T. ) ;
#1890 = LINE ( 'NONE', #1633, #3211 ) ;
#1891 = ORIENTED_EDGE ( 'NONE', *, *, #3332, .T. ) ;
#1892 = AXIS2_PLACEMENT_3D ( 'NONE', #943, #873, #2206 ) ;
#1893 = DIRECTION ( 'NONE',  ( -0.1373245821369521724, 0.9887369913860557524, 0.05950731892601261036 ) ) ;
#1894 = EDGE_CURVE ( 'NONE', #644, #1615, #2715, .T. ) ;
#1895 = CARTESIAN_POINT ( 'NONE',  ( -5.463695987328526437E-16, -9.842519685039377464, 0.4724409448818890911 ) ) ;
#1896 = CARTESIAN_POINT ( 'NONE',  ( -1.210800757899525237, 2.118781944091180591, 0.9843464256321206030 ) ) ;
#1897 = CARTESIAN_POINT ( 'NONE',  ( -1.210836196120468111, 0.8197173836616209464, 0.9843671416821664355 ) ) ;
#1898 = DIRECTION ( 'NONE',  ( -0.02980759361113003575, -0.9994310799025948322, 0.01578049073530413127 ) ) ;
#1899 = ORIENTED_EDGE ( 'NONE', *, *, #1363, .T. ) ;
#1900 = VERTEX_POINT ( 'NONE', #70 ) ;
#1901 = CYLINDRICAL_SURFACE ( 'NONE', #1025, 0.02952755905511807166 ) ;
#1902 = ORIENTED_EDGE ( 'NONE', *, *, #2524, .T. ) ;
#1903 = VERTEX_POINT ( 'NONE', #2404 ) ;
#1904 = CARTESIAN_POINT ( 'NONE',  ( -1.151639043521669903, -0.9030830113412963156, 0.9252010700570918456 ) ) ;
#1905 = CARTESIAN_POINT ( 'NONE',  ( 0.4823003476073816076, 19.52656068398925981, 0.6299212598425194543 ) ) ;
#1906 = EDGE_CURVE ( 'NONE', #2491, #1333, #1967, .T. ) ;
#1907 = CARTESIAN_POINT ( 'NONE',  ( -0.5118110236220468900, 25.03937007874016274, 0.6299212598425200094 ) ) ;
#1908 = CARTESIAN_POINT ( 'NONE',  ( 1.639108796198557931E-15, -9.842519685039382793, 0.4724409448818896462 ) ) ;
#1909 = ADVANCED_FACE ( 'NONE', ( #619 ), #98, .T. ) ;
#1910 = CARTESIAN_POINT ( 'NONE',  ( -1.151509194673770109, -0.4711077921730008056, 0.9841230834619556500 ) ) ;
#1911 = DIRECTION ( 'NONE',  ( 0.9990513188304779302, -0.04354839082081564394, 0.000000000000000000 ) ) ;
#1912 = AXIS2_PLACEMENT_3D ( 'NONE', #1687, #2178, #3010 ) ;
#1913 = VERTEX_POINT ( 'NONE', #2664 ) ;
#1914 = ORIENTED_EDGE ( 'NONE', *, *, #2209, .T. ) ;
#1915 = MANIFOLD_SOLID_BREP ( 'Sweep23', #1453 ) ;
#1916 = CARTESIAN_POINT ( 'NONE',  ( -1.092739197465705287E-15, -9.842519685039373911, 0.4724409448818907564 ) ) ;
#1917 = CARTESIAN_POINT ( 'NONE',  ( -1.151546285281215498, -0.4721584544727416843, 1.043124395289896089 ) ) ;
#1918 = AXIS2_PLACEMENT_3D ( 'NONE', #1907, #2964, #613 ) ;
#1919 = AXIS2_PLACEMENT_3D ( 'NONE', #2361, #2108, #563 ) ;
#1920 = VERTEX_POINT ( 'NONE', #2389 ) ;
#1921 = ORIENTED_EDGE ( 'NONE', *, *, #1867, .F. ) ;
#1922 = DIRECTION ( 'NONE',  ( -0.09472918011025310836, 0.9946563911576579153, 0.04104931138110969047 ) ) ;
#1923 = AXIS2_PLACEMENT_3D ( 'NONE', #253, #3403, #1824 ) ;
#1924 = CARTESIAN_POINT ( 'NONE',  ( 1.210668205364218819, 1.475208644037347083, 0.9842972646510267376 ) ) ;
#1925 = DIRECTION ( 'NONE',  ( -0.1277750232610347647, -0.9902564302730190171, -0.05536917674644838139 ) ) ;
#1926 = AXIS2_PLACEMENT_3D ( 'NONE', #2450, #809, #1849 ) ;
#1927 = CARTESIAN_POINT ( 'NONE',  ( -1.210735897988214127, -1.773078476822341765, 0.9843974722366312102 ) ) ;
#1928 = CARTESIAN_POINT ( 'NONE',  ( 0.4823150062160482254, 12.91202138515014575, 0.6299212598425196763 ) ) ;
#1929 = VECTOR ( 'NONE', #3117, 39.37007874015748143 ) ;
#1930 = ADVANCED_FACE ( 'NONE', ( #1660 ), #1613, .T. ) ;
#1931 = DIRECTION ( 'NONE',  ( -0.9993103381624537374, -0.03713284316669372698, 0.000000000000000000 ) ) ;
#1932 = MANIFOLD_SOLID_BREP ( 'Sweep22', #1949 ) ;
#1933 = EDGE_CURVE ( 'NONE', #3006, #1942, #1319, .T. ) ;
#1934 = CIRCLE ( 'NONE', #353, 0.02952755905511810636 ) ;
#1935 = CARTESIAN_POINT ( 'NONE',  ( -1.210687271267756993, -0.04066643361770103104, 0.9843686886482269083 ) ) ;
#1936 = FACE_OUTER_BOUND ( 'NONE', #2391, .T. ) ;
#1937 = ORIENTED_EDGE ( 'NONE', *, *, #326, .F. ) ;
#1938 = ORIENTED_EDGE ( 'NONE', *, *, #53, .T. ) ;
#1939 = CARTESIAN_POINT ( 'NONE',  ( -1.210666247575281185, 1.691760464281851117, 0.9843342569122180974 ) ) ;
#1940 = CARTESIAN_POINT ( 'NONE',  ( -1.210564237900482620, -0.4748156794833258698, 1.043297351098788406 ) ) ;
#1941 = ORIENTED_EDGE ( 'NONE', *, *, #2039, .F. ) ;
#1942 = VERTEX_POINT ( 'NONE', #3219 ) ;
#1943 = CARTESIAN_POINT ( 'NONE',  ( -0.5118110236220471121, 11.81102362204723910, 0.6299212598425201204 ) ) ;
#1944 = DIRECTION ( 'NONE',  ( 0.9994282276966738321, 0.03381150223053425163, 0.000000000000000000 ) ) ;
#1945 = DIRECTION ( 'NONE',  ( 0.9995182899514788444, 0.03103527110355957727, 0.000000000000000000 ) ) ;
#1946 = LINE ( 'NONE', #2633, #516 ) ;
#1947 = CC_DESIGN_PERSON_AND_ORGANIZATION_ASSIGNMENT ( #2595, #3094, ( #2701 ) ) ;
#1948 = CARTESIAN_POINT ( 'NONE',  ( 1.151540212060812918, 1.910584165568942394, 0.9842293893356744983 ) ) ;
#1949 = CLOSED_SHELL ( 'NONE', ( #1383, #1703, #2812, #1278, #1181, #2880 ) ) ;
#1950 = CARTESIAN_POINT ( 'NONE',  ( -1.151534453907239186, 1.261028803566567102, 0.9842254240941772370 ) ) ;
#1951 = EDGE_CURVE ( 'NONE', #2274, #256, #2213, .T. ) ;
#1952 = EDGE_CURVE ( 'NONE', #2488, #3023, #1101, .T. ) ;
#1953 = CARTESIAN_POINT ( 'NONE',  ( -1.151509194673770109, -0.4711077921730008056, 0.9841230834619556500 ) ) ;
#1954 = VERTEX_POINT ( 'NONE', #3202 ) ;
#1955 = EDGE_LOOP ( 'NONE', ( #1557, #1716, #1835, #1499, #447 ) ) ;
#1956 = EDGE_CURVE ( 'NONE', #2141, #673, #241, .T. ) ;
#1957 = DIRECTION ( 'NONE',  ( 0.9941741111661603902, -0.1077636597061426282, -0.002197802018768598223 ) ) ;
#1958 = EDGE_CURVE ( 'NONE', #1222, #3275, #3080, .T. ) ;
#1959 = EDGE_LOOP ( 'NONE', ( #507, #349, #1108, #2975, #442 ) ) ;
#1960 = ORIENTED_EDGE ( 'NONE', *, *, #53, .F. ) ;
#1961 = CARTESIAN_POINT ( 'NONE',  ( 1.151536527061077120, 1.477546939661814607, 0.9842268575961421462 ) ) ;
#1962 = CARTESIAN_POINT ( 'NONE',  ( -1.151749877642991082, 2.550552143539426275, 0.9843410822242030234 ) ) ;
#1963 = LINE ( 'NONE', #412, #2310 ) ;
#1964 = LINE ( 'NONE', #428, #1062 ) ;
#1965 = CARTESIAN_POINT ( 'NONE',  ( -1.210565583138108137, 0.3914453098681561216, 1.043291539487553932 ) ) ;
#1966 = DIRECTION ( 'NONE',  ( 0.04353682169814174219, 0.9987859095456046443, -0.02304890560489856674 ) ) ;
#1967 =( BOUNDED_CURVE ( )  B_SPLINE_CURVE ( 3, ( #1148, #2680, #330, #2138 ),
 .UNSPECIFIED., .F., .T. ) 
 B_SPLINE_CURVE_WITH_KNOTS ( ( 4, 4 ),
 ( 3.565492183349928457, 6.705170823731019247 ),
 .UNSPECIFIED. ) 
 CURVE ( )  GEOMETRIC_REPRESENTATION_ITEM ( )  RATIONAL_B_SPLINE_CURVE ( ( 1.000000000000000000, 0.3339713376388467880, 0.3339713376388467880, 1.000000000000000000 ) ) 
 REPRESENTATION_ITEM ( '' )  );
#1968 = CARTESIAN_POINT ( 'NONE',  ( -1.151541854256362463, 2.127103276914632524, 0.9842305107709280465 ) ) ;
#1969 = CARTESIAN_POINT ( 'NONE',  ( -1.151909290164818689, -0.4824080041273990371, 0.9844192550061908742 ) ) ;
#1970 = DIRECTION ( 'NONE',  ( -0.09472918011025310836, 0.9946563911576579153, 0.04104931138110969047 ) ) ;
#1971 = ORIENTED_EDGE ( 'NONE', *, *, #2651, .T. ) ;
#1972 = CARTESIAN_POINT ( 'NONE',  ( -1.210718926588991273, -1.339982569252800015, 0.9843794106143783917 ) ) ;
#1973 = DIRECTION ( 'NONE',  ( 0.9997432100566006064, -0.02266084609461626112, 0.000000000000000000 ) ) ;
#1974 = EDGE_CURVE ( 'NONE', #1333, #2890, #2914, .T. ) ;
#1975 = ORIENTED_EDGE ( 'NONE', *, *, #2215, .F. ) ;
#1976 = ORIENTED_EDGE ( 'NONE', *, *, #2924, .F. ) ;
#1977 = ADVANCED_FACE ( 'NONE', ( #1384 ), #3237, .F. ) ;
#1978 = DIRECTION ( 'NONE',  ( -0.09639415569882930912, -0.9944663729595891732, -0.04177080080282602470 ) ) ;
#1979 = CIRCLE ( 'NONE', #508, 0.02952755905511815840 ) ;
#1980 = CARTESIAN_POINT ( 'NONE',  ( 0.4822926201931239110, 28.34572143597816662, 0.6299212598425196763 ) ) ;
#1981 = CIRCLE ( 'NONE', #510, 0.02952755905511821391 ) ;
#1982 = DIRECTION ( 'NONE',  ( -0.9997270871173958851, -0.02336132024879003510, 0.000000000000000000 ) ) ;
#1983 = DIRECTION ( 'NONE',  ( 0.9993103381624537374, 0.03713284316669229757, 0.000000000000000000 ) ) ;
#1984 = MANIFOLD_SOLID_BREP ( 'Sweep42', #3333 ) ;
#1985 = AXIS2_PLACEMENT_3D ( 'NONE', #3235, #3180, #1310 ) ;
#1986 = DIRECTION ( 'NONE',  ( -0.09990499666730634498, -0.9940547168396985933, -0.04329216522249945687 ) ) ;
#1987 = LINE ( 'NONE', #2729, #3204 ) ;
#1988 =( BOUNDED_CURVE ( )  B_SPLINE_CURVE ( 3, ( #700, #1745, #3352, #2300 ),
 .UNSPECIFIED., .F., .T. ) 
 B_SPLINE_CURVE_WITH_KNOTS ( ( 4, 4 ),
 ( 2.718915698079400922, 5.858054066128049797 ),
 .UNSPECIFIED. ) 
 CURVE ( )  GEOMETRIC_REPRESENTATION_ITEM ( )  RATIONAL_B_SPLINE_CURVE ( ( 1.000000000000000000, 0.3341514283083893422, 0.3341514283083893422, 1.000000000000000000 ) ) 
 REPRESENTATION_ITEM ( '' )  );
#1989 = CARTESIAN_POINT ( 'NONE',  ( -1.210666247575281185, 1.691760464281851117, 0.9843342569122180974 ) ) ;
#1990 = AXIS2_PLACEMENT_3D ( 'NONE', #3153, #2080, #1819 ) ;
#1991 = ORIENTED_EDGE ( 'NONE', *, *, #1304, .F. ) ;
#1992 = CARTESIAN_POINT ( 'NONE',  ( 1.151477896189917249, -1.553705795167313664, 0.9841839662992739601 ) ) ;
#1993 = CC_DESIGN_PERSON_AND_ORGANIZATION_ASSIGNMENT ( #769, #2011, ( #2701 ) ) ;
#1994 = VERTEX_POINT ( 'NONE', #2968 ) ;
#1995 = ORIENTED_EDGE ( 'NONE', *, *, #2561, .F. ) ;
#1996 = MANIFOLD_SOLID_BREP ( 'Sweep40', #2774 ) ;
#1997 = DIRECTION ( 'NONE',  ( 0.9990513188304768200, -0.04354839082084302482, 0.000000000000000000 ) ) ;
#1998 = EDGE_CURVE ( 'NONE', #323, #808, #121, .T. ) ;
#1999 =( BOUNDED_CURVE ( )  B_SPLINE_CURVE ( 3, ( #246, #2289, #3395, #1282 ),
 .UNSPECIFIED., .F., .T. ) 
 B_SPLINE_CURVE_WITH_KNOTS ( ( 4, 4 ),
 ( 2.713221128344195154, 2.716797332892015859 ),
 .UNSPECIFIED. ) 
 CURVE ( )  GEOMETRIC_REPRESENTATION_ITEM ( )  RATIONAL_B_SPLINE_CURVE ( ( 1.000000000000000000, 0.9999989342303698958, 0.9999989342303698958, 1.000000000000000000 ) ) 
 REPRESENTATION_ITEM ( '' )  );
#2000 = DIRECTION ( 'NONE',  ( 0.03712567008239096855, -0.9991172978055208320, 0.01965476651420697274 ) ) ;
#2001 = CARTESIAN_POINT ( 'NONE',  ( -1.181353391462396152, 0.3852839240561155565, 0.9843848663462336779 ) ) ;
#2002 = MANIFOLD_SOLID_BREP ( 'Sweep29', #1022 ) ;
#2003 = ORIENTED_EDGE ( 'NONE', *, *, #538, .F. ) ;
#2004 = AXIS2_PLACEMENT_3D ( 'NONE', #978, #3104, #2021 ) ;
#2005 = CARTESIAN_POINT ( 'NONE',  ( -1.151558982821992094, 1.260076504523232943, 1.043173838644676721 ) ) ;
#2006 = AXIS2_PLACEMENT_3D ( 'NONE', #966, #1183, #2727 ) ;
#2007 = CARTESIAN_POINT ( 'NONE',  ( -1.210687345378468782, -0.04066553064736528472, 0.9843165967618795476 ) ) ;
#2008 = AXIS2_PLACEMENT_3D ( 'NONE', #2934, #580, #2672 ) ;
#2009 = CARTESIAN_POINT ( 'NONE',  ( -1.181270688120782175, 2.551183406153416655, 0.9843410822242030234 ) ) ;
#2010 = ORIENTED_EDGE ( 'NONE', *, *, #892, .T. ) ;
#2011 = PERSON_AND_ORGANIZATION_ROLE ( 'design_supplier' ) ;
#2012 = CYLINDRICAL_SURFACE ( 'NONE', #2202, 0.02952755905511818962 ) ;
#2013 = ORIENTED_EDGE ( 'NONE', *, *, #2924, .T. ) ;
#2014 = EDGE_LOOP ( 'NONE', ( #1031, #157, #1043, #371, #2697 ) ) ;
#2015 = DIRECTION ( 'NONE',  ( 0.9943969575826374641, 0.1056891263210678333, 0.002121161918307622532 ) ) ;
#2016 = MANIFOLD_SOLID_BREP ( 'Sweep33', #2884 ) ;
#2017 = CARTESIAN_POINT ( 'NONE',  ( 1.639108796198557931E-15, -9.842519685039361477, 0.4724409448818904789 ) ) ;
#2018 = CARTESIAN_POINT ( 'NONE',  ( 1.181286295541442932, 1.901577554046885776, 0.9843493449763174308 ) ) ;
#2019 = DIRECTION ( 'NONE',  ( 0.02199965345109512055, -0.9996901347629988388, 0.01164687535646214377 ) ) ;
#2020 = VERTEX_POINT ( 'NONE', #2902 ) ;
#2021 = DIRECTION ( 'NONE',  ( -0.9921490786390984029, -0.1250608082317883341, 0.000000000000000000 ) ) ;
#2022 = EDGE_CURVE ( 'NONE', #3328, #808, #553, .T. ) ;
#2023 = EDGE_CURVE ( 'NONE', #2120, #2388, #898, .T. ) ;
#2024 = FACE_OUTER_BOUND ( 'NONE', #1756, .T. ) ;
#2025 = CARTESIAN_POINT ( 'NONE',  ( 1.181439347233824266, -0.6980452397653088559, 0.9844303723428722286 ) ) ;
#2026 = ORIENTED_EDGE ( 'NONE', *, *, #1662, .F. ) ;
#2027 = CARTESIAN_POINT ( 'NONE',  ( -1.210659920133236200, 2.557967206038811003, 0.9843055378777958442 ) ) ;
#2028 = ORIENTED_EDGE ( 'NONE', *, *, #1061, .T. ) ;
#2029 = ORIENTED_EDGE ( 'NONE', *, *, #1182, .T. ) ;
#2030 = FACE_OUTER_BOUND ( 'NONE', #2834, .T. ) ;
#2031 = CARTESIAN_POINT ( 'NONE',  ( -1.181305091680620922, 1.251971845914924719, 0.9843592958735295495 ) ) ;
#2032 = CARTESIAN_POINT ( 'NONE',  ( -1.210894695134986154, -0.04706897901041495053, 0.9844003318733757224 ) ) ;
#2033 = CARTESIAN_POINT ( 'NONE',  ( -1.181418347820093029, -0.4813628916687747727, 0.9844192550061908742 ) ) ;
#2034 = CIRCLE ( 'NONE', #173, 0.02952755905511808207 ) ;
#2035 = ORIENTED_EDGE ( 'NONE', *, *, #2479, .F. ) ;
#2036 = DIRECTION ( 'NONE',  ( -0.9913798100567012828, -0.1310193581572547394, 0.000000000000000000 ) ) ;
#2037 = AXIS2_PLACEMENT_3D ( 'NONE', #1566, #2874, #2085 ) ;
#2038 = LINE ( 'NONE', #2551, #2756 ) ;
#2039 = EDGE_CURVE ( 'NONE', #1493, #2814, #3018, .T. ) ;
#2040 = CARTESIAN_POINT ( 'NONE',  ( -0.5413231146322577958, 20.63087688945619647, 0.6299212598425194543 ) ) ;
#2041 = ORIENTED_EDGE ( 'NONE', *, *, #214, .T. ) ;
#2042 = CIRCLE ( 'NONE', #725, 0.02952755905511802656 ) ;
#2043 = CALENDAR_DATE ( 2026, 2, 7 ) ;
#2044 = CARTESIAN_POINT ( 'NONE',  ( 1.639108796198557931E-15, -9.842519685039361477, 0.4724409448818904789 ) ) ;
#2045 = AXIS2_PLACEMENT_3D ( 'NONE', #1206, #3313, #2015 ) ;
#2046 = EDGE_CURVE ( 'NONE', #1632, #2488, #2795, .T. ) ;
#2047 = ORIENTED_EDGE ( 'NONE', *, *, #1120, .F. ) ;
#2048 = VERTEX_POINT ( 'NONE', #2763 ) ;
#2049 = CARTESIAN_POINT ( 'NONE',  ( 1.151492725930839622, -1.120663853059687298, 0.9841952575450420015 ) ) ;
#2050 = CARTESIAN_POINT ( 'NONE',  ( -1.151498844567620417, -0.9041449201140639991, 0.9841998313736490811 ) ) ;
#2051 = CARTESIAN_POINT ( 'NONE',  ( 1.151795174477727279, 1.034649530988587474, 0.9843630805114652604 ) ) ;
#2052 = CARTESIAN_POINT ( 'NONE',  ( -1.210674966578565659, 0.8255491729200695739, 0.9843267015251384588 ) ) ;
#2053 = ORIENTED_EDGE ( 'NONE', *, *, #824, .F. ) ;
#2054 = CARTESIAN_POINT ( 'NONE',  ( 5.463695987328526437E-16, -9.842519685039372135, 0.4724409448818896462 ) ) ;
#2055 = DIRECTION ( 'NONE',  ( 0.1308087029401943657, -0.9897858522474705101, -0.05668377127408420063 ) ) ;
#2056 = CARTESIAN_POINT ( 'NONE',  ( -1.151544800372570121, 2.560142521773820068, 0.9842325119045683968 ) ) ;
#2057 = EDGE_CURVE ( 'NONE', #1359, #1920, #3162, .T. ) ;
#2058 = ORIENTED_EDGE ( 'NONE', *, *, #308, .F. ) ;
#2059 = CIRCLE ( 'NONE', #1781, 0.02952755905511804044 ) ;
#2060 = DATE_AND_TIME ( #1234, #1541 ) ;
#2061 = DIRECTION ( 'NONE',  ( -0.04619526842021273033, 0.9986330084957750763, -0.02445631857540674081 ) ) ;
#2062 = CIRCLE ( 'NONE', #40, 0.02952755905511819309 ) ;
#2063 = EDGE_LOOP ( 'NONE', ( #299, #1404 ) ) ;
#2064 = EDGE_CURVE ( 'NONE', #1848, #750, #1987, .T. ) ;
#2065 = VERTEX_POINT ( 'NONE', #1198 ) ;
#2066 = FACE_OUTER_BOUND ( 'NONE', #965, .T. ) ;
#2067 = EDGE_CURVE ( 'NONE', #2183, #2648, #1692, .T. ) ;
#2068 = LINE ( 'NONE', #1008, #2426 ) ;
#2069 = CARTESIAN_POINT ( 'NONE',  ( -1.210735803704193758, -1.773079121096482247, 0.9844326994853247470 ) ) ;
#2070 = DIRECTION ( 'NONE',  ( 0.9939377469566469392, 0.1099207204228921098, 0.002278244160905847689 ) ) ;
#2071 = ORIENTED_EDGE ( 'NONE', *, *, #1099, .F. ) ;
#2072 = DIRECTION ( 'NONE',  ( -0.02867687493180140837, 0.9994734351230784020, -0.01518187496389486468 ) ) ;
#2073 = CARTESIAN_POINT ( 'NONE',  ( 1.210683783270128488, 0.1758879600109525265, 0.9843381841956950762 ) ) ;
#2074 = CARTESIAN_POINT ( 'NONE',  ( -1.210662838513631101, 2.124864391537093944, 0.9843280851113318519 ) ) ;
#2075 = ORIENTED_EDGE ( 'NONE', *, *, #3029, .T. ) ;
#2076 = CARTESIAN_POINT ( 'NONE',  ( 1.210661344359915903, 2.341416641785370789, 0.9842723881161744570 ) ) ;
#2077 =( BOUNDED_CURVE ( )  B_SPLINE_CURVE ( 3, ( #784, #1858, #2623, #2146 ),
 .UNSPECIFIED., .F., .T. ) 
 B_SPLINE_CURVE_WITH_KNOTS ( ( 4, 4 ),
 ( 2.717831838626905139, 2.719682481313861366 ),
 .UNSPECIFIED. ) 
 CURVE ( )  GEOMETRIC_REPRESENTATION_ITEM ( )  RATIONAL_B_SPLINE_CURVE ( ( 1.000000000000000000, 0.9999997145934909071, 0.9999997145934909071, 1.000000000000000000 ) ) 
 REPRESENTATION_ITEM ( '' )  );
#2078 = VERTEX_POINT ( 'NONE', #3287 ) ;
#2079 = VERTEX_POINT ( 'NONE', #2249 ) ;
#2080 = DIRECTION ( 'NONE',  ( 0.1017574915280312631, -0.9938315005904390098, -0.04409491299548023990 ) ) ;
#2081 = ADVANCED_FACE ( 'NONE', ( #397 ), #139, .T. ) ;
#2082 = ORIENTED_EDGE ( 'NONE', *, *, #1187, .T. ) ;
#2083 = EDGE_CURVE ( 'NONE', #644, #2392, #2674, .T. ) ;
#2084 = DIRECTION ( 'NONE',  ( 0.9934199000497868637, 0.1145028100265901017, 0.002451261121552030745 ) ) ;
#2085 = DIRECTION ( 'NONE',  ( 0.9948060396954204743, 0.1017694881777126970, 0.001978550368310811030 ) ) ;
#2086 = CARTESIAN_POINT ( 'NONE',  ( 1.151492806418847437, -1.120662131395114169, 0.9841006683775684882 ) ) ;
#2087 = ORIENTED_EDGE ( 'NONE', *, *, #1259, .F. ) ;
#2088 = DIRECTION ( 'NONE',  ( 0.02980759361113002187, 0.9994310799025947212, -0.01578049073530412780 ) ) ;
#2089 = PRODUCT_DEFINITION_SHAPE ( 'NONE', 'NONE',  #2871 ) ;
#2090 = AXIS2_PLACEMENT_3D ( 'NONE', #2686, #594, #836 ) ;
#2091 = CARTESIAN_POINT ( 'NONE',  ( -0.02929574051099516699, -9.846212425439924587, 0.4724409448818890356 ) ) ;
#2092 = ORIENTED_EDGE ( 'NONE', *, *, #2250, .F. ) ;
#2093 = CARTESIAN_POINT ( 'NONE',  ( 0.02938482259953425005, -9.839619867019683497, 0.4724409448818907564 ) ) ;
#2094 = AXIS2_PLACEMENT_3D ( 'NONE', #1718, #2470, #123 ) ;
#2095 = CIRCLE ( 'NONE', #1322, 0.02952755905511821044 ) ;
#2096 = AXIS2_PLACEMENT_3D ( 'NONE', #1845, #2640, #2431 ) ;
#2097 = VERTEX_POINT ( 'NONE', #933 ) ;
#2098 = EDGE_LOOP ( 'NONE', ( #1701, #3243, #2572, #3242, #1578 ) ) ;
#2099 = CARTESIAN_POINT ( 'NONE',  ( -0.5118110236220473341, 20.62992125984252567, 0.6299212598425196763 ) ) ;
#2100 = AXIS2_PLACEMENT_3D ( 'NONE', #47, #2976, #92 ) ;
#2101 =( BOUNDED_CURVE ( )  B_SPLINE_CURVE ( 3, ( #2207, #2476, #131, #1194 ),
 .UNSPECIFIED., .F., .T. ) 
 B_SPLINE_CURVE_WITH_KNOTS ( ( 4, 4 ),
 ( 2.719820821653754717, 5.859680949357477964 ),
 .UNSPECIFIED. ) 
 CURVE ( )  GEOMETRIC_REPRESENTATION_ITEM ( )  RATIONAL_B_SPLINE_CURVE ( ( 1.000000000000000000, 0.3339108418897951402, 0.3339108418897951402, 1.000000000000000000 ) ) 
 REPRESENTATION_ITEM ( '' )  );
#2102 = ORIENTED_EDGE ( 'NONE', *, *, #2837, .T. ) ;
#2103 = CIRCLE ( 'NONE', #570, 0.02952755905511818962 ) ;
#2104 = EDGE_CURVE ( 'NONE', #2155, #1281, #702, .T. ) ;
#2105 = ADVANCED_FACE ( 'NONE', ( #3054 ), #667, .T. ) ;
#2106 = CARTESIAN_POINT ( 'NONE',  ( 0.02934084524718005155, -9.845835034784803597, 0.4724409448818904789 ) ) ;
#2107 = FACE_OUTER_BOUND ( 'NONE', #3356, .T. ) ;
#2108 = DIRECTION ( 'NONE',  ( -0.04116738685245798640, 0.9989145339199364537, -0.02179449892188952201 ) ) ;
#2109 = ORIENTED_EDGE ( 'NONE', *, *, #1998, .T. ) ;
#2110 = CARTESIAN_POINT ( 'NONE',  ( -0.4822989326118356512, 20.62896563022886554, 0.6299212598425194543 ) ) ;
#2111 = FACE_OUTER_BOUND ( 'NONE', #2735, .T. ) ;
#2112 = CARTESIAN_POINT ( 'NONE',  ( 1.181554413929556846, -1.564890404875979968, 0.9844912900053188753 ) ) ;
#2113 = ADVANCED_FACE ( 'NONE', ( #685 ), #153, .T. ) ;
#2114 = CARTESIAN_POINT ( 'NONE',  ( -1.211019324376454653, -1.346872798824175543, 0.9844729531041037651 ) ) ;
#2115 = ORIENTED_EDGE ( 'NONE', *, *, #1533, .F. ) ;
#2116 = DIRECTION ( 'NONE',  ( -0.1144829714633204126, 0.9921857526821100670, 0.04960928763410551307 ) ) ;
#2117 = AXIS2_PLACEMENT_3D ( 'NONE', #2504, #617, #1931 ) ;
#2118 = ORIENTED_EDGE ( 'NONE', *, *, #2678, .F. ) ;
#2119 = AXIS2_PLACEMENT_3D ( 'NONE', #1212, #115, #2214 ) ;
#2120 = VERTEX_POINT ( 'NONE', #167 ) ;
#2121 = CARTESIAN_POINT ( 'NONE',  ( 1.151532246180547503, 1.044512023205972140, 0.9841588723022071106 ) ) ;
#2122 = CLOSED_SHELL ( 'NONE', ( #2589, #806, #1679, #3188, #3093, #432 ) ) ;
#2123 = ORIENTED_EDGE ( 'NONE', *, *, #2494, .T. ) ;
#2124 = AXIS2_PLACEMENT_3D ( 'NONE', #2165, #1087, #2693 ) ;
#2125 = CARTESIAN_POINT ( 'NONE',  ( -0.5413273082011357262, 25.04018597603746699, 0.6299212598425196763 ) ) ;
#2126 = DIRECTION ( 'NONE',  ( 0.9921643531961189533, 0.1249070597977417069, 0.002850028001619606035 ) ) ;
#2127 = CYLINDRICAL_SURFACE ( 'NONE', #773, 0.02952755905511820003 ) ;
#2128 =( BOUNDED_CURVE ( )  B_SPLINE_CURVE ( 3, ( #2788, #500, #1295, #221 ),
 .UNSPECIFIED., .F., .T. ) 
 B_SPLINE_CURVE_WITH_KNOTS ( ( 4, 4 ),
 ( 0.4223388876834931471, 0.4245390910577965804 ),
 .UNSPECIFIED. ) 
 CURVE ( )  GEOMETRIC_REPRESENTATION_ITEM ( )  RATIONAL_B_SPLINE_CURVE ( ( 1.000000000000000000, 0.9999995965921333330, 0.9999995965921333330, 1.000000000000000000 ) ) 
 REPRESENTATION_ITEM ( '' )  );
#2129 = ORIENTED_EDGE ( 'NONE', *, *, #197, .T. ) ;
#2130 = EDGE_CURVE ( 'NONE', #3169, #1171, #1157, .T. ) ;
#2131 = DIRECTION ( 'NONE',  ( 0.1077484102690477591, 0.9930811813130570043, 0.04669097778325403264 ) ) ;
#2132 = FACE_OUTER_BOUND ( 'NONE', #1325, .T. ) ;
#2133 = FACE_OUTER_BOUND ( 'NONE', #1298, .T. ) ;
#2134 = EDGE_CURVE ( 'NONE', #2048, #3382, #2374, .T. ) ;
#2135 = CARTESIAN_POINT ( 'NONE',  ( 1.210711998478609885, -1.123430635129286870, 0.9843086794628320702 ) ) ;
#2136 = EDGE_CURVE ( 'NONE', #143, #2883, #944, .T. ) ;
#2137 = ORIENTED_EDGE ( 'NONE', *, *, #992, .T. ) ;
#2138 = CARTESIAN_POINT ( 'NONE',  ( 1.210664478708154634, 1.908312596633759073, 0.9843310789144147366 ) ) ;
#2139 =( BOUNDED_CURVE ( )  B_SPLINE_CURVE ( 3, ( #3384, #724, #2308, #1038 ),
 .UNSPECIFIED., .F., .T. ) 
 B_SPLINE_CURVE_WITH_KNOTS ( ( 4, 4 ),
 ( 3.566513747763877529, 6.705740932605225524 ),
 .UNSPECIFIED. ) 
 CURVE ( )  GEOMETRIC_REPRESENTATION_ITEM ( )  RATIONAL_B_SPLINE_CURVE ( ( 1.000000000000000000, 0.3341218227323172751, 0.3341218227323172751, 1.000000000000000000 ) ) 
 REPRESENTATION_ITEM ( '' )  );
#2140 = ORIENTED_EDGE ( 'NONE', *, *, #1601, .T. ) ;
#2141 = VERTEX_POINT ( 'NONE', #117 ) ;
#2142 = LINE ( 'NONE', #813, #787 ) ;
#2143 = EDGE_LOOP ( 'NONE', ( #1070, #2420 ) ) ;
#2144 = FACE_OUTER_BOUND ( 'NONE', #3289, .T. ) ;
#2145 = ORIENTED_EDGE ( 'NONE', *, *, #30, .F. ) ;
#2146 = CARTESIAN_POINT ( 'NONE',  ( -1.151541885895820405, 2.127104112399911262, 0.9841758518965445512 ) ) ;
#2147 =( BOUNDED_CURVE ( )  B_SPLINE_CURVE ( 3, ( #262, #2536, #3070, #2056 ),
 .UNSPECIFIED., .F., .F. ) 
 B_SPLINE_CURVE_WITH_KNOTS ( ( 4, 4 ),
 ( 5.861413475243547389, 9.001273602947298613 ),
 .UNSPECIFIED. ) 
 CURVE ( )  GEOMETRIC_REPRESENTATION_ITEM ( )  RATIONAL_B_SPLINE_CURVE ( ( 1.000000000000000000, 0.3339108418897858144, 0.3339108418897858144, 1.000000000000000000 ) ) 
 REPRESENTATION_ITEM ( '' )  );
#2148 = CARTESIAN_POINT ( 'NONE',  ( -1.210654090096287661, -0.03963852928590391733, 0.9253650358726280833 ) ) ;
#2149 = CARTESIAN_POINT ( 'NONE',  ( -0.5118110236220473341, 29.44881889763779981, 0.6299212598425200094 ) ) ;
#2150 = DIRECTION ( 'NONE',  ( 0.9997714481811945664, -0.02137876052714503955, 0.000000000000000000 ) ) ;
#2151 = AXIS2_PLACEMENT_3D ( 'NONE', #17, #2131, #80 ) ;
#2152 = EDGE_CURVE ( 'NONE', #490, #2731, #2038, .T. ) ;
#2153 = ADVANCED_FACE ( 'NONE', ( #2024 ), #1013, .T. ) ;
#2154 = VECTOR ( 'NONE', #339, 39.37007874015747433 ) ;
#2155 = VERTEX_POINT ( 'NONE', #2625 ) ;
#2156 = VERTEX_POINT ( 'NONE', #3123 ) ;
#2157 = AXIS2_PLACEMENT_3D ( 'NONE', #247, #3168, #2336 ) ;
#2158 = LINE ( 'NONE', #334, #1821 ) ;
#2159 = PLANE ( 'NONE',  #1607 ) ;
#2160 = VECTOR ( 'NONE', #3282, 39.37007874015748854 ) ;
#2161 = ORIENTED_EDGE ( 'NONE', *, *, #1079, .T. ) ;
#2162 = CARTESIAN_POINT ( 'NONE',  ( -1.151544804276211975, 2.560143030181661672, 0.9841983991300790047 ) ) ;
#2163 = CYLINDRICAL_SURFACE ( 'NONE', #1704, 0.02952755905511811330 ) ;
#2164 = CYLINDRICAL_SURFACE ( 'NONE', #721, 0.02952755905511822779 ) ;
#2165 = CARTESIAN_POINT ( 'NONE',  ( -0.5118110236220473341, 29.44881889763779981, 0.6299212598425200094 ) ) ;
#2166 = DIRECTION ( 'NONE',  ( -0.9954954725939544335, -0.09480909262797163062, 0.000000000000000000 ) ) ;
#2167 = ORIENTED_EDGE ( 'NONE', *, *, #3207, .T. ) ;
#2168 = EDGE_LOOP ( 'NONE', ( #2703, #1600, #1088, #140, #2598 ) ) ;
#2169 = FACE_OUTER_BOUND ( 'NONE', #527, .T. ) ;
#2170 = EDGE_CURVE ( 'NONE', #1236, #2908, #2326, .T. ) ;
#2171 = ORIENTED_EDGE ( 'NONE', *, *, #2947, .F. ) ;
#2172 = ADVANCED_FACE ( 'NONE', ( #2301 ), #3354, .T. ) ;
#2173 = CARTESIAN_POINT ( 'NONE',  ( -1.181382604124775026, -0.04802460862407892384, 0.9844003318733757224 ) ) ;
#2174 = AXIS2_PLACEMENT_3D ( 'NONE', #2054, #220, #2283 ) ;
#2175 = CARTESIAN_POINT ( 'NONE',  ( 5.463695987328526437E-16, -9.842519685039372135, 0.4724409448818896462 ) ) ;
#2176 = CARTESIAN_POINT ( 'NONE',  ( 1.639108796198557931E-15, -9.842519685039361477, 0.4724409448818904789 ) ) ;
#2177 = CLOSED_SHELL ( 'NONE', ( #3351, #2932, #1573, #1083, #936, #1661 ) ) ;
#2178 = DIRECTION ( 'NONE',  ( -0.1036795320132139903, -0.9935955151266344654, -0.04492779720572608743 ) ) ;
#2179 = CARTESIAN_POINT ( 'NONE',  ( -1.210680521288136635, 0.3924414405017332408, 0.9843582296648281105 ) ) ;
#2180 = DIRECTION ( 'NONE',  ( -0.9931239419611102015, 0.1170676552409989357, 0.000000000000000000 ) ) ;
#2181 = CARTESIAN_POINT ( 'NONE',  ( 0.02931555488390189326, -9.838987690475049064, 0.4724409448818896462 ) ) ;
#2182 = CARTESIAN_POINT ( 'NONE',  ( -1.210927405475367591, -0.4803177792101504529, 0.9844192550061908742 ) ) ;
#2183 = VERTEX_POINT ( 'NONE', #1501 ) ;
#2184 = EDGE_LOOP ( 'NONE', ( #3349, #1211, #956, #3185, #3130 ) ) ;
#2185 = CARTESIAN_POINT ( 'NONE',  ( -1.181292161455086642, 1.685042299267646149, 0.9843524504600115188 ) ) ;
#2186 = VERTEX_POINT ( 'NONE', #222 ) ;
#2187 = ORIENTED_EDGE ( 'NONE', *, *, #2435, .F. ) ;
#2188 = DIRECTION ( 'NONE',  ( -0.03380608663490227567, 0.9992681490610816342, -0.01789733998318355709 ) ) ;
#2189 = EDGE_CURVE ( 'NONE', #2347, #387, #1284, .T. ) ;
#2190 = CARTESIAN_POINT ( 'NONE',  ( 1.210661340298840649, 2.341416109465910722, 0.9843076368569136925 ) ) ;
#2191 = EDGE_CURVE ( 'NONE', #723, #740, #234, .T. ) ;
#2192 = CARTESIAN_POINT ( 'NONE',  ( 1.151536565151517033, 1.477547902642059485, 0.9841663019840621862 ) ) ;
#2193 = CARTESIAN_POINT ( 'NONE',  ( -1.151517453141692737, -0.03807372386261291541, 0.9841352483596474965 ) ) ;
#2194 = DIRECTION ( 'NONE',  ( 0.02980759361113002534, 0.9994310799025948322, -0.01578049073530413127 ) ) ;
#2195 = CARTESIAN_POINT ( 'NONE',  ( -1.151541885895820405, 2.127104112399911262, 0.9841758518965445512 ) ) ;
#2196 = CARTESIAN_POINT ( 'NONE',  ( 1.181312240441165562, 1.035436652747612651, 0.9843630805114652604 ) ) ;
#2197 = CARTESIAN_POINT ( 'NONE',  ( 1.210568371440142954, 1.041142632452657368, 1.043289721555535898 ) ) ;
#2198 = EDGE_LOOP ( 'NONE', ( #2989, #2041 ) ) ;
#2199 = VERTEX_POINT ( 'NONE', #1029 ) ;
#2200 = DIRECTION ( 'NONE',  ( 0.1036795320132140180, 0.9935955151266344654, 0.04492779720572608743 ) ) ;
#2201 = FACE_OUTER_BOUND ( 'NONE', #1191, .T. ) ;
#2202 = AXIS2_PLACEMENT_3D ( 'NONE', #939, #193, #3020 ) ;
#2203 = ORIENTED_EDGE ( 'NONE', *, *, #3226, .F. ) ;
#2204 = ORIENTED_EDGE ( 'NONE', *, *, #1201, .T. ) ;
#2205 = FACE_OUTER_BOUND ( 'NONE', #1735, .T. ) ;
#2206 = DIRECTION ( 'NONE',  ( -0.9924957979717615730, 0.1222787430766127670, 0.000000000000000000 ) ) ;
#2207 = CARTESIAN_POINT ( 'NONE',  ( -1.151544828408362919, 2.560143283569249473, 0.9841813427798333791 ) ) ;
#2208 = EDGE_CURVE ( 'NONE', #921, #486, #1003, .T. ) ;
#2209 = EDGE_CURVE ( 'NONE', #3151, #629, #2342, .T. ) ;
#2210 = CYLINDRICAL_SURFACE ( 'NONE', #2646, 0.02952755905511809942 ) ;
#2211 = DIRECTION ( 'NONE',  ( 0.1077484102690477313, 0.9930811813130567822, 0.04669097778325402570 ) ) ;
#2212 = CARTESIAN_POINT ( 'NONE',  ( 1.151477896189917249, -1.553705795167313664, 0.9841839662992739601 ) ) ;
#2213 =( BOUNDED_CURVE ( )  B_SPLINE_CURVE ( 3, ( #55, #825, #1089, #863 ),
 .UNSPECIFIED., .F., .T. ) 
 B_SPLINE_CURVE_WITH_KNOTS ( ( 4, 4 ),
 ( 3.565221923809535287, 6.705024377527669444 ),
 .UNSPECIFIED. ) 
 CURVE ( )  GEOMETRIC_REPRESENTATION_ITEM ( )  RATIONAL_B_SPLINE_CURVE ( ( 1.000000000000000000, 0.3339300665442022087, 0.3339300665442022087, 1.000000000000000000 ) ) 
 REPRESENTATION_ITEM ( '' )  );
#2214 = DIRECTION ( 'NONE',  ( 0.9996899294595460450, 0.02490070153967255395, 0.000000000000000000 ) ) ;
#2215 = EDGE_CURVE ( 'NONE', #2363, #2199, #1, .T. ) ;
#2216 = AXIS2_PLACEMENT_3D ( 'NONE', #3025, #674, #1721 ) ;
#2217 = ADVANCED_FACE ( 'NONE', ( #1809 ), #1553, .T. ) ;
#2218 = CARTESIAN_POINT ( 'NONE',  ( -0.02937955401771252806, -9.839566966042633922, 0.4724409448818896462 ) ) ;
#2219 = ORIENTED_EDGE ( 'NONE', *, *, #1403, .F. ) ;
#2220 = VERTEX_POINT ( 'NONE', #1296 ) ;
#2221 = CARTESIAN_POINT ( 'NONE',  ( 0.5118110236220468900, 23.93700787401575525, 0.6299212598425200094 ) ) ;
#2222 = CARTESIAN_POINT ( 'NONE',  ( 1.639108796198557931E-15, -9.842519685039379240, 0.4724409448818890911 ) ) ;
#2223 = ORIENTED_EDGE ( 'NONE', *, *, #826, .F. ) ;
#2224 = EDGE_LOOP ( 'NONE', ( #1019, #3325, #497, #1316, #2307 ) ) ;
#2225 = CARTESIAN_POINT ( 'NONE',  ( 0.000000000000000000, -9.842519685039388122, 0.4724409448818896462 ) ) ;
#2226 = LINE ( 'NONE', #1962, #1345 ) ;
#2227 = CARTESIAN_POINT ( 'NONE',  ( -1.151485880702454612, -1.337182188327527443, 0.9840917814585743439 ) ) ;
#2228 = AXIS2_PLACEMENT_3D ( 'NONE', #499, #2828, #2533 ) ;
#2229 = CARTESIAN_POINT ( 'NONE',  ( 1.181275587822449680, 2.334648109175093911, 0.9843436761839092775 ) ) ;
#2230 = CARTESIAN_POINT ( 'NONE',  ( -0.02935527863557135103, -9.839334663849259144, 0.4724409448818888135 ) ) ;
#2231 = DIRECTION ( 'NONE',  ( 0.9939377469566469392, 0.1099207204228921098, 0.002278244160905847689 ) ) ;
#2232 = CLOSED_SHELL ( 'NONE', ( #1706, #996, #618, #3096, #1554, #1593 ) ) ;
#2233 = DIRECTION ( 'NONE',  ( 0.9997270871173958851, 0.02336132024878997959, 0.000000000000000000 ) ) ;
#2234 = CIRCLE ( 'NONE', #2394, 0.02952755905511812370 ) ;
#2235 = CARTESIAN_POINT ( 'NONE',  ( 1.210700446677159592, -0.6903259311708445090, 0.9843000864469712008 ) ) ;
#2236 = EDGE_CURVE ( 'NONE', #2491, #881, #2349, .T. ) ;
#2237 =( BOUNDED_CURVE ( )  B_SPLINE_CURVE ( 3, ( #923, #3058, #2027, #450 ),
 .UNSPECIFIED., .F., .T. ) 
 B_SPLINE_CURVE_WITH_KNOTS ( ( 4, 4 ),
 ( 5.859680949357477964, 5.861413475243547389 ),
 .UNSPECIFIED. ) 
 CURVE ( )  GEOMETRIC_REPRESENTATION_ITEM ( )  RATIONAL_B_SPLINE_CURVE ( ( 1.000000000000000000, 0.9999997498628534487, 0.9999997498628534487, 1.000000000000000000 ) ) 
 REPRESENTATION_ITEM ( '' )  );
#2238 = ADVANCED_FACE ( 'NONE', ( #536 ), #1831, .T. ) ;
#2239 = ORIENTED_EDGE ( 'NONE', *, *, #1742, .T. ) ;
#2240 = DIRECTION ( 'NONE',  ( -0.03103108282175777097, 0.9993834026419049499, -0.01642822031740117511 ) ) ;
#2241 = CARTESIAN_POINT ( 'NONE',  ( 0.5118110236220474452, 15.11811023622047578, 0.6299212598425196763 ) ) ;
#2242 = ORIENTED_EDGE ( 'NONE', *, *, #1351, .T. ) ;
#2243 = ORIENTED_EDGE ( 'NONE', *, *, #2564, .F. ) ;
#2244 = DIRECTION ( 'NONE',  ( -0.9949875627331997707, 0.09999875002342249741, 0.000000000000000000 ) ) ;
#2245 = CARTESIAN_POINT ( 'NONE',  ( 1.151888861089567895, -0.2656880233518315593, 0.9844092963919121031 ) ) ;
#2246 = CARTESIAN_POINT ( 'NONE',  ( -1.210567348298020374, 0.8245770211191454369, 1.043290167431263571 ) ) ;
#2247 = LINE ( 'NONE', #360, #1546 ) ;
#2248 = CARTESIAN_POINT ( 'NONE',  ( -1.151485795734878748, -1.337183986314469664, 0.9841900169224159223 ) ) ;
#2249 = CARTESIAN_POINT ( 'NONE',  ( -1.210718843706993342, -1.339983166003184678, 0.9844121555492995057 ) ) ;
#2250 = EDGE_CURVE ( 'NONE', #1920, #644, #678, .T. ) ;
#2251 = ADVANCED_FACE ( 'NONE', ( #2808 ), #1624, .T. ) ;
#2252 = ORIENTED_EDGE ( 'NONE', *, *, #1403, .T. ) ;
#2253 = LINE ( 'NONE', #687, #1434 ) ;
#2254 = ORIENTED_EDGE ( 'NONE', *, *, #2189, .F. ) ;
#2255 = ORIENTED_EDGE ( 'NONE', *, *, #3210, .F. ) ;
#2256 = CARTESIAN_POINT ( 'NONE',  ( 1.151513476474071540, -0.2545920957467181500, 0.9842105633601787584 ) ) ;
#2257 = EDGE_CURVE ( 'NONE', #3206, #3378, #3386, .T. ) ;
#2258 = AXIS2_PLACEMENT_3D ( 'NONE', #2785, #1804, #1227 ) ;
#2259 = FACE_OUTER_BOUND ( 'NONE', #2224, .T. ) ;
#2260 = VECTOR ( 'NONE', #2885, 39.37007874015748854 ) ;
#2261 = CYLINDRICAL_SURFACE ( 'NONE', #398, 0.02952755905511814105 ) ;
#2262 = CARTESIAN_POINT ( 'NONE',  ( -1.092739197465705287E-15, -9.842519685039370358, 0.4724409448818896462 ) ) ;
#2263 = ORIENTED_EDGE ( 'NONE', *, *, #370, .F. ) ;
#2264 = AXIS2_PLACEMENT_3D ( 'NONE', #487, #3126, #2848 ) ;
#2265 = CARTESIAN_POINT ( 'NONE',  ( -1.151532988919961253, -1.338266653501647641, 1.043089993357288803 ) ) ;
#2266 = CARTESIAN_POINT ( 'NONE',  ( 0.000000000000000000, -9.842519685039373911, 0.4724409448818888135 ) ) ;
#2267 = AXIS2_PLACEMENT_3D ( 'NONE', #96, #2773, #2231 ) ;
#2268 = PLANE ( 'NONE',  #1562 ) ;
#2269 = EDGE_CURVE ( 'NONE', #1386, #1780, #840, .T. ) ;
#2270 = AXIS2_PLACEMENT_3D ( 'NONE', #1369, #1122, #1837 ) ;
#2271 = ORIENTED_EDGE ( 'NONE', *, *, #178, .T. ) ;
#2272 = CALENDAR_DATE ( 2026, 2, 7 ) ;
#2273 = DIRECTION ( 'NONE',  ( 0.9991518607643394834, 0.04117716759513637831, 0.000000000000000000 ) ) ;
#2274 = VERTEX_POINT ( 'NONE', #1129 ) ;
#2275 = ORIENTED_EDGE ( 'NONE', *, *, #2821, .T. ) ;
#2276 = FACE_OUTER_BOUND ( 'NONE', #924, .T. ) ;
#2277 = ADVANCED_FACE ( 'NONE', ( #65 ), #2367, .T. ) ;
#2278 = ADVANCED_FACE ( 'NONE', ( #1114 ), #2164, .T. ) ;
#2279 = DIRECTION ( 'NONE',  ( -0.9997579454981768698, -0.02200114572617489425, 0.000000000000000000 ) ) ;
#2280 = CARTESIAN_POINT ( 'NONE',  ( 0.5413135391957977216, 15.11932609746836143, 0.6299212598425196763 ) ) ;
#2281 = CARTESIAN_POINT ( 'NONE',  ( 1.151636352969304999, 1.045471540775690933, 0.9252142154523327333 ) ) ;
#2282 = ORIENTED_EDGE ( 'NONE', *, *, #991, .T. ) ;
#2283 = DIRECTION ( 'NONE',  ( 0.9905140156006538854, 0.1373716524991599741, 0.003318732938544559797 ) ) ;
#2284 = VECTOR ( 'NONE', #2980, 39.37007874015748143 ) ;
#2285 = DIRECTION ( 'NONE',  ( -0.03103108282175777791, 0.9993834026419050609, -0.01642822031740117858 ) ) ;
#2286 = CLOSED_SHELL ( 'NONE', ( #3002, #2320, #2587, #2506, #2652, #680 ) ) ;
#2287 = FACE_OUTER_BOUND ( 'NONE', #3279, .T. ) ;
#2288 = ORIENTED_EDGE ( 'NONE', *, *, #656, .T. ) ;
#2289 = CARTESIAN_POINT ( 'NONE',  ( -1.151468795302226233, -1.770229257103614007, 0.9841416923488558455 ) ) ;
#2290 = FACE_OUTER_BOUND ( 'NONE', #1135, .T. ) ;
#2291 = EDGE_LOOP ( 'NONE', ( #811, #1229, #3114, #669, #165 ) ) ;
#2292 = ORIENTED_EDGE ( 'NONE', *, *, #452, .T. ) ;
#2293 = PLANE ( 'NONE',  #1990 ) ;
#2294 = EDGE_CURVE ( 'NONE', #2183, #1583, #2644, .T. ) ;
#2295 = PLANE ( 'NONE',  #1380 ) ;
#2296 = CARTESIAN_POINT ( 'NONE',  ( -1.210674971632474950, 0.8255499166096111896, 0.9842817875414640039 ) ) ;
#2297 = CYLINDRICAL_SURFACE ( 'NONE', #3076, 0.02952755905511810636 ) ;
#2298 = ORIENTED_EDGE ( 'NONE', *, *, #1763, .T. ) ;
#2299 = FACE_OUTER_BOUND ( 'NONE', #1389, .T. ) ;
#2300 = CARTESIAN_POINT ( 'NONE',  ( -1.210680573597552323, 0.3924426696888819732, 0.9842857322850280255 ) ) ;
#2301 = FACE_OUTER_BOUND ( 'NONE', #882, .T. ) ;
#2302 = FACE_OUTER_BOUND ( 'NONE', #2859, .T. ) ;
#2303 = ORIENTED_EDGE ( 'NONE', *, *, #2775, .F. ) ;
#2304 = APPLICATION_PROTOCOL_DEFINITION ( 'international standard', 'config_control_design', 1994, #2498 ) ;
#2305 = DIRECTION ( 'NONE',  ( 0.9995182899514800656, 0.03103527110351627857, 0.000000000000000000 ) ) ;
#2306 = EDGE_LOOP ( 'NONE', ( #175, #2441, #969, #2357, #2970 ) ) ;
#2307 = ORIENTED_EDGE ( 'NONE', *, *, #1138, .F. ) ;
#2308 = CARTESIAN_POINT ( 'NONE',  ( 1.210566409575580371, 0.6080112095215393087, 1.043290763129808951 ) ) ;
#2309 = CC_DESIGN_PERSON_AND_ORGANIZATION_ASSIGNMENT ( #704, #1749, ( #1489 ) ) ;
#2310 = VECTOR ( 'NONE', #876, 39.37007874015748854 ) ;
#2311 = CARTESIAN_POINT ( 'NONE',  ( 1.151540216437914266, 1.910584749990852815, 0.9841917018069447076 ) ) ;
#2312 = CARTESIAN_POINT ( 'NONE',  ( -1.151485880702454612, -1.337182188327527443, 0.9840917814585743439 ) ) ;
#2313 = ADVANCED_FACE ( 'NONE', ( #1585 ), #860, .T. ) ;
#2314 = ORIENTED_EDGE ( 'NONE', *, *, #2257, .T. ) ;
#2315 = FACE_OUTER_BOUND ( 'NONE', #2517, .T. ) ;
#2316 = VECTOR ( 'NONE', #3367, 39.37007874015748854 ) ;
#2317 = CARTESIAN_POINT ( 'NONE',  ( -0.5413318340998386491, 33.85889897914940860, 0.6299212598425200094 ) ) ;
#2318 = CARTESIAN_POINT ( 'NONE',  ( -1.092739197465705287E-15, -9.842519685039373911, 0.4724409448818907564 ) ) ;
#2319 = VECTOR ( 'NONE', #2953, 39.37007874015748854 ) ;
#2320 = ADVANCED_FACE ( 'NONE', ( #2133 ), #550, .T. ) ;
#2321 = CARTESIAN_POINT ( 'NONE',  ( 0.000000000000000000, -9.842519685039373911, 0.4724409448818896462 ) ) ;
#2322 = EDGE_CURVE ( 'NONE', #332, #705, #3164, .T. ) ;
#2323 = ORIENTED_EDGE ( 'NONE', *, *, #1486, .F. ) ;
#2324 = CARTESIAN_POINT ( 'NONE',  ( 1.210726827446051868, -1.556531676298624101, 0.9843879376511519563 ) ) ;
#2325 = AXIS2_PLACEMENT_3D ( 'NONE', #2185, #830, #794 ) ;
#2326 =( BOUNDED_CURVE ( )  B_SPLINE_CURVE ( 3, ( #242, #278, #501, #733 ),
 .UNSPECIFIED., .F., .T. ) 
 B_SPLINE_CURVE_WITH_KNOTS ( ( 4, 4 ),
 ( 3.564700256777332488, 3.567447598939534892 ),
 .UNSPECIFIED. ) 
 CURVE ( )  GEOMETRIC_REPRESENTATION_ITEM ( )  RATIONAL_B_SPLINE_CURVE ( ( 1.000000000000000000, 0.9999993710093525445, 0.9999993710093525445, 1.000000000000000000 ) ) 
 REPRESENTATION_ITEM ( '' )  );
#2327 = VERTEX_POINT ( 'NONE', #20 ) ;
#2328 = ORIENTED_EDGE ( 'NONE', *, *, #3065, .T. ) ;
#2329 = CARTESIAN_POINT ( 'NONE',  ( -0.02928477952659574654, -9.838741003810136831, 0.4724409448818896462 ) ) ;
#2330 = CARTESIAN_POINT ( 'NONE',  ( -5.463695987328526437E-16, -9.842519685039370358, 0.4724409448818899238 ) ) ;
#2331 = ORIENTED_EDGE ( 'NONE', *, *, #138, .F. ) ;
#2332 = CARTESIAN_POINT ( 'NONE',  ( 1.210700446677159592, -0.6903259311708445090, 0.9843000864469712008 ) ) ;
#2333 = DIRECTION ( 'NONE',  ( 0.9928330304416208563, 0.1194805250572350680, 0.002641551845930855975 ) ) ;
#2334 = EDGE_LOOP ( 'NONE', ( #2028, #906, #3037, #1039, #653 ) ) ;
#2335 = EDGE_CURVE ( 'NONE', #3189, #3275, #295, .T. ) ;
#2336 = DIRECTION ( 'NONE',  ( -0.9931239419611102015, 0.1170676552409989357, 0.000000000000000000 ) ) ;
#2337 = ADVANCED_FACE ( 'NONE', ( #804 ), #1639, .T. ) ;
#2338 = CLOSED_SHELL ( 'NONE', ( #2882, #961, #2567, #677, #2818, #3274 ) ) ;
#2339 = VERTEX_POINT ( 'NONE', #2690 ) ;
#2340 = ORIENTED_EDGE ( 'NONE', *, *, #2355, .T. ) ;
#2341 = DIRECTION ( 'NONE',  ( -0.9934089358711272189, -0.1146241079851648276, 0.000000000000000000 ) ) ;
#2342 =( BOUNDED_CURVE ( )  B_SPLINE_CURVE ( 3, ( #3105, #2073, #2569, #1795 ),
 .UNSPECIFIED., .F., .T. ) 
 B_SPLINE_CURVE_WITH_KNOTS ( ( 4, 4 ),
 ( 0.4228084334933894239, 0.4253558829663653396 ),
 .UNSPECIFIED. ) 
 CURVE ( )  GEOMETRIC_REPRESENTATION_ITEM ( )  RATIONAL_B_SPLINE_CURVE ( ( 1.000000000000000000, 0.9999994592085049705, 0.9999994592085049705, 1.000000000000000000 ) ) 
 REPRESENTATION_ITEM ( '' )  );
#2343 = ORIENTED_EDGE ( 'NONE', *, *, #469, .F. ) ;
#2344 = CARTESIAN_POINT ( 'NONE',  ( -1.151538441046787042, 1.694065389324757254, 0.9842281752020560770 ) ) ;
#2345 = DIRECTION ( 'NONE',  ( 0.1077484102690477591, 0.9930811813130570043, 0.04669097778325403264 ) ) ;
#2346 = DIRECTION ( 'NONE',  ( -0.02574664343890872495, -0.9995755688046908949, 0.01363057593824580811 ) ) ;
#2347 = VERTEX_POINT ( 'NONE', #52 ) ;
#2348 = LINE ( 'NONE', #2787, #2665 ) ;
#2349 = LINE ( 'NONE', #1045, #2802 ) ;
#2350 = CARTESIAN_POINT ( 'NONE',  ( 0.5118110236220473341, 30.55118110236220375, 0.6299212598425196763 ) ) ;
#2351 = ORIENTED_EDGE ( 'NONE', *, *, #1527, .T. ) ;
#2352 =( BOUNDED_CURVE ( )  B_SPLINE_CURVE ( 3, ( #102, #3004, #1972, #670 ),
 .UNSPECIFIED., .F., .T. ) 
 B_SPLINE_CURVE_WITH_KNOTS ( ( 4, 4 ),
 ( 5.855691307010245872, 5.859015937742809932 ),
 .UNSPECIFIED. ) 
 CURVE ( )  GEOMETRIC_REPRESENTATION_ITEM ( )  RATIONAL_B_SPLINE_CURVE ( ( 1.000000000000000000, 0.9999990789027530802, 0.9999990789027530802, 1.000000000000000000 ) ) 
 REPRESENTATION_ITEM ( '' )  );
#2353 = DIRECTION ( 'NONE',  ( 0.9948060396954204743, 0.1017694881777126970, 0.001978550368310811030 ) ) ;
#2354 = EDGE_CURVE ( 'NONE', #2020, #2199, #621, .T. ) ;
#2355 = EDGE_CURVE ( 'NONE', #1205, #2406, #3406, .T. ) ;
#2356 = ORIENTED_EDGE ( 'NONE', *, *, #3182, .F. ) ;
#2357 = ORIENTED_EDGE ( 'NONE', *, *, #417, .T. ) ;
#2358 = CYLINDRICAL_SURFACE ( 'NONE', #410, 0.02952755905511810983 ) ;
#2359 = CYLINDRICAL_SURFACE ( 'NONE', #348, 0.02952755905511809248 ) ;
#2360 = CARTESIAN_POINT ( 'NONE',  ( 0.5413182186465285151, 17.32393108788878067, 0.6299212598425194543 ) ) ;
#2361 = CARTESIAN_POINT ( 'NONE',  ( 1.181489529354625700, -1.131441741114141086, 0.9844569393480022690 ) ) ;
#2362 = VECTOR ( 'NONE', #1893, 39.37007874015748854 ) ;
#2363 = VERTEX_POINT ( 'NONE', #821 ) ;
#2364 = DIRECTION ( 'NONE',  ( 0.1408291628931850614, 0.9881512929671819601, 0.06102597058704687522 ) ) ;
#2365 = AXIS2_PLACEMENT_3D ( 'NONE', #2175, #290, #1324 ) ;
#2366 = CARTESIAN_POINT ( 'NONE',  ( -0.02934084524717677292, -9.839204335293917580, 0.4724409448818904789 ) ) ;
#2367 = CYLINDRICAL_SURFACE ( 'NONE', #3145, 0.02952755905511803003 ) ;
#2368 = VECTOR ( 'NONE', #1314, 39.37007874015748854 ) ;
#2369 = LINE ( 'NONE', #2679, #2991 ) ;
#2370 = ORIENTED_EDGE ( 'NONE', *, *, #1871, .T. ) ;
#2371 = CARTESIAN_POINT ( 'NONE',  ( -0.02931555488390189326, -9.846051679603700535, 0.4724409448818896462 ) ) ;
#2372 = VECTOR ( 'NONE', #1299, 39.37007874015748854 ) ;
#2373 = LOCAL_TIME ( 16, 16, 8.000000000000000000, #3109 ) ;
#2374 = CIRCLE ( 'NONE', #1432, 0.02952755905511821738 ) ;
#2375 = ORIENTED_EDGE ( 'NONE', *, *, #777, .F. ) ;
#2376 = ORIENTED_EDGE ( 'NONE', *, *, #2580, .T. ) ;
#2377 = DIRECTION ( 'NONE',  ( 0.1277750232610346814, 0.9902564302730190171, 0.05536917674644837445 ) ) ;
#2378 = CIRCLE ( 'NONE', #2865, 0.02952755905511807166 ) ;
#2379 = AXIS2_PLACEMENT_3D ( 'NONE', #2225, #2990, #2244 ) ;
#2380 = LINE ( 'NONE', #630, #1168 ) ;
#2381 = ADVANCED_FACE ( 'NONE', ( #1362 ), #1726, .F. ) ;
#2382 = ORIENTED_EDGE ( 'NONE', *, *, #3028, .T. ) ;
#2383 = EDGE_CURVE ( 'NONE', #2410, #381, #1740, .T. ) ;
#2384 = FACE_OUTER_BOUND ( 'NONE', #1643, .T. ) ;
#2385 = DIRECTION ( 'NONE',  ( -0.9996899294595464891, -0.02490070153965400629, 0.000000000000000000 ) ) ;
#2386 = CARTESIAN_POINT ( 'NONE',  ( 1.151532202973414076, 1.044510962400339915, 0.9842238603032992250 ) ) ;
#2387 = CARTESIAN_POINT ( 'NONE',  ( -1.151524150811896741, 0.3949589051142682883, 0.9842182047228458242 ) ) ;
#2388 = VERTEX_POINT ( 'NONE', #377 ) ;
#2389 = CARTESIAN_POINT ( 'NONE',  ( 1.210700375064379664, -0.6903275008507764321, 0.9843877029482632768 ) ) ;
#2390 = CIRCLE ( 'NONE', #363, 0.02952755905511809595 ) ;
#2391 = EDGE_LOOP ( 'NONE', ( #1055, #3389, #1668, #280, #532 ) ) ;
#2392 = VERTEX_POINT ( 'NONE', #634 ) ;
#2393 = CARTESIAN_POINT ( 'NONE',  ( -1.151538441046787042, 1.694065389324757254, 0.9842281752020560770 ) ) ;
#2394 = AXIS2_PLACEMENT_3D ( 'NONE', #286, #1317, #2489 ) ;
#2395 = ORIENTED_EDGE ( 'NONE', *, *, #347, .T. ) ;
#2396 = LINE ( 'NONE', #2408, #3259 ) ;
#2397 = DIRECTION ( 'NONE',  ( 0.09472918011025316387, -0.9946563911576580264, -0.04104931138110971128 ) ) ;
#2398 = DIRECTION ( 'NONE',  ( -0.03904230783660001675, -0.9990237593482942380, 0.02066945708996472189 ) ) ;
#2399 = ORIENTED_EDGE ( 'NONE', *, *, #2418, .T. ) ;
#2400 = LINE ( 'NONE', #1879, #2362 ) ;
#2401 = ADVANCED_FACE ( 'NONE', ( #2726 ), #2762, .F. ) ;
#2402 = DIRECTION ( 'NONE',  ( 0.04919895195431921164, 0.9984493190729484269, -0.02604650397581605159 ) ) ;
#2403 = CARTESIAN_POINT ( 'NONE',  ( 5.463695987328526437E-16, -9.842519685039361477, 0.4724409448818902013 ) ) ;
#2404 = CARTESIAN_POINT ( 'NONE',  ( -0.02934084524717677639, -9.839204335293917580, 0.4724409448818904789 ) ) ;
#2405 = EDGE_LOOP ( 'NONE', ( #76, #2887 ) ) ;
#2406 = VERTEX_POINT ( 'NONE', #2462 ) ;
#2407 = DIRECTION ( 'NONE',  ( 0.1248775672652707031, -0.9906953669711477950, -0.05411361248161730697 ) ) ;
#2408 = CARTESIAN_POINT ( 'NONE',  ( 0.02939455135612226155, -9.839720203957847744, 0.4724409448818896462 ) ) ;
#2409 = CARTESIAN_POINT ( 'NONE',  ( -1.210670279201395250, 1.258655898070431878, 0.9842994189826452800 ) ) ;
#2410 = VERTEX_POINT ( 'NONE', #1197 ) ;
#2411 = DIRECTION ( 'NONE',  ( 0.02867687493180144306, -0.9994734351230785130, 0.01518187496389486989 ) ) ;
#2412 = CARTESIAN_POINT ( 'NONE',  ( 1.210700442322061976, -0.6903269796037383443, 0.9843584975932866410 ) ) ;
#2413 = DIRECTION ( 'NONE',  ( 0.1221074444996558539, 0.9911054245222066239, 0.05291322594985086586 ) ) ;
#2414 = SHAPE_DEFINITION_REPRESENTATION ( #2089, #1460 ) ;
#2415 = CARTESIAN_POINT ( 'NONE',  ( -0.5118110236220473341, 22.83464566929133710, 0.6299212598425196763 ) ) ;
#2416 = EDGE_CURVE ( 'NONE', #3189, #2605, #3276, .T. ) ;
#2417 = AXIS2_PLACEMENT_3D ( 'NONE', #1478, #2398, #274 ) ;
#2418 = EDGE_CURVE ( 'NONE', #407, #1175, #113, .T. ) ;
#2419 = ORIENTED_EDGE ( 'NONE', *, *, #325, .F. ) ;
#2420 = ORIENTED_EDGE ( 'NONE', *, *, #600, .F. ) ;
#2421 = VECTOR ( 'NONE', #2116, 39.37007874015748143 ) ;
#2422 = CARTESIAN_POINT ( 'NONE',  ( -1.181319911541379497, 0.8189014863643128139, 0.9843671416821664355 ) ) ;
#2423 = AXIS2_PLACEMENT_3D ( 'NONE', #1729, #1483, #2464 ) ;
#2424 = VERTEX_POINT ( 'NONE', #1163 ) ;
#2425 = CARTESIAN_POINT ( 'NONE',  ( 1.210712022227196538, -1.123431211381755501, 0.9843402093495167149 ) ) ;
#2426 = VECTOR ( 'NONE', #2581, 39.37007874015748854 ) ;
#2427 = CARTESIAN_POINT ( 'NONE',  ( 1.210668197348373054, 1.475208965849990284, 0.9842770794117325917 ) ) ;
#2428 = CYLINDRICAL_SURFACE ( 'NONE', #2151, 0.02952755905511815840 ) ;
#2429 =( BOUNDED_CURVE ( )  B_SPLINE_CURVE ( 3, ( #395, #418, #650, #1674 ),
 .UNSPECIFIED., .F., .T. ) 
 B_SPLINE_CURVE_WITH_KNOTS ( ( 4, 4 ),
 ( 5.857052225542073387, 5.859906439450243809 ),
 .UNSPECIFIED. ) 
 CURVE ( )  GEOMETRIC_REPRESENTATION_ITEM ( )  RATIONAL_B_SPLINE_CURVE ( ( 1.000000000000000000, 0.9999993211220289391, 0.9999993211220289391, 1.000000000000000000 ) ) 
 REPRESENTATION_ITEM ( '' )  );
#2430 = DIRECTION ( 'NONE',  ( -0.9994761488791452653, 0.03236398958275325116, 0.000000000000000000 ) ) ;
#2431 = DIRECTION ( 'NONE',  ( -0.9945998255205058536, 0.1037843296195493092, 0.000000000000000000 ) ) ;
#2432 = DIRECTION ( 'NONE',  ( -0.03103108282175777097, 0.9993834026419049499, -0.01642822031740117511 ) ) ;
#2433 = CARTESIAN_POINT ( 'NONE',  ( 1.210664478708154634, 1.908312596633759073, 0.9843310789144147366 ) ) ;
#2434 = ORIENTED_EDGE ( 'NONE', *, *, #1871, .F. ) ;
#2435 = EDGE_CURVE ( 'NONE', #2956, #3397, #2247, .T. ) ;
#2436 = ORIENTED_EDGE ( 'NONE', *, *, #498, .T. ) ;
#2437 = DIRECTION ( 'NONE',  ( 0.9921643531961205076, 0.1249070597977297997, 0.002850028001620542352 ) ) ;
#2438 = AXIS2_PLACEMENT_3D ( 'NONE', #1843, #802, #819 ) ;
#2439 = VECTOR ( 'NONE', #1449, 39.37007874015748854 ) ;
#2440 = ORIENTED_EDGE ( 'NONE', *, *, #2022, .F. ) ;
#2441 = ORIENTED_EDGE ( 'NONE', *, *, #1767, .T. ) ;
#2442 = CYLINDRICAL_SURFACE ( 'NONE', #129, 0.02952755905511818615 ) ;
#2443 = CIRCLE ( 'NONE', #1078, 0.02952755905511797105 ) ;
#2444 = CARTESIAN_POINT ( 'NONE',  ( -1.210664115843848698, -0.9058100349260049811, 0.9253957873171709814 ) ) ;
#2445 = DIRECTION ( 'NONE',  ( 0.03103108282175778485, -0.9993834026419051719, 0.01642822031740118899 ) ) ;
#2446 = CARTESIAN_POINT ( 'NONE',  ( 1.092739197465705287E-15, -9.842519685039379240, 0.4724409448818895352 ) ) ;
#2447 = DIRECTION ( 'NONE',  ( 0.9925098280786682770, -0.1221340019400178056, -0.002743489997819584334 ) ) ;
#2448 =( BOUNDED_CURVE ( )  B_SPLINE_CURVE ( 3, ( #494, #1514, #2547, #2296 ),
 .UNSPECIFIED., .F., .T. ) 
 B_SPLINE_CURVE_WITH_KNOTS ( ( 4, 4 ),
 ( 2.719149383261065811, 5.858461202606954465 ),
 .UNSPECIFIED. ) 
 CURVE ( )  GEOMETRIC_REPRESENTATION_ITEM ( )  RATIONAL_B_SPLINE_CURVE ( ( 1.000000000000000000, 0.3340936112498381072, 0.3340936112498381072, 1.000000000000000000 ) ) 
 REPRESENTATION_ITEM ( '' )  );
#2449 = DIRECTION ( 'NONE',  ( -0.9951659920375963697, -0.09820717026687293683, 0.000000000000000000 ) ) ;
#2450 = CARTESIAN_POINT ( 'NONE',  ( -0.5118110236220473341, 20.62992125984252567, 0.6299212598425196763 ) ) ;
#2451 = EDGE_LOOP ( 'NONE', ( #1975, #2717, #1233, #1338, #408 ) ) ;
#2452 = ORIENTED_EDGE ( 'NONE', *, *, #1320, .T. ) ;
#2453 = CARTESIAN_POINT ( 'NONE',  ( 0.4823085080482974463, 15.11689437497258481, 0.6299212598425196763 ) ) ;
#2454 = DIRECTION ( 'NONE',  ( -0.9945998255205058536, 0.1037843296195493092, 0.000000000000000000 ) ) ;
#2455 = EDGE_CURVE ( 'NONE', #465, #768, #2042, .T. ) ;
#2456 = VERTEX_POINT ( 'NONE', #1928 ) ;
#2457 = ORIENTED_EDGE ( 'NONE', *, *, #714, .F. ) ;
#2458 = CARTESIAN_POINT ( 'NONE',  ( 0.000000000000000000, -9.842519685039366806, 0.4724409448818893686 ) ) ;
#2459 =( BOUNDED_CURVE ( )  B_SPLINE_CURVE ( 3, ( #926, #373, #691, #1961 ),
 .UNSPECIFIED., .F., .T. ) 
 B_SPLINE_CURVE_WITH_KNOTS ( ( 4, 4 ),
 ( 3.563743366561279657, 3.565793577216898047 ),
 .UNSPECIFIED. ) 
 CURVE ( )  GEOMETRIC_REPRESENTATION_ITEM ( )  RATIONAL_B_SPLINE_CURVE ( ( 1.000000000000000000, 0.9999996497197196632, 0.9999996497197196632, 1.000000000000000000 ) ) 
 REPRESENTATION_ITEM ( '' )  );
#2460 = CARTESIAN_POINT ( 'NONE',  ( 0.5118110236220473341, 30.55118110236220375, 0.6299212598425196763 ) ) ;
#2461 = FACE_OUTER_BOUND ( 'NONE', #176, .T. ) ;
#2462 = CARTESIAN_POINT ( 'NONE',  ( 1.151477985508381874, -1.553703922883177935, 0.9840820162647881952 ) ) ;
#2463 = DIRECTION ( 'NONE',  ( -0.02410450479597335896, -0.9996279930094827959, 0.01276120842139765420 ) ) ;
#2464 = DIRECTION ( 'NONE',  ( -0.9943889131791134872, -0.1057860545935119106, 0.000000000000000000 ) ) ;
#2465 =( BOUNDED_CURVE ( )  B_SPLINE_CURVE ( 3, ( #2530, #1228, #2281, #3336 ),
 .UNSPECIFIED., .F., .T. ) 
 B_SPLINE_CURVE_WITH_KNOTS ( ( 4, 4 ),
 ( 0.4245390910577965804, 3.563931541273293924 ),
 .UNSPECIFIED. ) 
 CURVE ( )  GEOMETRIC_REPRESENTATION_ITEM ( )  RATIONAL_B_SPLINE_CURVE ( ( 1.000000000000000000, 0.3340667343101687004, 0.3340667343101687004, 1.000000000000000000 ) ) 
 REPRESENTATION_ITEM ( '' )  );
#2466 = VECTOR ( 'NONE', #2364, 39.37007874015748854 ) ;
#2467 = VERTEX_POINT ( 'NONE', #2212 ) ;
#2468 = ORIENTED_EDGE ( 'NONE', *, *, #2821, .F. ) ;
#2469 = PLANE ( 'NONE',  #1217 ) ;
#2470 = DIRECTION ( 'NONE',  ( 0.04919895195431920470, 0.9984493190729484269, -0.02604650397581605159 ) ) ;
#2471 = CIRCLE ( 'NONE', #1110, 0.02952755905511808207 ) ;
#2472 = ORIENTED_EDGE ( 'NONE', *, *, #3286, .F. ) ;
#2473 = ORIENTED_EDGE ( 'NONE', *, *, #3290, .T. ) ;
#2474 = DIRECTION ( 'NONE',  ( -0.9996181710784610708, 0.02763172180216904444, 0.000000000000000000 ) ) ;
#2475 = CARTESIAN_POINT ( 'NONE',  ( 0.02937398904375537398, -9.839512109369366044, 0.4724409448818902013 ) ) ;
#2476 = CARTESIAN_POINT ( 'NONE',  ( -1.151628257124826860, 2.561019285092117848, 0.9252148047031646394 ) ) ;
#2477 = AXIS2_PLACEMENT_3D ( 'NONE', #1464, #1966, #3012 ) ;
#2478 =( BOUNDED_CURVE ( )  B_SPLINE_CURVE ( 3, ( #474, #1288, #1303, #1252 ),
 .UNSPECIFIED., .F., .T. ) 
 B_SPLINE_CURVE_WITH_KNOTS ( ( 4, 4 ),
 ( 3.567447598939534892, 6.706292910367126048 ),
 .UNSPECIFIED. ) 
 CURVE ( )  GEOMETRIC_REPRESENTATION_ITEM ( )  RATIONAL_B_SPLINE_CURVE ( ( 1.000000000000000000, 0.3342491137660585920, 0.3342491137660585920, 1.000000000000000000 ) ) 
 REPRESENTATION_ITEM ( '' )  );
#2479 = EDGE_CURVE ( 'NONE', #2883, #1104, #164, .T. ) ;
#2480 = DIRECTION ( 'NONE',  ( -0.9936766257044424844, 0.1122798447123670718, 0.000000000000000000 ) ) ;
#2481 = CARTESIAN_POINT ( 'NONE',  ( 1.151520941139319465, 0.1784427486504651661, 0.9841657528121792176 ) ) ;
#2482 = CARTESIAN_POINT ( 'NONE',  ( -1.151957880422117331, -0.9158908375673699975, 0.9844428503554416565 ) ) ;
#2483 = EDGE_CURVE ( 'NONE', #1105, #2554, #1326, .T. ) ;
#2484 = AXIS2_PLACEMENT_3D ( 'NONE', #2099, #1238, #3077 ) ;
#2485 = DIRECTION ( 'NONE',  ( 0.02335953376323146938, -0.9996506360441690386, 0.01236681199229901044 ) ) ;
#2486 = DIRECTION ( 'NONE',  ( 0.09990499666730638662, 0.9940547168396985933, 0.04329216522249944299 ) ) ;
#2487 = ORIENTED_EDGE ( 'NONE', *, *, #3331, .T. ) ;
#2488 = VERTEX_POINT ( 'NONE', #3033 ) ;
#2489 = DIRECTION ( 'NONE',  ( 0.9913979885109447387, 0.1308455698271574208, 0.003076561889361431081 ) ) ;
#2490 = CARTESIAN_POINT ( 'NONE',  ( 1.152058396523557793, -1.566254846497482145, 0.9844912900053188753 ) ) ;
#2491 = VERTEX_POINT ( 'NONE', #1948 ) ;
#2492 = VERTEX_POINT ( 'NONE', #2979 ) ;
#2493 = PLANE ( 'NONE',  #1659 ) ;
#2494 = EDGE_CURVE ( 'NONE', #3170, #2220, #1604, .T. ) ;
#2495 = CYLINDRICAL_SURFACE ( 'NONE', #3195, 0.02952755905511807166 ) ;
#2496 = CIRCLE ( 'NONE', #2438, 0.02952755905511821044 ) ;
#2497 = CARTESIAN_POINT ( 'NONE',  ( -1.210662838513631101, 2.124864391537093944, 0.9843280851113318519 ) ) ;
#2498 = APPLICATION_CONTEXT ( 'configuration controlled 3d designs of mechanical parts and assemblies' ) ;
#2499 = CARTESIAN_POINT ( 'NONE',  ( -0.4822902131442564633, 33.85763645392142962, 0.6299212598425200094 ) ) ;
#2500 = CARTESIAN_POINT ( 'NONE',  ( -1.210680573597552323, 0.3924426696888819732, 0.9842857322850280255 ) ) ;
#2501 = VECTOR ( 'NONE', #3298, 39.37007874015748143 ) ;
#2502 = EDGE_CURVE ( 'NONE', #2339, #1385, #568, .T. ) ;
#2503 = EDGE_CURVE ( 'NONE', #1806, #399, #783, .T. ) ;
#2504 = CARTESIAN_POINT ( 'NONE',  ( 1.181439347233824266, -0.6980452397653088559, 0.9844303723428722286 ) ) ;
#2505 = DIRECTION ( 'NONE',  ( -0.9994282276966738321, -0.03381150223053430021, 0.000000000000000000 ) ) ;
#2506 = ADVANCED_FACE ( 'NONE', ( #1146 ), #1690, .T. ) ;
#2507 = ORIENTED_EDGE ( 'NONE', *, *, #1220, .F. ) ;
#2508 = CARTESIAN_POINT ( 'NONE',  ( 5.463695987328526437E-16, -9.842519685039368582, 0.4724409448818896462 ) ) ;
#2509 = CYLINDRICAL_SURFACE ( 'NONE', #2918, 0.02952755905511802656 ) ;
#2510 = ORIENTED_EDGE ( 'NONE', *, *, #2455, .F. ) ;
#2511 = VERTEX_POINT ( 'NONE', #3249 ) ;
#2512 = DIRECTION ( 'NONE',  ( 0.1099041199491679888, -0.9928005502074841448, -0.04762511864463941924 ) ) ;
#2513 = DIRECTION ( 'NONE',  ( 0.9917945189068668732, -0.1278079186563344516, -0.002961113816183727401 ) ) ;
#2514 = CARTESIAN_POINT ( 'NONE',  ( 0.000000000000000000, -9.842519685039373911, 0.4724409448818896462 ) ) ;
#2515 = CARTESIAN_POINT ( 'NONE',  ( -1.151517393723879179, -0.03807508058424125680, 0.9842133863136013350 ) ) ;
#2516 = LINE ( 'NONE', #3215, #1007 ) ;
#2517 = EDGE_LOOP ( 'NONE', ( #3147, #2223, #2010, #2343, #120 ) ) ;
#2518 = CARTESIAN_POINT ( 'NONE',  ( 0.5413314353985684280, 32.75655515194071654, 0.6299212598425198983 ) ) ;
#2519 = CARTESIAN_POINT ( 'NONE',  ( 1.210570585609098693, 1.474272922068424974, 1.043289182368462908 ) ) ;
#2520 = VERTEX_POINT ( 'NONE', #894 ) ;
#2521 = ADVANCED_FACE ( 'NONE', ( #2742 ), #3284, .T. ) ;
#2522 = CARTESIAN_POINT ( 'NONE',  ( -0.5413254589839253672, 22.83552592438108420, 0.6299212598425194543 ) ) ;
#2523 = CARTESIAN_POINT ( 'NONE',  ( 0.5118110236220474452, 15.11811023622047578, 0.6299212598425196763 ) ) ;
#2524 = EDGE_CURVE ( 'NONE', #3006, #436, #2516, .T. ) ;
#2525 = EDGE_LOOP ( 'NONE', ( #43, #1851, #1680, #1096, #1344 ) ) ;
#2526 = ORIENTED_EDGE ( 'NONE', *, *, #518, .T. ) ;
#2527 = CARTESIAN_POINT ( 'NONE',  ( -0.5118110236220473341, 14.01574803149606296, 0.6299212598425201204 ) ) ;
#2528 = AXIS2_PLACEMENT_3D ( 'NONE', #2330, #1550, #2841 ) ;
#2529 = FACE_OUTER_BOUND ( 'NONE', #2014, .T. ) ;
#2530 = CARTESIAN_POINT ( 'NONE',  ( 1.210672521436033655, 1.042103210828008386, 0.9842800767045751797 ) ) ;
#2531 = VERTEX_POINT ( 'NONE', #3223 ) ;
#2532 = AXIS2_PLACEMENT_3D ( 'NONE', #394, #1209, #1983 ) ;
#2533 = DIRECTION ( 'NONE',  ( -0.9949875627331997707, 0.09999875002342249741, 0.000000000000000000 ) ) ;
#2534 = DIRECTION ( 'NONE',  ( 0.03235924008452868011, 0.9993294731986797075, -0.01713136239769165459 ) ) ;
#2535 = VECTOR ( 'NONE', #3268, 39.37007874015748143 ) ;
#2536 = CARTESIAN_POINT ( 'NONE',  ( -1.210576467284620872, 2.557090951128354828, 1.043289132304711986 ) ) ;
#2537 = AXIS2_PLACEMENT_3D ( 'NONE', #758, #1802, #509 ) ;
#2538 = ORIENTED_EDGE ( 'NONE', *, *, #2269, .T. ) ;
#2539 = ADVANCED_FACE ( 'NONE', ( #684 ), #2740, .T. ) ;
#2540 = EDGE_CURVE ( 'NONE', #1615, #2899, #1657, .T. ) ;
#2541 = ORIENTED_EDGE ( 'NONE', *, *, #558, .F. ) ;
#2542 = ORIENTED_EDGE ( 'NONE', *, *, #2660, .F. ) ;
#2543 = EDGE_CURVE ( 'NONE', #629, #837, #216, .T. ) ;
#2544 = CARTESIAN_POINT ( 'NONE',  ( 5.463695987328526437E-16, -9.842519685039372135, 0.4724409448818896462 ) ) ;
#2545 = EDGE_CURVE ( 'NONE', #332, #852, #572, .T. ) ;
#2546 = CARTESIAN_POINT ( 'NONE',  ( 0.5118110236220468900, 17.32283464566929254, 0.6299212598425194543 ) ) ;
#2547 = CARTESIAN_POINT ( 'NONE',  ( -1.210647955604096992, 0.8265272611656261370, 0.9253404895101826622 ) ) ;
#2548 = CARTESIAN_POINT ( 'NONE',  ( -1.210659896001084812, 2.557966952651223203, 0.9843225942280416918 ) ) ;
#2549 = EDGE_LOOP ( 'NONE', ( #2730, #1734 ) ) ;
#2550 = CYLINDRICAL_SURFACE ( 'NONE', #1342, 0.02952755905511807513 ) ;
#2551 = CARTESIAN_POINT ( 'NONE',  ( -1.152020230744733587, -1.349444554187609446, 0.9844729531041037651 ) ) ;
#2552 = AXIS2_PLACEMENT_3D ( 'NONE', #2706, #357, #1426 ) ;
#2553 = CARTESIAN_POINT ( 'NONE',  ( -1.210687271267756993, -0.04066643361770103104, 0.9843686886482269083 ) ) ;
#2554 = VERTEX_POINT ( 'NONE', #1980 ) ;
#2555 = DIRECTION ( 'NONE',  ( -0.1036795320132139903, -0.9935955151266344654, -0.04492779720572608743 ) ) ;
#2556 = APPROVAL ( #3326, 'Coincident' ) ;
#2557 =( BOUNDED_CURVE ( )  B_SPLINE_CURVE ( 3, ( #945, #3011, #633, #3234 ),
 .UNSPECIFIED., .F., .T. ) 
 B_SPLINE_CURVE_WITH_KNOTS ( ( 4, 4 ),
 ( 2.717423284153025698, 5.855691307010245872 ),
 .UNSPECIFIED. ) 
 CURVE ( )  GEOMETRIC_REPRESENTATION_ITEM ( )  RATIONAL_B_SPLINE_CURVE ( ( 1.000000000000000000, 0.3344415430671395795, 0.3344415430671395795, 1.000000000000000000 ) ) 
 REPRESENTATION_ITEM ( '' )  );
#2558 = ORIENTED_EDGE ( 'NONE', *, *, #2083, .T. ) ;
#2559 = ORIENTED_EDGE ( 'NONE', *, *, #2755, .F. ) ;
#2560 = DIRECTION ( 'NONE',  ( -0.1373245821369522002, 0.9887369913860558635, 0.05950731892601262424 ) ) ;
#2561 = EDGE_CURVE ( 'NONE', #768, #1119, #1964, .T. ) ;
#2562 = ADVANCED_FACE ( 'NONE', ( #662 ), #149, .T. ) ;
#2563 = LINE ( 'NONE', #217, #2316 ) ;
#2564 = EDGE_CURVE ( 'NONE', #2931, #3017, #1875, .T. ) ;
#2565 = CARTESIAN_POINT ( 'NONE',  ( 1.151492725930839622, -1.120663853059687298, 0.9841952575450420015 ) ) ;
#2566 = ORIENTED_EDGE ( 'NONE', *, *, #600, .T. ) ;
#2567 = ADVANCED_FACE ( 'NONE', ( #911 ), #2210, .T. ) ;
#2568 = CARTESIAN_POINT ( 'NONE',  ( 0.02936187735765032752, -9.839396081065151733, 0.4724409448818899238 ) ) ;
#2569 = CARTESIAN_POINT ( 'NONE',  ( 1.210683801855773289, 0.1758883904830461364, 0.9843131004435519138 ) ) ;
#2570 =( BOUNDED_CURVE ( )  B_SPLINE_CURVE ( 3, ( #1358, #2705, #2425, #593 ),
 .UNSPECIFIED., .F., .T. ) 
 B_SPLINE_CURVE_WITH_KNOTS ( ( 4, 4 ),
 ( 0.4239090219654126357, 0.4271104190874779327 ),
 .UNSPECIFIED. ) 
 CURVE ( )  GEOMETRIC_REPRESENTATION_ITEM ( )  RATIONAL_B_SPLINE_CURVE ( ( 1.000000000000000000, 0.9999991459215546996, 0.9999991459215546996, 1.000000000000000000 ) ) 
 REPRESENTATION_ITEM ( '' )  );
#2571 = DIRECTION ( 'NONE',  ( -0.03712567008239094080, 0.9991172978055207210, -0.01965476651420696580 ) ) ;
#2572 = ORIENTED_EDGE ( 'NONE', *, *, #2383, .T. ) ;
#2573 = COORDINATED_UNIVERSAL_TIME_OFFSET ( 8, 0, .BEHIND. ) ;
#2574 = CARTESIAN_POINT ( 'NONE',  ( 0.000000000000000000, -9.842519685039373911, 0.4724409448818902013 ) ) ;
#2575 = ORIENTED_EDGE ( 'NONE', *, *, #2543, .F. ) ;
#2576 = ORIENTED_EDGE ( 'NONE', *, *, #1468, .T. ) ;
#2577 = CARTESIAN_POINT ( 'NONE',  ( 0.000000000000000000, -9.842519685039388122, 0.4724409448818896462 ) ) ;
#2578 =( BOUNDED_CURVE ( )  B_SPLINE_CURVE ( 3, ( #359, #3032, #1927, #1463 ),
 .UNSPECIFIED., .F., .T. ) 
 B_SPLINE_CURVE_WITH_KNOTS ( ( 4, 4 ),
 ( 5.854813781933978944, 5.858389986481811640 ),
 .UNSPECIFIED. ) 
 CURVE ( )  GEOMETRIC_REPRESENTATION_ITEM ( )  RATIONAL_B_SPLINE_CURVE ( ( 1.000000000000000000, 0.9999989342303698958, 0.9999989342303698958, 1.000000000000000000 ) ) 
 REPRESENTATION_ITEM ( '' )  );
#2579 = AXIS2_PLACEMENT_3D ( 'NONE', #838, #35, #293 ) ;
#2580 = EDGE_CURVE ( 'NONE', #1493, #2554, #679, .T. ) ;
#2581 = DIRECTION ( 'NONE',  ( 0.04919895195431921164, 0.9984493190729484269, -0.02604650397581605159 ) ) ;
#2582 = CARTESIAN_POINT ( 'NONE',  ( 0.5118110236220468900, 17.32283464566929254, 0.6299212598425194543 ) ) ;
#2583 = CARTESIAN_POINT ( 'NONE',  ( 1.151492729011611482, -1.120662702918537867, 0.9841321979089371341 ) ) ;
#2584 = AXIS2_PLACEMENT_3D ( 'NONE', #112, #930, #1982 ) ;
#2585 = EDGE_LOOP ( 'NONE', ( #2510, #603, #1769, #3003, #1995 ) ) ;
#2586 = CYLINDRICAL_SURFACE ( 'NONE', #257, 0.02952755905511809942 ) ;
#2587 = ADVANCED_FACE ( 'NONE', ( #2259 ), #439, .T. ) ;
#2588 = AXIS2_PLACEMENT_3D ( 'NONE', #546, #2397, #1095 ) ;
#2589 = ADVANCED_FACE ( 'NONE', ( #181 ), #458, .T. ) ;
#2590 = DIRECTION ( 'NONE',  ( 0.04353682169814173525, 0.9987859095456045333, -0.02304890560489855980 ) ) ;
#2591 = VECTOR ( 'NONE', #340, 39.37007874015748854 ) ;
#2592 = CARTESIAN_POINT ( 'NONE',  ( 0.5118110236220474452, 12.91338582677164837, 0.6299212598425196763 ) ) ;
#2593 = ORIENTED_EDGE ( 'NONE', *, *, #2067, .F. ) ;
#2594 = AXIS2_PLACEMENT_3D ( 'NONE', #1253, #1803, #2084 ) ;
#2595 = PERSON_AND_ORGANIZATION ( #18446744073709551615, #2228 ) ;
#2596 = LINE ( 'NONE', #1814, #1708 ) ;
#2597 = EDGE_LOOP ( 'NONE', ( #350, #2541 ) ) ;
#2598 = ORIENTED_EDGE ( 'NONE', *, *, #1160, .F. ) ;
#2599 = FACE_OUTER_BOUND ( 'NONE', #764, .T. ) ;
#2600 = ORIENTED_EDGE ( 'NONE', *, *, #511, .F. ) ;
#2601 = CARTESIAN_POINT ( 'NONE',  ( 1.151825309314471246, 0.6010818288756500927, 0.9843781589223298267 ) ) ;
#2602 = CARTESIAN_POINT ( 'NONE',  ( 1.151536527061077120, 1.477546939661814607, 0.9842268575961421462 ) ) ;
#2603 = PLANE ( 'NONE',  #396 ) ;
#2604 = APPROVAL ( #1521, 'Coincident' ) ;
#2605 = VERTEX_POINT ( 'NONE', #3266 ) ;
#2606 = CARTESIAN_POINT ( 'NONE',  ( -0.5118110236220473341, 22.83464566929133710, 0.6299212598425196763 ) ) ;
#2607 = CARTESIAN_POINT ( 'NONE',  ( 1.181367293018989129, 0.1686330236948285211, 0.9843922259938422403 ) ) ;
#2608 = ADVANCED_FACE ( 'NONE', ( #962 ), #414, .T. ) ;
#2609 = EDGE_CURVE ( 'NONE', #3341, #2363, #1030, .T. ) ;
#2610 = CARTESIAN_POINT ( 'NONE',  ( 1.151631804512201818, 1.911496051330014989, 0.9252149458764863388 ) ) ;
#2611 = ORIENTED_EDGE ( 'NONE', *, *, #1320, .F. ) ;
#2612 = AXIS2_PLACEMENT_3D ( 'NONE', #2998, #1986, #3035 ) ;
#2613 = APPROVAL_DATE_TIME ( #2060, #2604 ) ;
#2614 = CARTESIAN_POINT ( 'NONE',  ( 1.210672521436033655, 1.042103210828008386, 0.9842800767045751797 ) ) ;
#2615 = AXIS2_PLACEMENT_3D ( 'NONE', #3263, #909, #1944 ) ;
#2616 = EDGE_LOOP ( 'NONE', ( #2974, #870, #1077, #1286, #1696 ) ) ;
#2617 = ORIENTED_EDGE ( 'NONE', *, *, #2455, .T. ) ;
#2618 = DIRECTION ( 'NONE',  ( -0.1099041199491679610, 0.9928005502074840338, 0.04762511864463945394 ) ) ;
#2619 = ORIENTED_EDGE ( 'NONE', *, *, #3140, .F. ) ;
#2620 = CARTESIAN_POINT ( 'NONE',  ( 0.000000000000000000, -9.842519685039373911, 0.4724409448818888135 ) ) ;
#2621 = CARTESIAN_POINT ( 'NONE',  ( 1.210644786759158764, 1.476148832152319290, 0.9253253054147398959 ) ) ;
#2622 = ORIENTED_EDGE ( 'NONE', *, *, #1511, .T. ) ;
#2623 = CARTESIAN_POINT ( 'NONE',  ( -1.151541858475814584, 2.127103834543850880, 0.9841940714908907761 ) ) ;
#2624 = CARTESIAN_POINT ( 'NONE',  ( -5.463695987328526437E-16, -9.842519685039373911, 0.4724409448818896462 ) ) ;
#2625 = CARTESIAN_POINT ( 'NONE',  ( -1.151509127312392300, -0.4711092882941844140, 0.9842074040843180605 ) ) ;
#2626 = ORIENTED_EDGE ( 'NONE', *, *, #2713, .T. ) ;
#2627 = CARTESIAN_POINT ( 'NONE',  ( 1.210726828219531814, -1.556530425305127974, 0.9843199707086000005 ) ) ;
#2628 = ORIENTED_EDGE ( 'NONE', *, *, #2152, .F. ) ;
#2629 = EDGE_CURVE ( 'NONE', #1583, #1333, #1946, .T. ) ;
#2630 = ORIENTED_EDGE ( 'NONE', *, *, #1187, .F. ) ;
#2631 = DIRECTION ( 'NONE',  ( -0.9997432100566003843, 0.02266084609461874524, 0.000000000000000000 ) ) ;
#2632 = EDGE_CURVE ( 'NONE', #2883, #3108, #1728, .T. ) ;
#2633 = CARTESIAN_POINT ( 'NONE',  ( 0.02937955401771252806, -9.845472404036142322, 0.4724409448818896462 ) ) ;
#2634 = CARTESIAN_POINT ( 'NONE',  ( 1.151634138800351259, 1.478482983443379917, 0.9252147546394072775 ) ) ;
#2635 = CARTESIAN_POINT ( 'NONE',  ( -0.4823059872310429541, 16.21931937055718009, 0.6299212598425196763 ) ) ;
#2636 = ORIENTED_EDGE ( 'NONE', *, *, #1599, .F. ) ;
#2637 = PLANE ( 'NONE',  #2579 ) ;
#2638 = CIRCLE ( 'NONE', #2417, 0.02952755905511818962 ) ;
#2639 = CYLINDRICAL_SURFACE ( 'NONE', #3362, 0.02952755905511815146 ) ;
#2640 = DIRECTION ( 'NONE',  ( 0.1036795320132140458, 0.9935955151266345764, 0.04492779720572609437 ) ) ;
#2641 = PLANE ( 'NONE',  #1085 ) ;
#2642 = EDGE_LOOP ( 'NONE', ( #556, #1677, #2137, #2905, #1060 ) ) ;
#2643 = DIRECTION ( 'NONE',  ( -0.04353682169814167974, -0.9987859095456046443, 0.02304890560489856674 ) ) ;
#2644 = CIRCLE ( 'NONE', #1655, 0.02952755905511812023 ) ;
#2645 = LOCAL_TIME ( 16, 16, 8.000000000000000000, #466 ) ;
#2646 = AXIS2_PLACEMENT_3D ( 'NONE', #2017, #2784, #2480 ) ;
#2647 = EDGE_LOOP ( 'NONE', ( #925, #543, #2075, #1971, #1751 ) ) ;
#2648 = VERTEX_POINT ( 'NONE', #1528 ) ;
#2649 = DIRECTION ( 'NONE',  ( -0.04353682169814167974, -0.9987859095456046443, 0.02304890560489856674 ) ) ;
#2650 = CIRCLE ( 'NONE', #3321, 0.02952755905511818962 ) ;
#2651 = EDGE_CURVE ( 'NONE', #1150, #2388, #2068, .T. ) ;
#2652 = ADVANCED_FACE ( 'NONE', ( #3365 ), #1581, .T. ) ;
#2653 = ADVANCED_FACE ( 'NONE', ( #778 ), #3100, .T. ) ;
#2654 = ORIENTED_EDGE ( 'NONE', *, *, #114, .F. ) ;
#2655 = EDGE_CURVE ( 'NONE', #2186, #34, #2378, .T. ) ;
#2656 = CARTESIAN_POINT ( 'NONE',  ( -0.4823114768061866342, 14.01446215381434790, 0.6299212598425201204 ) ) ;
#2657 = DIRECTION ( 'NONE',  ( 0.03904230783660000287, 0.9990237593482941270, -0.02066945708996471148 ) ) ;
#2658 = ORIENTED_EDGE ( 'NONE', *, *, #326, .T. ) ;
#2659 = CARTESIAN_POINT ( 'NONE',  ( -0.02927302588750091417, -9.846388366874727183, 0.4724409448818888135 ) ) ;
#2660 = EDGE_CURVE ( 'NONE', #2648, #2491, #1086, .T. ) ;
#2661 = CARTESIAN_POINT ( 'NONE',  ( 1.092739197465705287E-15, -9.842519685039379240, 0.4724409448818895352 ) ) ;
#2662 = CARTESIAN_POINT ( 'NONE',  ( 1.210700375064379664, -0.6903275008507764321, 0.9843877029482632768 ) ) ;
#2663 = CARTESIAN_POINT ( 'NONE',  ( -1.151509132039592709, -0.4711082890708109261, 0.9841511902087849428 ) ) ;
#2664 = CARTESIAN_POINT ( 'NONE',  ( 1.210668197348373054, 1.475208965849990284, 0.9842770794117325917 ) ) ;
#2665 = VECTOR ( 'NONE', #443, 39.37007874015748854 ) ;
#2666 = ORIENTED_EDGE ( 'NONE', *, *, #796, .F. ) ;
#2667 = ORIENTED_EDGE ( 'NONE', *, *, #2039, .T. ) ;
#2668 = VECTOR ( 'NONE', #2413, 39.37007874015748143 ) ;
#2669 = EDGE_CURVE ( 'NONE', #2531, #837, #233, .T. ) ;
#2670 = CARTESIAN_POINT ( 'NONE',  ( -5.463695987328526437E-16, -9.842519685039370358, 0.4724409448818899238 ) ) ;
#2671 = FACE_OUTER_BOUND ( 'NONE', #2642, .T. ) ;
#2672 = DIRECTION ( 'NONE',  ( 0.9996446339617708343, 0.02665719023898058607, 0.000000000000000000 ) ) ;
#2673 = LINE ( 'NONE', #3141, #1587 ) ;
#2674 =( BOUNDED_CURVE ( )  B_SPLINE_CURVE ( 3, ( #2235, #3036, #637, #1414 ),
 .UNSPECIFIED., .F., .T. ) 
 B_SPLINE_CURVE_WITH_KNOTS ( ( 4, 4 ),
 ( 0.4264332246735357823, 3.565060210625521364 ),
 .UNSPECIFIED. ) 
 CURVE ( )  GEOMETRIC_REPRESENTATION_ITEM ( )  RATIONAL_B_SPLINE_CURVE ( ( 1.000000000000000000, 0.3343218888503303732, 0.3343218888503303732, 1.000000000000000000 ) ) 
 REPRESENTATION_ITEM ( '' )  );
#2675 = ADVANCED_FACE ( 'NONE', ( #761 ), #2295, .T. ) ;
#2676 = FACE_OUTER_BOUND ( 'NONE', #1335, .T. ) ;
#2677 = CARTESIAN_POINT ( 'NONE',  ( 1.151631440953491792, -1.552627177176656215, 0.9251866362349854267 ) ) ;
#2678 = EDGE_CURVE ( 'NONE', #3192, #789, #1548, .T. ) ;
#2679 = CARTESIAN_POINT ( 'NONE',  ( 1.211050431335556121, -1.563525963254478013, 0.9844912900053188753 ) ) ;
#2680 = CARTESIAN_POINT ( 'NONE',  ( 1.151561601675209490, 1.909668815894035365, 1.043187495815996568 ) ) ;
#2681 = ORIENTED_EDGE ( 'NONE', *, *, #114, .T. ) ;
#2682 = EDGE_LOOP ( 'NONE', ( #2920, #10, #2275, #977, #2721 ) ) ;
#2683 = DIRECTION ( 'NONE',  ( -0.9953350822820909993, 0.09647836015658239894, 0.000000000000000000 ) ) ;
#2684 = ORIENTED_EDGE ( 'NONE', *, *, #475, .F. ) ;
#2685 = CARTESIAN_POINT ( 'NONE',  ( -5.463695987328526437E-16, -9.842519685039377464, 0.4724409448818890911 ) ) ;
#2686 = CARTESIAN_POINT ( 'NONE',  ( 0.5118110236220474452, 15.11811023622047578, 0.6299212598425196763 ) ) ;
#2687 = FACE_OUTER_BOUND ( 'NONE', #542, .T. ) ;
#2688 = CARTESIAN_POINT ( 'NONE',  ( 5.463695987328526437E-16, -9.842519685039361477, 0.4724409448818902013 ) ) ;
#2689 = LINE ( 'NONE', #51, #2154 ) ;
#2690 = CARTESIAN_POINT ( 'NONE',  ( -0.02934827894817360061, -9.845768572007807862, 0.4724409448818896462 ) ) ;
#2691 = EDGE_CURVE ( 'NONE', #1818, #1170, #1641, .T. ) ;
#2692 =( BOUNDED_CURVE ( )  B_SPLINE_CURVE ( 3, ( #3138, #710, #2052, #990 ),
 .UNSPECIFIED., .F., .T. ) 
 B_SPLINE_CURVE_WITH_KNOTS ( ( 4, 4 ),
 ( 5.858461202606954465, 5.860742036850858483 ),
 .UNSPECIFIED. ) 
 CURVE ( )  GEOMETRIC_REPRESENTATION_ITEM ( )  RATIONAL_B_SPLINE_CURVE ( ( 1.000000000000000000, 0.9999995664829761655, 0.9999995664829761655, 1.000000000000000000 ) ) 
 REPRESENTATION_ITEM ( '' )  );
#2693 = DIRECTION ( 'NONE',  ( 0.9997093968817960530, -0.02410646772622771980, 0.000000000000000000 ) ) ;
#2694 = VECTOR ( 'NONE', #647, 39.37007874015748854 ) ;
#2695 = ADVANCED_FACE ( 'NONE', ( #3135 ), #2359, .T. ) ;
#2696 = VECTOR ( 'NONE', #480, 39.37007874015747433 ) ;
#2697 = ORIENTED_EDGE ( 'NONE', *, *, #538, .T. ) ;
#2698 = ORIENTED_EDGE ( 'NONE', *, *, #156, .F. ) ;
#2699 = AXIS2_PLACEMENT_3D ( 'NONE', #1033, #2061, #2866 ) ;
#2700 = CARTESIAN_POINT ( 'NONE',  ( -1.151538445578652370, 1.694066002109482882, 0.9841891784265969223 ) ) ;
#2701 = PRODUCT_DEFINITION_FORMATION_WITH_SPECIFIED_SOURCE ( 'Symmetric', '', #12, .NOT_KNOWN. ) ;
#2702 = AXIS2_PLACEMENT_3D ( 'NONE', #205, #2055, #1246 ) ;
#2703 = ORIENTED_EDGE ( 'NONE', *, *, #759, .F. ) ;
#2704 = ORIENTED_EDGE ( 'NONE', *, *, #2564, .T. ) ;
#2705 = CARTESIAN_POINT ( 'NONE',  ( 1.210711995397837359, -1.123431785270436301, 0.9843717390989364935 ) ) ;
#2706 = CARTESIAN_POINT ( 'NONE',  ( 5.463695987328526437E-16, -9.842519685039373911, 0.4724409448818896462 ) ) ;
#2707 = AXIS2_PLACEMENT_3D ( 'NONE', #2422, #1630, #605 ) ;
#2708 = CARTESIAN_POINT ( 'NONE',  ( -1.151485795734878748, -1.337183986314469664, 0.9841900169224159223 ) ) ;
#2709 = APPROVAL ( #2952, 'Coincident' ) ;
#2710 = DIRECTION ( 'NONE',  ( 0.9997714481811931231, -0.02137876052721306847, 0.000000000000000000 ) ) ;
#2711 = CARTESIAN_POINT ( 'NONE',  ( 1.639108796198557931E-15, -9.842519685039382793, 0.4724409448818896462 ) ) ;
#2712 = FACE_OUTER_BOUND ( 'NONE', #2869, .T. ) ;
#2713 = EDGE_CURVE ( 'NONE', #2410, #3369, #1820, .T. ) ;
#2714 = EDGE_CURVE ( 'NONE', #2327, #1174, #1056, .T. ) ;
#2715 = LINE ( 'NONE', #1332, #3310 ) ;
#2716 = ORIENTED_EDGE ( 'NONE', *, *, #1446, .T. ) ;
#2717 = ORIENTED_EDGE ( 'NONE', *, *, #3137, .T. ) ;
#2718 = PLANE ( 'NONE',  #1815 ) ;
#2719 = DIRECTION ( 'NONE',  ( 0.9993734192586303244, -0.03539447526540979300, 0.000000000000000000 ) ) ;
#2720 = ORIENTED_EDGE ( 'NONE', *, *, #2540, .F. ) ;
#2721 = ORIENTED_EDGE ( 'NONE', *, *, #1279, .F. ) ;
#2722 = DIRECTION ( 'NONE',  ( 0.9939377469566454959, 0.1099207204229062651, 0.002278244160905388421 ) ) ;
#2723 = CLOSED_SHELL ( 'NONE', ( #1930, #2251, #2277, #169, #137, #413 ) ) ;
#2724 = DIRECTION ( 'NONE',  ( -0.1017574915280313047, 0.9938315005904388988, 0.04409491299548023296 ) ) ;
#2725 = AXIS2_PLACEMENT_3D ( 'NONE', #2898, #54, #1586 ) ;
#2726 = FACE_OUTER_BOUND ( 'NONE', #2781, .T. ) ;
#2727 = DIRECTION ( 'NONE',  ( 0.9909721386110538210, -0.1340298703227381927, -0.003195990911160811847 ) ) ;
#2728 = ADVANCED_FACE ( 'NONE', ( #797 ), #1840, .T. ) ;
#2729 = CARTESIAN_POINT ( 'NONE',  ( 1.210829306404603622, 1.036223774506637607, 0.9843630805114652604 ) ) ;
#2730 = ORIENTED_EDGE ( 'NONE', *, *, #110, .T. ) ;
#2731 = VERTEX_POINT ( 'NONE', #2656 ) ;
#2732 = CARTESIAN_POINT ( 'NONE',  ( -5.463695987328526437E-16, -9.842519685039373911, 0.4724409448818896462 ) ) ;
#2733 = EDGE_CURVE ( 'NONE', #2424, #3067, #2570, .T. ) ;
#2734 = ORIENTED_EDGE ( 'NONE', *, *, #2503, .T. ) ;
#2735 = EDGE_LOOP ( 'NONE', ( #1544, #195, #372, #2219, #2926 ) ) ;
#2736 = EDGE_CURVE ( 'NONE', #3296, #119, #1768, .T. ) ;
#2737 = DIRECTION ( 'NONE',  ( 0.9987881756760331742, -0.04921564923621031540, 0.000000000000000000 ) ) ;
#2738 = CARTESIAN_POINT ( 'NONE',  ( 1.210661344359915903, 2.341416641785370789, 0.9842723881161744570 ) ) ;
#2739 = CYLINDRICAL_SURFACE ( 'NONE', #2794, 0.02952755905511818615 ) ;
#2740 = CYLINDRICAL_SURFACE ( 'NONE', #843, 0.02952755905511814105 ) ;
#2741 = CARTESIAN_POINT ( 'NONE',  ( 1.151477867190546789, -1.553705168269148063, 0.9841499827352603313 ) ) ;
#2742 = FACE_OUTER_BOUND ( 'NONE', #3208, .T. ) ;
#2743 = CARTESIAN_POINT ( 'NONE',  ( -1.210569761513951903, -1.341056557793085524, 1.043311395902804417 ) ) ;
#2744 = CARTESIAN_POINT ( 'NONE',  ( -1.210695597097056098, -0.4737726014695938237, 0.9842965329235555672 ) ) ;
#2745 = DIRECTION ( 'NONE',  ( -0.1099041199491679610, 0.9928005502074840338, 0.04762511864463945394 ) ) ;
#2746 = ORIENTED_EDGE ( 'NONE', *, *, #1958, .F. ) ;
#2747 = EDGE_LOOP ( 'NONE', ( #2288, #1914, #3261, #848, #2419 ) ) ;
#2748 = DIRECTION ( 'NONE',  ( 0.9995886390183296166, 0.02868018036001961785, 0.000000000000000000 ) ) ;
#2749 = CARTESIAN_POINT ( 'NONE',  ( 1.151543384110607970, 2.343623260612829995, 0.9841963001509598241 ) ) ;
#2750 = CIRCLE ( 'NONE', #666, 0.02952755905511804044 ) ;
#2751 = AXIS2_PLACEMENT_3D ( 'NONE', #2972, #2987, #32 ) ;
#2752 = ORIENTED_EDGE ( 'NONE', *, *, #3270, .T. ) ;
#2753 = ORIENTED_EDGE ( 'NONE', *, *, #2903, .T. ) ;
#2754 = CARTESIAN_POINT ( 'NONE',  ( 0.02931555488390193143, -9.838987690475049064, 0.4724409448818896462 ) ) ;
#2755 = EDGE_CURVE ( 'NONE', #387, #1134, #2380, .T. ) ;
#2756 = VECTOR ( 'NONE', #2590, 39.37007874015748854 ) ;
#2757 = DIRECTION ( 'NONE',  ( -0.03380608663490227567, 0.9992681490610816342, -0.01789733998318355709 ) ) ;
#2758 = DIRECTION ( 'NONE',  ( -0.03904230783660000981, -0.9990237593482941270, 0.02066945708996471842 ) ) ;
#2759 = AXIS2_PLACEMENT_3D ( 'NONE', #2262, #2997, #2447 ) ;
#2760 = CARTESIAN_POINT ( 'NONE',  ( 0.000000000000000000, -9.842519685039373911, 0.4724409448818902013 ) ) ;
#2761 = DIRECTION ( 'NONE',  ( -0.02137739133933000760, -0.9997074185157267534, 0.01131744247376294948 ) ) ;
#2762 = PLANE ( 'NONE',  #1490 ) ;
#2763 = CARTESIAN_POINT ( 'NONE',  ( -0.02935527863557137879, -9.839334663849259144, 0.4724409448818888135 ) ) ;
#2764 = VERTEX_POINT ( 'NONE', #854 ) ;
#2765 = CARTESIAN_POINT ( 'NONE',  ( 5.463695987328526437E-16, -9.842519685039368582, 0.4724409448818896462 ) ) ;
#2766 = ORIENTED_EDGE ( 'NONE', *, *, #1534, .T. ) ;
#2767 = ORIENTED_EDGE ( 'NONE', *, *, #1164, .T. ) ;
#2768 = CARTESIAN_POINT ( 'NONE',  ( 0.5413264361914857936, 23.93785472973505080, 0.6299212598425198983 ) ) ;
#2769 = CARTESIAN_POINT ( 'NONE',  ( -0.02923217922138490049, -9.838353578737041971, 0.4724409448818890911 ) ) ;
#2770 = VECTOR ( 'NONE', #186, 39.37007874015748143 ) ;
#2771 = DIRECTION ( 'NONE',  ( -0.9928201254014776822, -0.1196168825784807155, 0.000000000000000000 ) ) ;
#2772 = DIRECTION ( 'NONE',  ( 0.9951720153572313210, 0.09812869695858374153, 0.001848968100575281923 ) ) ;
#2773 = DIRECTION ( 'NONE',  ( 0.1099041199491679055, -0.9928005502074840338, -0.04762511864463941924 ) ) ;
#2774 = CLOSED_SHELL ( 'NONE', ( #2337, #1285, #1638, #891, #1822, #2401 ) ) ;
#2775 = EDGE_CURVE ( 'NONE', #737, #3151, #356, .T. ) ;
#2776 = ADVANCED_FACE ( 'NONE', ( #579 ), #336, .T. ) ;
#2777 = CARTESIAN_POINT ( 'NONE',  ( -0.5118110236220471121, 11.81102362204723910, 0.6299212598425201204 ) ) ;
#2778 = DIRECTION ( 'NONE',  ( 0.02137739133933000413, 0.9997074185157267534, -0.01131744247376294428 ) ) ;
#2779 = ORIENTED_EDGE ( 'NONE', *, *, #824, .T. ) ;
#2780 = CARTESIAN_POINT ( 'NONE',  ( 0.02926040164810461697, -9.846482719122633398, 0.4724409448818896462 ) ) ;
#2781 = EDGE_LOOP ( 'NONE', ( #72, #1720 ) ) ;
#2782 = EDGE_LOOP ( 'NONE', ( #3152, #73, #2370, #2566, #2118 ) ) ;
#2783 = FACE_OUTER_BOUND ( 'NONE', #2098, .T. ) ;
#2784 = DIRECTION ( 'NONE',  ( 0.1121471818463147391, 0.9925025593398856261, 0.04859711213340307118 ) ) ;
#2785 = CARTESIAN_POINT ( 'NONE',  ( 1.181275587822449680, 2.334648109175093911, 0.9843436761839092775 ) ) ;
#2786 = ORIENTED_EDGE ( 'NONE', *, *, #366, .T. ) ;
#2787 = CARTESIAN_POINT ( 'NONE',  ( 0.02929574051099855664, -9.838826944638833893, 0.4724409448818890911 ) ) ;
#2788 = CARTESIAN_POINT ( 'NONE',  ( 1.210672478228901339, 1.042102150022378382, 0.9843450647056656289 ) ) ;
#2789 = CARTESIAN_POINT ( 'NONE',  ( -1.210658439128232011, -0.4727234352910366644, 0.9253795417179785376 ) ) ;
#2790 = ADVANCED_FACE ( 'NONE', ( #871 ), #1341, .T. ) ;
#2791 = EDGE_CURVE ( 'NONE', #1386, #3190, #2396, .T. ) ;
#2792 = EDGE_LOOP ( 'NONE', ( #2507, #1074, #640, #434, #2145 ) ) ;
#2793 =( NAMED_UNIT ( * ) SI_UNIT ( $, .STERADIAN. ) SOLID_ANGLE_UNIT ( ) );
#2794 = AXIS2_PLACEMENT_3D ( 'NONE', #94, #929, #1144 ) ;
#2795 =( BOUNDED_CURVE ( )  B_SPLINE_CURVE ( 3, ( #1953, #1467, #2789, #2744 ),
 .UNSPECIFIED., .F., .T. ) 
 B_SPLINE_CURVE_WITH_KNOTS ( ( 4, 4 ),
 ( 2.718313785860452025, 5.857052225542073387 ),
 .UNSPECIFIED. ) 
 CURVE ( )  GEOMETRIC_REPRESENTATION_ITEM ( )  RATIONAL_B_SPLINE_CURVE ( ( 1.000000000000000000, 0.3342847376464467279, 0.3342847376464467279, 1.000000000000000000 ) ) 
 REPRESENTATION_ITEM ( '' )  );
#2796 = ORIENTED_EDGE ( 'NONE', *, *, #2629, .F. ) ;
#2797 = VERTEX_POINT ( 'NONE', #1094 ) ;
#2798 = CIRCLE ( 'NONE', #451, 0.02952755905511821391 ) ;
#2799 = CARTESIAN_POINT ( 'NONE',  ( -1.151468920705256194, -1.770227965517685575, 0.9840712375225503239 ) ) ;
#2800 = CIRCLE ( 'NONE', #2037, 0.02952755905511813064 ) ;
#2801 = CARTESIAN_POINT ( 'NONE',  ( 1.210683788446635711, 0.1758888223361654846, 0.9842880166320718827 ) ) ;
#2802 = VECTOR ( 'NONE', #3144, 39.37007874015748143 ) ;
#2803 = CYLINDRICAL_SURFACE ( 'NONE', #1650, 0.02952755905511803003 ) ;
#2804 = PLANE ( 'NONE',  #1258 ) ;
#2805 = ORIENTED_EDGE ( 'NONE', *, *, #170, .T. ) ;
#2806 = CC_DESIGN_SECURITY_CLASSIFICATION ( #1489, ( #2701 ) ) ;
#2807 = CARTESIAN_POINT ( 'NONE',  ( 0.000000000000000000, -9.842519685039373911, 0.4724409448818888135 ) ) ;
#2808 = FACE_OUTER_BOUND ( 'NONE', #3071, .T. ) ;
#2809 =( BOUNDED_CURVE ( )  B_SPLINE_CURVE ( 3, ( #1992, #902, #421, #435 ),
 .UNSPECIFIED., .F., .T. ) 
 B_SPLINE_CURVE_WITH_KNOTS ( ( 4, 4 ),
 ( 3.569505453216940349, 6.707647970485837163 ),
 .UNSPECIFIED. ) 
 CURVE ( )  GEOMETRIC_REPRESENTATION_ITEM ( )  RATIONAL_B_SPLINE_CURVE ( ( 1.000000000000000000, 0.3344833782032364811, 0.3344833782032364811, 1.000000000000000000 ) ) 
 REPRESENTATION_ITEM ( '' )  );
#2810 = CARTESIAN_POINT ( 'NONE',  ( -1.151529742483693886, 0.8279937628515400272, 0.9841996924543442438 ) ) ;
#2811 = AXIS2_PLACEMENT_3D ( 'NONE', #1771, #1752, #212 ) ;
#2812 = ADVANCED_FACE ( 'NONE', ( #1390 ), #3244, .T. ) ;
#2813 = ADVANCED_FACE ( 'NONE', ( #1649 ), #3230, .T. ) ;
#2814 = VERTEX_POINT ( 'NONE', #1669 ) ;
#2815 = DIRECTION ( 'NONE',  ( 0.9928330304416200791, 0.1194805250572431726, 0.002641551845930040655 ) ) ;
#2816 = FACE_OUTER_BOUND ( 'NONE', #89, .T. ) ;
#2817 = VERTEX_POINT ( 'NONE', #1873 ) ;
#2818 = ADVANCED_FACE ( 'NONE', ( #2144 ), #2159, .T. ) ;
#2819 = ORIENTED_EDGE ( 'NONE', *, *, #2545, .F. ) ;
#2820 = CARTESIAN_POINT ( 'NONE',  ( 1.151520935962813130, 0.1784418863252520970, 0.9842159203758029662 ) ) ;
#2821 = EDGE_CURVE ( 'NONE', #1806, #1171, #1855, .T. ) ;
#2822 =( BOUNDED_CURVE ( )  B_SPLINE_CURVE ( 3, ( #2179, #1965, #877, #912 ),
 .UNSPECIFIED., .F., .T. ) 
 B_SPLINE_CURVE_WITH_KNOTS ( ( 4, 4 ),
 ( 5.860508351669203364, 8.999646719717819821 ),
 .UNSPECIFIED. ) 
 CURVE ( )  GEOMETRIC_REPRESENTATION_ITEM ( )  RATIONAL_B_SPLINE_CURVE ( ( 1.000000000000000000, 0.3341514283084001669, 0.3341514283084001669, 1.000000000000000000 ) ) 
 REPRESENTATION_ITEM ( '' )  );
#2823 = CARTESIAN_POINT ( 'NONE',  ( -1.151498848387883855, -0.9041438211869419206, 0.9841391358573194914 ) ) ;
#2824 = CARTESIAN_POINT ( 'NONE',  ( 0.02926040164810468636, -9.846482719122633398, 0.4724409448818896462 ) ) ;
#2825 = CARTESIAN_POINT ( 'NONE',  ( 1.181340721883910039, 0.6019286845949420872, 0.9843781589223298267 ) ) ;
#2826 = ORIENTED_EDGE ( 'NONE', *, *, #2736, .F. ) ;
#2827 = VECTOR ( 'NONE', #1276, 39.37007874015748854 ) ;
#2828 = DIRECTION ( 'NONE',  ( 0.09990499666730638662, 0.9940547168396985933, 0.04329216522249944299 ) ) ;
#2829 = CARTESIAN_POINT ( 'NONE',  ( 1.210691247935377746, -0.2572189278753296837, 0.9842933736476948692 ) ) ;
#2830 = AXIS2_PLACEMENT_3D ( 'NONE', #2009, #2778, #917 ) ;
#2831 = DIRECTION ( 'NONE',  ( 0.04619526842021268176, -0.9986330084957750763, 0.02445631857540674081 ) ) ;
#2832 = ORIENTED_EDGE ( 'NONE', *, *, #2269, .F. ) ;
#2833 = LINE ( 'NONE', #2093, #2368 ) ;
#2834 = EDGE_LOOP ( 'NONE', ( #245, #1902, #1287, #1572, #1921 ) ) ;
#2835 = ORIENTED_EDGE ( 'NONE', *, *, #492, .T. ) ;
#2836 = DIRECTION ( 'NONE',  ( -0.09990499666730634498, -0.9940547168396984823, -0.04329216522249944299 ) ) ;
#2837 = EDGE_CURVE ( 'NONE', #486, #921, #3374, .T. ) ;
#2838 = EDGE_CURVE ( 'NONE', #740, #143, #1890, .T. ) ;
#2839 = CARTESIAN_POINT ( 'NONE',  ( 1.151540212060812918, 1.910584165568942394, 0.9842293893356744983 ) ) ;
#2840 = CARTESIAN_POINT ( 'NONE',  ( 1.210661344359915903, 2.341416641785370789, 0.9842723881161744570 ) ) ;
#2841 = DIRECTION ( 'NONE',  ( 0.9943969575826375751, 0.1056891263210664317, 0.002121161918308233155 ) ) ;
#2842 = ORIENTED_EDGE ( 'NONE', *, *, #1846, .T. ) ;
#2843 = CARTESIAN_POINT ( 'NONE',  ( 1.210683788446635711, 0.1758888223361654846, 0.9842880166320718827 ) ) ;
#2844 = CARTESIAN_POINT ( 'NONE',  ( 1.092739197465705287E-15, -9.842519685039379240, 0.4724409448818895352 ) ) ;
#2845 = CARTESIAN_POINT ( 'NONE',  ( -1.210565680887780271, -0.9079406107059491138, 1.043302866950778451 ) ) ;
#2846 = CARTESIAN_POINT ( 'NONE',  ( -1.151529757830882961, 0.8279941341665461030, 0.9841772354827355018 ) ) ;
#2847 = VERTEX_POINT ( 'NONE', #2125 ) ;
#2848 = DIRECTION ( 'NONE',  ( 1.000000000000000000, 0.000000000000000000, 0.000000000000000000 ) ) ;
#2849 = CARTESIAN_POINT ( 'NONE',  ( 1.151629435999474760, 2.344511029266304281, 0.9252148958754223829 ) ) ;
#2850 = ORIENTED_EDGE ( 'NONE', *, *, #1956, .F. ) ;
#2851 = ORIENTED_EDGE ( 'NONE', *, *, #108, .F. ) ;
#2852 = CARTESIAN_POINT ( 'NONE',  ( 1.151537092985425170, -1.121740406590068240, 1.043099318999476832 ) ) ;
#2853 = AXIS2_PLACEMENT_3D ( 'NONE', #2688, #50, #2935 ) ;
#2854 = ADVANCED_FACE ( 'NONE', ( #3173 ), #2442, .T. ) ;
#2855 = ADVANCED_FACE ( 'NONE', ( #2909 ), #1602, .T. ) ;
#2856 = DIRECTION ( 'NONE',  ( 0.9913979885109437395, 0.1308455698271656642, 0.003076561889362570794 ) ) ;
#2857 = LINE ( 'NONE', #2329, #1646 ) ;
#2858 = CARTESIAN_POINT ( 'NONE',  ( -1.210705803834381644, -0.9068803470766617636, 0.9843951486588705668 ) ) ;
#2859 = EDGE_LOOP ( 'NONE', ( #2734, #1719 ) ) ;
#2860 = DIRECTION ( 'NONE',  ( -0.03712567008239093386, 0.9991172978055206100, -0.01965476651420696233 ) ) ;
#2861 = CIRCLE ( 'NONE', #1214, 0.02952755905511812023 ) ;
#2862 = CARTESIAN_POINT ( 'NONE',  ( -1.151498844567620417, -0.9041449201140639991, 0.9841998313736490811 ) ) ;
#2863 = DIRECTION ( 'NONE',  ( 0.9997270871173959961, 0.02336132024879140900, 0.000000000000000000 ) ) ;
#2864 = ORIENTED_EDGE ( 'NONE', *, *, #760, .F. ) ;
#2865 = AXIS2_PLACEMENT_3D ( 'NONE', #1023, #1789, #478 ) ;
#2866 = DIRECTION ( 'NONE',  ( -0.9989317894831685196, -0.04620908958153720908, 0.000000000000000000 ) ) ;
#2867 = AXIS2_PLACEMENT_3D ( 'NONE', #3171, #1337, #74 ) ;
#2868 = EDGE_LOOP ( 'NONE', ( #2071, #228 ) ) ;
#2869 = EDGE_LOOP ( 'NONE', ( #1817, #2558, #2436, #608, #827 ) ) ;
#2870 = LINE ( 'NONE', #1561, #1117 ) ;
#2871 = PRODUCT_DEFINITION ( 'General', '', #2701, #1723 ) ;
#2872 = VERTEX_POINT ( 'NONE', #2768 ) ;
#2873 = CARTESIAN_POINT ( 'NONE',  ( -1.151534494467418401, 1.261029814090493861, 0.9841627060060864629 ) ) ;
#2874 = DIRECTION ( 'NONE',  ( 0.1017574915280313186, -0.9938315005904391208, -0.04409491299548023296 ) ) ;
#2875 = ORIENTED_EDGE ( 'NONE', *, *, #1138, .T. ) ;
#2876 = DIRECTION ( 'NONE',  ( 0.02410450479597335549, 0.9996279930094829069, -0.01276120842139765593 ) ) ;
#2877 = LINE ( 'NONE', #2366, #287 ) ;
#2878 = DIRECTION ( 'NONE',  ( 0.9925098280786711635, -0.1221340019399937693, -0.002743489997819310248 ) ) ;
#2879 = VECTOR ( 'NONE', #1376, 39.37007874015748854 ) ;
#2880 = ADVANCED_FACE ( 'NONE', ( #3281 ), #908, .F. ) ;
#2881 = CARTESIAN_POINT ( 'NONE',  ( -1.151529752776974114, 0.8279933904770044872, 0.9842221494664102899 ) ) ;
#2882 = ADVANCED_FACE ( 'NONE', ( #2276 ), #425, .T. ) ;
#2883 = VERTEX_POINT ( 'NONE', #659 ) ;
#2884 = CLOSED_SHELL ( 'NONE', ( #1223, #2278, #2854, #1741, #311, #223 ) ) ;
#2885 = DIRECTION ( 'NONE',  ( -0.02867687493180140837, 0.9994734351230785130, -0.01518187496389486468 ) ) ;
#2886 = VECTOR ( 'NONE', #83, 39.37007874015748854 ) ;
#2887 = ORIENTED_EDGE ( 'NONE', *, *, #2983, .F. ) ;
#2888 = ORIENTED_EDGE ( 'NONE', *, *, #431, .F. ) ;
#2889 = CARTESIAN_POINT ( 'NONE',  ( -0.02930597828656893167, -9.838909092231990172, 0.4724409448818896462 ) ) ;
#2890 = VERTEX_POINT ( 'NONE', #1422 ) ;
#2891 = CARTESIAN_POINT ( 'NONE',  ( -1.151534445208054258, 1.261029141299644385, 0.9842045180252286807 ) ) ;
#2892 = CARTESIAN_POINT ( 'NONE',  ( -5.463695987328526437E-16, -9.842519685039373911, 0.4724409448818888135 ) ) ;
#2893 = DIRECTION ( 'NONE',  ( 0.04619526842021269564, -0.9986330084957751874, 0.02445631857540674081 ) ) ;
#2894 = ORIENTED_EDGE ( 'NONE', *, *, #384, .F. ) ;
#2895 = LINE ( 'NONE', #1608, #2879 ) ;
#2896 = DIRECTION ( 'NONE',  ( 0.03235924008452868705, 0.9993294731986799295, -0.01713136239769165806 ) ) ;
#2897 = DIRECTION ( 'NONE',  ( -0.04619526842021273033, 0.9986330084957750763, -0.02445631857540674081 ) ) ;
#2898 = CARTESIAN_POINT ( 'NONE',  ( -1.181305091680620922, 1.251971845914924719, 0.9843592958735295495 ) ) ;
#2899 = VERTEX_POINT ( 'NONE', #1736 ) ;
#2900 = ADVANCED_FACE ( 'NONE', ( #707 ), #1685, .T. ) ;
#2901 = COORDINATED_UNIVERSAL_TIME_OFFSET ( 8, 0, .BEHIND. ) ;
#2902 = CARTESIAN_POINT ( 'NONE',  ( -0.5413300018764312105, 29.44953070278719309, 0.6299212598425202314 ) ) ;
#2903 = EDGE_CURVE ( 'NONE', #399, #812, #3008, .T. ) ;
#2904 = EDGE_LOOP ( 'NONE', ( #1036, #3329, #1520, #1368, #3312 ) ) ;
#2905 = ORIENTED_EDGE ( 'NONE', *, *, #2435, .T. ) ;
#2906 = ADVANCED_FACE ( 'NONE', ( #1443 ), #2493, .T. ) ;
#2907 = CARTESIAN_POINT ( 'NONE',  ( 0.000000000000000000, -9.842519685039366806, 0.4724409448818893686 ) ) ;
#2908 = VERTEX_POINT ( 'NONE', #2256 ) ;
#2909 = FACE_OUTER_BOUND ( 'NONE', #3238, .T. ) ;
#2910 = CYLINDRICAL_SURFACE ( 'NONE', #174, 0.02952755905511809248 ) ;
#2911 = CIRCLE ( 'NONE', #3073, 0.02952755905511815840 ) ;
#2912 = EDGE_LOOP ( 'NONE', ( #1884, #792 ) ) ;
#2913 = CARTESIAN_POINT ( 'NONE',  ( -0.5118110236220474452, 33.85826771653542266, 0.6299212598425198983 ) ) ;
#2914 =( BOUNDED_CURVE ( )  B_SPLINE_CURVE ( 3, ( #2433, #84, #1590, #1133 ),
 .UNSPECIFIED., .F., .T. ) 
 B_SPLINE_CURVE_WITH_KNOTS ( ( 4, 4 ),
 ( 0.4219855165514331818, 0.4238995297601860224 ),
 .UNSPECIFIED. ) 
 CURVE ( )  GEOMETRIC_REPRESENTATION_ITEM ( )  RATIONAL_B_SPLINE_CURVE ( ( 1.000000000000000000, 0.9999996947128095837, 0.9999996947128095837, 1.000000000000000000 ) ) 
 REPRESENTATION_ITEM ( '' )  );
#2915 = CIRCLE ( 'NONE', #3021, 0.02952755905511809595 ) ;
#2916 = CARTESIAN_POINT ( 'NONE',  ( -0.4823019659667726611, 18.42415173793506966, 0.6299212598425195653 ) ) ;
#2917 = DIRECTION ( 'NONE',  ( 0.1169173106819833829, 0.9918485189521590861, 0.05066416796219280760 ) ) ;
#2918 = AXIS2_PLACEMENT_3D ( 'NONE', #2222, #3005, #1698 ) ;
#2919 = CARTESIAN_POINT ( 'NONE',  ( -0.02921637000395871375, -9.846795251381422531, 0.4724409448818895352 ) ) ;
#2920 = ORIENTED_EDGE ( 'NONE', *, *, #2903, .F. ) ;
#2921 = PERSON_AND_ORGANIZATION ( #18446744073709551615, #2228 ) ;
#2922 = CARTESIAN_POINT ( 'NONE',  ( -1.210643917125072466, 1.692688923358225406, 0.9253207582149092225 ) ) ;
#2923 = VECTOR ( 'NONE', #2534, 39.37007874015748854 ) ;
#2924 = EDGE_CURVE ( 'NONE', #865, #1493, #2459, .T. ) ;
#2925 = AXIS2_PLACEMENT_3D ( 'NONE', #2001, #2194, #430 ) ;
#2926 = ORIENTED_EDGE ( 'NONE', *, *, #851, .F. ) ;
#2927 = ORIENTED_EDGE ( 'NONE', *, *, #3028, .F. ) ;
#2928 = CARTESIAN_POINT ( 'NONE',  ( -1.151538433649521354, 1.694065696093736584, 0.9842086768017697107 ) ) ;
#2929 = CIRCLE ( 'NONE', #1169, 0.02952755905511810636 ) ;
#2930 = ADVANCED_FACE ( 'NONE', ( #973 ), #1459, .T. ) ;
#2931 = VERTEX_POINT ( 'NONE', #3297 ) ;
#2932 = ADVANCED_FACE ( 'NONE', ( #2205 ), #942, .T. ) ;
#2933 = DIRECTION ( 'NONE',  ( -0.1056750820194164997, 0.9933457709825151971, 0.04579253554174715635 ) ) ;
#2934 = CARTESIAN_POINT ( 'NONE',  ( 0.5118110236220464460, 26.14173228346457734, 0.6299212598425196763 ) ) ;
#2935 = DIRECTION ( 'NONE',  ( 0.9931358287758079717, -0.1169390985709863467, -0.002544175150070542447 ) ) ;
#2936 = DIRECTION ( 'NONE',  ( -0.02489853814710874663, 0.9996030756118657878, -0.01318157901905757205 ) ) ;
#2937 =( BOUNDED_CURVE ( )  B_SPLINE_CURVE ( 3, ( #3194, #903, #3156, #531 ),
 .UNSPECIFIED., .F., .T. ) 
 B_SPLINE_CURVE_WITH_KNOTS ( ( 4, 4 ),
 ( 2.719351037279428507, 5.858820299859492486 ),
 .UNSPECIFIED. ) 
 CURVE ( )  GEOMETRIC_REPRESENTATION_ITEM ( )  RATIONAL_B_SPLINE_CURVE ( ( 1.000000000000000000, 0.3340411302036052632, 0.3340411302036052632, 1.000000000000000000 ) ) 
 REPRESENTATION_ITEM ( '' )  );
#2938 = CARTESIAN_POINT ( 'NONE',  ( 0.02930597828656671122, -9.846130277846748768, 0.4724409448818896462 ) ) ;
#2939 = ORIENTED_EDGE ( 'NONE', *, *, #2543, .T. ) ;
#2940 = ORIENTED_EDGE ( 'NONE', *, *, #1637, .F. ) ;
#2941 = DIRECTION ( 'NONE',  ( -0.1408291628931851447, -0.9881512929671819601, -0.06102597058704688215 ) ) ;
#2942 = ORIENTED_EDGE ( 'NONE', *, *, #1468, .F. ) ;
#2943 = DIRECTION ( 'NONE',  ( 0.1169173106819833829, 0.9918485189521590861, 0.05066416796219280760 ) ) ;
#2944 =( BOUNDED_CURVE ( )  B_SPLINE_CURVE ( 3, ( #2799, #3131, #3363, #1271 ),
 .UNSPECIFIED., .F., .T. ) 
 B_SPLINE_CURVE_WITH_KNOTS ( ( 4, 4 ),
 ( 2.716797332892015859, 5.854813781933978944 ),
 .UNSPECIFIED. ) 
 CURVE ( )  GEOMETRIC_REPRESENTATION_ITEM ( )  RATIONAL_B_SPLINE_CURVE ( ( 1.000000000000000000, 0.3345254008807082569, 0.3345254008807082569, 1.000000000000000000 ) ) 
 REPRESENTATION_ITEM ( '' )  );
#2945 = ADVANCED_FACE ( 'NONE', ( #106 ), #161, .T. ) ;
#2946 = DIRECTION ( 'NONE',  ( 0.9997270871173958851, 0.02336132024878997959, 0.000000000000000000 ) ) ;
#2947 = EDGE_CURVE ( 'NONE', #2731, #1594, #2929, .T. ) ;
#2948 = DIRECTION ( 'NONE',  ( 0.9997714481811931231, -0.02137876052721306847, 0.000000000000000000 ) ) ;
#2949 = DIRECTION ( 'NONE',  ( 0.1445149746547933489, -0.9875189934744212916, -0.06262315568374378361 ) ) ;
#2950 = CARTESIAN_POINT ( 'NONE',  ( -1.210867826824274296, 0.3861641791458557682, 0.9843848663462336779 ) ) ;
#2951 = CARTESIAN_POINT ( 'NONE',  ( 1.210667631424024782, -1.122354081598905706, 0.9254046180083964623 ) ) ;
#2952 = APPROVAL_STATUS ( 'not_yet_approved' ) ;
#2953 = DIRECTION ( 'NONE',  ( 0.03538826301053506207, 0.9991980144151074716, -0.01873496277028326856 ) ) ;
#2954 =( BOUNDED_CURVE ( )  B_SPLINE_CURVE ( 3, ( #1408, #2190, #1670, #2738 ),
 .UNSPECIFIED., .F., .T. ) 
 B_SPLINE_CURVE_WITH_KNOTS ( ( 4, 4 ),
 ( 0.4218390703480831005, 0.4236292702197053117 ),
 .UNSPECIFIED. ) 
 CURVE ( )  GEOMETRIC_REPRESENTATION_ITEM ( )  RATIONAL_B_SPLINE_CURVE ( ( 1.000000000000000000, 0.9999997329320527983, 0.9999997329320527983, 1.000000000000000000 ) ) 
 REPRESENTATION_ITEM ( '' )  );
#2955 = ORIENTED_EDGE ( 'NONE', *, *, #1446, .F. ) ;
#2956 = VERTEX_POINT ( 'NONE', #3042 ) ;
#2957 = CARTESIAN_POINT ( 'NONE',  ( -1.181280781224625764, 2.118112824619882595, 0.9843464256321206030 ) ) ;
#2958 = ORIENTED_EDGE ( 'NONE', *, *, #555, .T. ) ;
#2959 = ORIENTED_EDGE ( 'NONE', *, *, #1301, .F. ) ;
#2960 = CARTESIAN_POINT ( 'NONE',  ( -0.02931555488390193143, -9.846051679603700535, 0.4724409448818896462 ) ) ;
#2961 = FACE_OUTER_BOUND ( 'NONE', #104, .T. ) ;
#2962 = DIRECTION ( 'NONE',  ( 0.03380608663490227567, -0.9992681490610815231, 0.01789733998318357097 ) ) ;
#2963 = ADVANCED_FACE ( 'NONE', ( #2783 ), #1407, .T. ) ;
#2964 = DIRECTION ( 'NONE',  ( -0.02762876575521594144, -0.9995112317328114226, 0.01462699363511433225 ) ) ;
#2965 = CARTESIAN_POINT ( 'NONE',  ( 0.000000000000000000, -9.842519685039388122, 0.4724409448818896462 ) ) ;
#2966 = CARTESIAN_POINT ( 'NONE',  ( -0.5118110236220474452, 33.85826771653542266, 0.6299212598425198983 ) ) ;
#2967 = AXIS2_PLACEMENT_3D ( 'NONE', #312, #1327, #1636 ) ;
#2968 = CARTESIAN_POINT ( 'NONE',  ( 1.151527127476603019, 0.6114772233115335354, 0.9841503997288618688 ) ) ;
#2969 = ORIENTED_EDGE ( 'NONE', *, *, #154, .F. ) ;
#2970 = ORIENTED_EDGE ( 'NONE', *, *, #2208, .T. ) ;
#2971 = DIRECTION ( 'NONE',  ( 0.9996181710784601826, -0.02763172180220146990, 0.000000000000000000 ) ) ;
#2972 = CARTESIAN_POINT ( 'NONE',  ( 0.5118110236220470011, 21.73228346456694027, 0.6299212598425198983 ) ) ;
#2973 = VECTOR ( 'NONE', #3014, 39.37007874015748854 ) ;
#2974 = ORIENTED_EDGE ( 'NONE', *, *, #576, .F. ) ;
#2975 = ORIENTED_EDGE ( 'NONE', *, *, #992, .F. ) ;
#2976 = DIRECTION ( 'NONE',  ( 0.09811836179767330357, -0.9942660662164231056, -0.04251795677899176951 ) ) ;
#2977 = LINE ( 'NONE', #2245, #3051 ) ;
#2978 = FACE_OUTER_BOUND ( 'NONE', #937, .T. ) ;
#2979 = CARTESIAN_POINT ( 'NONE',  ( 1.210677646005773767, 0.6089963876782531482, 0.9842836650383194330 ) ) ;
#2980 = DIRECTION ( 'NONE',  ( -0.1445149746547933489, 0.9875189934744212916, 0.06262315568374379748 ) ) ;
#2981 = CARTESIAN_POINT ( 'NONE',  ( -5.463695987328526437E-16, -9.842519685039373911, 0.4724409448818888135 ) ) ;
#2982 = EDGE_CURVE ( 'NONE', #3023, #1281, #2650, .T. ) ;
#2983 = EDGE_CURVE ( 'NONE', #1281, #3023, #2103, .T. ) ;
#2984 = ORIENTED_EDGE ( 'NONE', *, *, #2383, .F. ) ;
#2985 = ORIENTED_EDGE ( 'NONE', *, *, #1889, .F. ) ;
#2986 = CARTESIAN_POINT ( 'NONE',  ( -1.151517393723879179, -0.03807508058424125680, 0.9842133863136013350 ) ) ;
#2987 = DIRECTION ( 'NONE',  ( 0.03103108282175778485, -0.9993834026419051719, 0.01642822031740118899 ) ) ;
#2988 = VERTEX_POINT ( 'NONE', #2820 ) ;
#2989 = ORIENTED_EDGE ( 'NONE', *, *, #777, .T. ) ;
#2990 = DIRECTION ( 'NONE',  ( 0.09990499666730638662, 0.9940547168396985933, 0.04329216522249944299 ) ) ;
#2991 = VECTOR ( 'NONE', #601, 39.37007874015748854 ) ;
#2992 = VECTOR ( 'NONE', #1717, 39.37007874015748143 ) ;
#2993 = CARTESIAN_POINT ( 'NONE',  ( 1.210668192667400778, 1.475208323043819325, 0.9843174498621231061 ) ) ;
#2994 = VECTOR ( 'NONE', #342, 39.37007874015748854 ) ;
#2995 = DIRECTION ( 'NONE',  ( 0.04353682169814174219, 0.9987859095456046443, -0.02304890560489856674 ) ) ;
#2996 = CARTESIAN_POINT ( 'NONE',  ( -0.5118110236220474452, 33.85826771653542266, 0.6299212598425198983 ) ) ;
#2997 = DIRECTION ( 'NONE',  ( -0.1221074444996558123, -0.9911054245222066239, -0.05291322594985084504 ) ) ;
#2998 = CARTESIAN_POINT ( 'NONE',  ( 0.000000000000000000, -9.842519685039388122, 0.4724409448818896462 ) ) ;
#2999 = CARTESIAN_POINT ( 'NONE',  ( 1.151543644473075112, -0.6886862531999700110, 1.043116501571591970 ) ) ;
#3000 = EDGE_LOOP ( 'NONE', ( #2487, #1121 ) ) ;
#3001 = EDGE_CURVE ( 'NONE', #2908, #2347, #2478, .T. ) ;
#3002 = ADVANCED_FACE ( 'NONE', ( #2030 ), #196, .T. ) ;
#3003 = ORIENTED_EDGE ( 'NONE', *, *, #473, .F. ) ;
#3004 = CARTESIAN_POINT ( 'NONE',  ( -1.210718954911542689, -1.339981969923267346, 0.9843466654296034735 ) ) ;
#3005 = DIRECTION ( 'NONE',  ( -0.1248775672652707308, 0.9906953669711477950, 0.05411361248161732085 ) ) ;
#3006 = VERTEX_POINT ( 'NONE', #491 ) ;
#3007 = EDGE_LOOP ( 'NONE', ( #248, #1792, #2805, #3254, #225 ) ) ;
#3008 = LINE ( 'NONE', #2754, #904 ) ;
#3009 = PLANE ( 'NONE',  #586 ) ;
#3010 = DIRECTION ( 'NONE',  ( 0.9946072949070619007, -0.1036924975315041964, -0.002048138993275080370 ) ) ;
#3011 = CARTESIAN_POINT ( 'NONE',  ( -1.151634962895497161, -1.336108796537625487, 0.9251925411050683223 ) ) ;
#3012 = DIRECTION ( 'NONE',  ( -0.9990513188304780412, 0.04354839082081531781, 0.000000000000000000 ) ) ;
#3013 = CARTESIAN_POINT ( 'NONE',  ( -1.210670229942030662, 1.258655225279578627, 0.9843412310017877198 ) ) ;
#3014 = DIRECTION ( 'NONE',  ( 0.03538826301053506207, 0.9991980144151074716, -0.01873496277028326856 ) ) ;
#3015 = VECTOR ( 'NONE', #1515, 39.37007874015748854 ) ;
#3016 = CYLINDRICAL_SURFACE ( 'NONE', #2830, 0.02952755905511804044 ) ;
#3017 = VERTEX_POINT ( 'NONE', #1510 ) ;
#3018 =( BOUNDED_CURVE ( )  B_SPLINE_CURVE ( 3, ( #1167, #915, #2519, #188 ),
 .UNSPECIFIED., .F., .T. ) 
 B_SPLINE_CURVE_WITH_KNOTS ( ( 4, 4 ),
 ( 3.565793577216898047, 6.705336020151080767 ),
 .UNSPECIFIED. ) 
 CURVE ( )  GEOMETRIC_REPRESENTATION_ITEM ( )  RATIONAL_B_SPLINE_CURVE ( ( 1.000000000000000000, 0.3340167367655120789, 0.3340167367655120789, 1.000000000000000000 ) ) 
 REPRESENTATION_ITEM ( '' )  );
#3019 = FACE_OUTER_BOUND ( 'NONE', #463, .T. ) ;
#3020 = DIRECTION ( 'NONE',  ( -0.9947990956151793185, -0.1018565626909788968, 0.000000000000000000 ) ) ;
#3021 = AXIS2_PLACEMENT_3D ( 'NONE', #1530, #3083, #3348 ) ;
#3022 = AXIS2_PLACEMENT_3D ( 'NONE', #1266, #770, #2305 ) ;
#3023 = VERTEX_POINT ( 'NONE', #1788 ) ;
#3024 = ORIENTED_EDGE ( 'NONE', *, *, #452, .F. ) ;
#3025 = CARTESIAN_POINT ( 'NONE',  ( 1.181489529354625700, -1.131441741114141086, 0.9844569393480022690 ) ) ;
#3026 = AXIS2_PLACEMENT_3D ( 'NONE', #1697, #883, #2971 ) ;
#3027 = AXIS2_PLACEMENT_3D ( 'NONE', #880, #2643, #1911 ) ;
#3028 = EDGE_CURVE ( 'NONE', #1583, #2183, #627, .T. ) ;
#3029 = EDGE_CURVE ( 'NONE', #1954, #1150, #2944, .T. ) ;
#3030 = AXIS2_PLACEMENT_3D ( 'NONE', #3402, #1823, #1773 ) ;
#3031 = CARTESIAN_POINT ( 'NONE',  ( -1.210662876480125716, 2.124864947888328803, 0.9842916458869899188 ) ) ;
#3032 = CARTESIAN_POINT ( 'NONE',  ( -1.210735929107223052, -1.773077829510555592, 0.9843622446590187813 ) ) ;
#3033 = CARTESIAN_POINT ( 'NONE',  ( -1.210695597097056098, -0.4737726014695938237, 0.9842965329235555672 ) ) ;
#3034 = CIRCLE ( 'NONE', #1547, 0.02952755905511807166 ) ;
#3035 = DIRECTION ( 'NONE',  ( 0.9949940262608436559, -0.09991612046717812667, -0.001912217567125384758 ) ) ;
#3036 = CARTESIAN_POINT ( 'NONE',  ( 1.210661079936372175, -0.6892665027055407956, 0.9253874354362827681 ) ) ;
#3037 = ORIENTED_EDGE ( 'NONE', *, *, #2479, .T. ) ;
#3038 = DIRECTION ( 'NONE',  ( 0.1445149746547933489, -0.9875189934744212916, -0.06262315568374378361 ) ) ;
#3039 =( BOUNDED_CURVE ( )  B_SPLINE_CURVE ( 3, ( #2387, #551, #3166, #844 ),
 .UNSPECIFIED., .F., .T. ) 
 B_SPLINE_CURVE_WITH_KNOTS ( ( 4, 4 ),
 ( 2.716461412538234033, 2.718915698079400922 ),
 .UNSPECIFIED. ) 
 CURVE ( )  GEOMETRIC_REPRESENTATION_ITEM ( )  RATIONAL_B_SPLINE_CURVE ( ( 1.000000000000000000, 0.9999994980402698852, 0.9999994980402698852, 1.000000000000000000 ) ) 
 REPRESENTATION_ITEM ( '' )  );
#3040 = EDGE_LOOP ( 'NONE', ( #3337, #3059 ) ) ;
#3041 = VERTEX_POINT ( 'NONE', #231 ) ;
#3042 = CARTESIAN_POINT ( 'NONE',  ( 1.151492725930839622, -1.120663853059687298, 0.9841952575450420015 ) ) ;
#3043 = CIRCLE ( 'NONE', #2006, 0.02952755905511813064 ) ;
#3044 = AXIS2_PLACEMENT_3D ( 'NONE', #3271, #2463, #361 ) ;
#3045 = EDGE_CURVE ( 'NONE', #808, #323, #845, .T. ) ;
#3046 = DIRECTION ( 'NONE',  ( 0.1221074444996558400, 0.9911054245222066239, 0.05291322594985086586 ) ) ;
#3047 = DIRECTION ( 'NONE',  ( -0.02665453602808420808, 0.9995451010531577474, -0.01411122495604458064 ) ) ;
#3048 = MANIFOLD_SOLID_BREP ( 'Sweep32', #2723 ) ;
#3049 = DIRECTION ( 'NONE',  ( 0.9996899294595466001, 0.02490070153965172339, 0.000000000000000000 ) ) ;
#3050 = EDGE_CURVE ( 'NONE', #3192, #1174, #2139, .T. ) ;
#3051 = VECTOR ( 'NONE', #2757, 39.37007874015747433 ) ;
#3052 = EDGE_LOOP ( 'NONE', ( #2457, #2746 ) ) ;
#3053 = LINE ( 'NONE', #1532, #1730 ) ;
#3054 = FACE_OUTER_BOUND ( 'NONE', #800, .T. ) ;
#3055 = CARTESIAN_POINT ( 'NONE',  ( -1.210666283362662465, 1.691761382328789143, 0.9842757618058189939 ) ) ;
#3056 = ORIENTED_EDGE ( 'NONE', *, *, #3309, .T. ) ;
#3057 = SECURITY_CLASSIFICATION_LEVEL ( 'unclassified' ) ;
#3058 = CARTESIAN_POINT ( 'NONE',  ( -1.210659929478502983, 2.557967459970684754, 0.9842884814986174735 ) ) ;
#3059 = ORIENTED_EDGE ( 'NONE', *, *, #875, .F. ) ;
#3060 = ORIENTED_EDGE ( 'NONE', *, *, #2257, .F. ) ;
#3061 = CARTESIAN_POINT ( 'NONE',  ( 1.639108796198557931E-15, -9.842519685039361477, 0.4724409448818904789 ) ) ;
#3062 = DIRECTION ( 'NONE',  ( -0.02199965345109512402, 0.9996901347629989498, -0.01164687535646212468 ) ) ;
#3063 = DIRECTION ( 'NONE',  ( -0.02335953376323144162, 0.9996506360441690386, -0.01236681199229900177 ) ) ;
#3064 = FACE_OUTER_BOUND ( 'NONE', #2782, .T. ) ;
#3065 = EDGE_CURVE ( 'NONE', #2956, #2424, #581, .T. ) ;
#3066 = ADVANCED_FACE ( 'NONE', ( #2066 ), #2358, .T. ) ;
#3067 = VERTEX_POINT ( 'NONE', #743 ) ;
#3068 = CYLINDRICAL_SURFACE ( 'NONE', #2228, 0.02952755905511804738 ) ;
#3069 = DIRECTION ( 'NONE',  ( 0.02265921552754572230, 0.9996712732740760110, -0.01199605527928891344 ) ) ;
#3070 = CARTESIAN_POINT ( 'NONE',  ( -1.151563612941078230, 2.559262757540593292, 1.043199205781249139 ) ) ;
#3071 = EDGE_LOOP ( 'NONE', ( #654, #2129, #2681, #285, #3103 ) ) ;
#3072 = CARTESIAN_POINT ( 'NONE',  ( -1.210695529735677844, -0.4737740975907763219, 0.9843808535459181996 ) ) ;
#3073 = AXIS2_PLACEMENT_3D ( 'NONE', #2913, #565, #2948 ) ;
#3074 = ORIENTED_EDGE ( 'NONE', *, *, #1257, .F. ) ;
#3075 = ORIENTED_EDGE ( 'NONE', *, *, #1487, .T. ) ;
#3076 = AXIS2_PLACEMENT_3D ( 'NONE', #2033, #218, #1775 ) ;
#3077 = DIRECTION ( 'NONE',  ( 0.9994761488791437110, -0.03236398958280271854, 0.000000000000000000 ) ) ;
#3078 = CIRCLE ( 'NONE', #2588, 0.02952755905511806125 ) ;
#3079 = DIRECTION ( 'NONE',  ( 0.02574664343890871107, 0.9995755688046910059, -0.01363057593824579077 ) ) ;
#3080 = CIRCLE ( 'NONE', #1712, 0.02952755905511821044 ) ;
#3081 = CARTESIAN_POINT ( 'NONE',  ( 1.151527067180184716, 0.6114764444382889685, 0.9841969811659476708 ) ) ;
#3082 = MANIFOLD_SOLID_BREP ( 'Sweep34', #2177 ) ;
#3083 = DIRECTION ( 'NONE',  ( -0.02265921552754570495, -0.9996712732740760110, 0.01199605527928892038 ) ) ;
#3084 =( BOUNDED_CURVE ( )  B_SPLINE_CURVE ( 3, ( #631, #1904, #2444, #1143 ),
 .UNSPECIFIED., .F., .F. ) 
 B_SPLINE_CURVE_WITH_KNOTS ( ( 4, 4 ),
 ( 2.717916179840967672, 5.856427312148506203 ),
 .UNSPECIFIED. ) 
 CURVE ( )  GEOMETRIC_REPRESENTATION_ITEM ( )  RATIONAL_B_SPLINE_CURVE ( ( 1.000000000000000000, 0.3343605066876762510, 0.3343605066876762510, 1.000000000000000000 ) ) 
 REPRESENTATION_ITEM ( '' )  );
#3085 = ORIENTED_EDGE ( 'NONE', *, *, #1487, .F. ) ;
#3086 = VECTOR ( 'NONE', #2200, 39.37007874015748854 ) ;
#3087 = AXIS2_PLACEMENT_3D ( 'NONE', #1618, #835, #1373 ) ;
#3088 = LINE ( 'NONE', #482, #2827 ) ;
#3089 = DIRECTION ( 'NONE',  ( -0.1221074444996558400, -0.9911054245222066239, -0.05291322594985085198 ) ) ;
#3090 = AXIS2_PLACEMENT_3D ( 'NONE', #2577, #2836, #1525 ) ;
#3091 = DIRECTION ( 'NONE',  ( 0.9989317894831687417, 0.04620908958153429474, 0.000000000000000000 ) ) ;
#3092 = EDGE_LOOP ( 'NONE', ( #754, #2026 ) ) ;
#3093 = ADVANCED_FACE ( 'NONE', ( #7 ), #2293, .T. ) ;
#3094 = PERSON_AND_ORGANIZATION_ROLE ( 'creator' ) ;
#3095 = CARTESIAN_POINT ( 'NONE',  ( -0.02939455135611891354, -9.845319166120917842, 0.4724409448818896462 ) ) ;
#3096 = ADVANCED_FACE ( 'NONE', ( #3115 ), #3345, .T. ) ;
#3097 = ORIENTED_EDGE ( 'NONE', *, *, #2714, .T. ) ;
#3098 = EDGE_LOOP ( 'NONE', ( #1695, #589, #263, #643, #971 ) ) ;
#3099 = DIRECTION ( 'NONE',  ( -0.9904922731777511258, -0.1375683712746914866, 0.000000000000000000 ) ) ;
#3100 = PLANE ( 'NONE',  #3030 ) ;
#3101 = DIRECTION ( 'NONE',  ( -0.03235924008452871481, -0.9993294731986798185, 0.01713136239769163724 ) ) ;
#3102 = DIRECTION ( 'NONE',  ( 0.9909721386110538210, -0.1340298703227383037, -0.003195990911160967105 ) ) ;
#3103 = ORIENTED_EDGE ( 'NONE', *, *, #2418, .F. ) ;
#3104 = DIRECTION ( 'NONE',  ( -0.1248775672652707308, 0.9906953669711477950, 0.05411361248161732085 ) ) ;
#3105 = CARTESIAN_POINT ( 'NONE',  ( 1.210683732689731062, 0.1758875309205823467, 0.9843632678478064779 ) ) ;
#3106 = AXIS2_PLACEMENT_3D ( 'NONE', #2460, #1176, #2946 ) ;
#3107 = MANIFOLD_SOLID_BREP ( 'Sweep31', #801 ) ;
#3108 = VERTEX_POINT ( 'NONE', #987 ) ;
#3109 = COORDINATED_UNIVERSAL_TIME_OFFSET ( 8, 0, .BEHIND. ) ;
#3110 = FACE_OUTER_BOUND ( 'NONE', #3273, .T. ) ;
#3111 = ADVANCED_FACE ( 'NONE', ( #2599 ), #250, .T. ) ;
#3112 = EDGE_CURVE ( 'NONE', #1385, #2065, #2870, .T. ) ;
#3113 = ORIENTED_EDGE ( 'NONE', *, *, #243, .F. ) ;
#3114 = ORIENTED_EDGE ( 'NONE', *, *, #1347, .T. ) ;
#3115 = FACE_OUTER_BOUND ( 'NONE', #3399, .T. ) ;
#3116 = MANIFOLD_SOLID_BREP ( 'Sweep38', #2338 ) ;
#3117 = DIRECTION ( 'NONE',  ( 0.1169173106819833829, 0.9918485189521590861, 0.05066416796219280760 ) ) ;
#3118 = CARTESIAN_POINT ( 'NONE',  ( -1.210578182110929601, -1.774156201983787096, 1.043324705041188238 ) ) ;
#3119 = MANIFOLD_SOLID_BREP ( 'Sweep41', #146 ) ;
#3120 = CARTESIAN_POINT ( 'NONE',  ( -1.210705879841828647, -0.9068787019331817634, 0.9843041056342251016 ) ) ;
#3121 = EDGE_LOOP ( 'NONE', ( #1647, #1264 ) ) ;
#3122 = DIRECTION ( 'NONE',  ( -0.9995886390183297276, -0.02868018036001943050, 0.000000000000000000 ) ) ;
#3123 = CARTESIAN_POINT ( 'NONE',  ( 0.02937398904375538439, -9.839512109369366044, 0.4724409448818902013 ) ) ;
#3124 = DIRECTION ( 'NONE',  ( 0.02335953376323146591, -0.9996506360441690386, 0.01236681199229900871 ) ) ;
#3125 = ORIENTED_EDGE ( 'NONE', *, *, #853, .F. ) ;
#3126 = DIRECTION ( 'NONE',  ( 0.000000000000000000, 0.000000000000000000, 1.000000000000000000 ) ) ;
#3127 = PLANE ( 'NONE',  #3022 ) ;
#3128 = MANIFOLD_SOLID_BREP ( 'Sweep28', #3392 ) ;
#3129 = ORIENTED_EDGE ( 'NONE', *, *, #448, .F. ) ;
#3130 = ORIENTED_EDGE ( 'NONE', *, *, #2838, .F. ) ;
#3131 = CARTESIAN_POINT ( 'NONE',  ( -1.151626542298519906, -1.769150884630382947, 0.9251792319666872766 ) ) ;
#3132 = VECTOR ( 'NONE', #427, 39.37007874015748854 ) ;
#3133 = ORIENTED_EDGE ( 'NONE', *, *, #537, .F. ) ;
#3134 = MANIFOLD_SOLID_BREP ( 'Sweep24', #3225 ) ;
#3135 = FACE_OUTER_BOUND ( 'NONE', #2334, .T. ) ;
#3136 = DIRECTION ( 'NONE',  ( 0.9953407018127221617, -0.09640377635008108570, -0.001788636464235735706 ) ) ;
#3137 = EDGE_CURVE ( 'NONE', #2363, #2141, #818, .T. ) ;
#3138 = CARTESIAN_POINT ( 'NONE',  ( -1.210674971632474950, 0.8255499166096111896, 0.9842817875414640039 ) ) ;
#3139 = ORIENTED_EDGE ( 'NONE', *, *, #776, .T. ) ;
#3140 = EDGE_CURVE ( 'NONE', #1221, #2079, #1852, .T. ) ;
#3141 = CARTESIAN_POINT ( 'NONE',  ( 0.02935527863557025816, -9.845704706229490455, 0.4724409448818888135 ) ) ;
#3142 = AXIS2_PLACEMENT_3D ( 'NONE', #2241, #1472, #2273 ) ;
#3143 = CARTESIAN_POINT ( 'NONE',  ( 0.5118110236220468900, 23.93700787401575525, 0.6299212598425200094 ) ) ;
#3144 = DIRECTION ( 'NONE',  ( -0.02335953376323144162, 0.9996506360441690386, -0.01236681199229900177 ) ) ;
#3145 = AXIS2_PLACEMENT_3D ( 'NONE', #1908, #842, #1860 ) ;
#3146 = PLANE ( 'NONE',  #1673 ) ;
#3147 = ORIENTED_EDGE ( 'NONE', *, *, #699, .F. ) ;
#3148 = AXIS2_PLACEMENT_3D ( 'NONE', #1305, #13, #988 ) ;
#3149 = CARTESIAN_POINT ( 'NONE',  ( 0.5413243589552599877, 21.73319986036724316, 0.6299212598425200094 ) ) ;
#3150 = AXIS2_PLACEMENT_3D ( 'NONE', #3061, #145, #645 ) ;
#3151 = VERTEX_POINT ( 'NONE', #87 ) ;
#3152 = ORIENTED_EDGE ( 'NONE', *, *, #3050, .T. ) ;
#3153 = CARTESIAN_POINT ( 'NONE',  ( 0.000000000000000000, -9.842519685039373911, 0.4724409448818902013 ) ) ;
#3154 = ORIENTED_EDGE ( 'NONE', *, *, #832, .T. ) ;
#3155 = DIRECTION ( 'NONE',  ( 0.1121471818463147391, 0.9925025593398856261, 0.04859711213340307118 ) ) ;
#3156 = CARTESIAN_POINT ( 'NONE',  ( -1.210645741587457636, 1.259608534846843764, 0.9253300983631973509 ) ) ;
#3157 = DIRECTION ( 'NONE',  ( 0.9989317894831674094, 0.04620908958156502017, 0.000000000000000000 ) ) ;
#3158 = EDGE_LOOP ( 'NONE', ( #39, #2473, #1941, #1976, #207 ) ) ;
#3159 = EDGE_CURVE ( 'NONE', #34, #2186, #3034, .T. ) ;
#3160 = CARTESIAN_POINT ( 'NONE',  ( -1.210735803704193758, -1.773079121096482247, 0.9844326994853247470 ) ) ;
#3161 = ADVANCED_FACE ( 'NONE', ( #1092 ), #352, .T. ) ;
#3162 =( BOUNDED_CURVE ( )  B_SPLINE_CURVE ( 3, ( #950, #2999, #1714, #3272 ),
 .UNSPECIFIED., .F., .T. ) 
 B_SPLINE_CURVE_WITH_KNOTS ( ( 4, 4 ),
 ( 3.568025878263310080, 6.706652864215313592 ),
 .UNSPECIFIED. ) 
 CURVE ( )  GEOMETRIC_REPRESENTATION_ITEM ( )  RATIONAL_B_SPLINE_CURVE ( ( 1.000000000000000000, 0.3343218888503244335, 0.3343218888503244335, 1.000000000000000000 ) ) 
 REPRESENTATION_ITEM ( '' )  );
#3163 = DIRECTION ( 'NONE',  ( 0.9995886390183317260, 0.02868018035995241466, 0.000000000000000000 ) ) ;
#3164 = LINE ( 'NONE', #1896, #2591 ) ;
#3165 = MANIFOLD_SOLID_BREP ( 'Sweep25', #2232 ) ;
#3166 = CARTESIAN_POINT ( 'NONE',  ( -1.151524155990702125, 0.3949597258361378649, 0.9841698730599600653 ) ) ;
#3167 = ORIENTED_EDGE ( 'NONE', *, *, #3290, .F. ) ;
#3168 = DIRECTION ( 'NONE',  ( 0.1169173106819833829, 0.9918485189521590861, 0.05066416796219280760 ) ) ;
#3169 = VERTEX_POINT ( 'NONE', #1616 ) ;
#3170 = VERTEX_POINT ( 'NONE', #2889 ) ;
#3171 = CARTESIAN_POINT ( 'NONE',  ( 0.5118110236220464460, 26.14173228346457734, 0.6299212598425196763 ) ) ;
#3172 = ORIENTED_EDGE ( 'NONE', *, *, #3398, .F. ) ;
#3173 = FACE_OUTER_BOUND ( 'NONE', #1700, .T. ) ;
#3174 = PLANE ( 'NONE',  #1596 ) ;
#3175 = CARTESIAN_POINT ( 'NONE',  ( 5.463695987328526437E-16, -9.842519685039373911, 0.4724409448818896462 ) ) ;
#3176 = CC_DESIGN_DATE_AND_TIME_ASSIGNMENT ( #208, #504, ( #2871 ) ) ;
#3177 = ORIENTED_EDGE ( 'NONE', *, *, #1651, .T. ) ;
#3178 = DIRECTION ( 'NONE',  ( 0.9987881756760329521, -0.04921564923621162685, 0.000000000000000000 ) ) ;
#3179 = CARTESIAN_POINT ( 'NONE',  ( 1.210726828219531814, -1.556530425305127974, 0.9843199707086000005 ) ) ;
#3180 = DIRECTION ( 'NONE',  ( 0.02980759361113002534, 0.9994310799025948322, -0.01578049073530413127 ) ) ;
#3181 = EDGE_CURVE ( 'NONE', #750, #3221, #959, .T. ) ;
#3182 = EDGE_CURVE ( 'NONE', #238, #1920, #2158, .T. ) ;
#3183 =( BOUNDED_CURVE ( )  B_SPLINE_CURVE ( 3, ( #1430, #2481, #134, #1179 ),
 .UNSPECIFIED., .F., .T. ) 
 B_SPLINE_CURVE_WITH_KNOTS ( ( 4, 4 ),
 ( 3.564401087083174602, 3.566948536556181271 ),
 .UNSPECIFIED. ) 
 CURVE ( )  GEOMETRIC_REPRESENTATION_ITEM ( )  RATIONAL_B_SPLINE_CURVE ( ( 1.000000000000000000, 0.9999994592085049705, 0.9999994592085049705, 1.000000000000000000 ) ) 
 REPRESENTATION_ITEM ( '' )  );
#3184 = LINE ( 'NONE', #67, #2886 ) ;
#3185 = ORIENTED_EDGE ( 'NONE', *, *, #2136, .F. ) ;
#3186 = CARTESIAN_POINT ( 'NONE',  ( 1.639108796198557931E-15, -9.842519685039382793, 0.4724409448818896462 ) ) ;
#3187 = EDGE_CURVE ( 'NONE', #673, #2020, #2142, .T. ) ;
#3188 = ADVANCED_FACE ( 'NONE', ( #320 ), #3191, .T. ) ;
#3189 = VERTEX_POINT ( 'NONE', #557 ) ;
#3190 = VERTEX_POINT ( 'NONE', #28 ) ;
#3191 = CYLINDRICAL_SURFACE ( 'NONE', #2325, 0.02952755905511814452 ) ;
#3192 = VERTEX_POINT ( 'NONE', #1387 ) ;
#3193 = CARTESIAN_POINT ( 'NONE',  ( 1.092739197465705287E-15, -9.842519685039379240, 0.4724409448818895352 ) ) ;
#3194 = CARTESIAN_POINT ( 'NONE',  ( -1.151534494467418401, 1.261029814090493861, 0.9841627060060864629 ) ) ;
#3195 = AXIS2_PLACEMENT_3D ( 'NONE', #611, #2995, #1159 ) ;
#3196 = FACE_OUTER_BOUND ( 'NONE', #3280, .T. ) ;
#3197 = CARTESIAN_POINT ( 'NONE',  ( 0.02932452584530877843, -9.845976407142932985, 0.4724409448818901458 ) ) ;
#3198 = CARTESIAN_POINT ( 'NONE',  ( 1.151527127476603019, 0.6114772233115335354, 0.9841503997288618688 ) ) ;
#3199 = CARTESIAN_POINT ( 'NONE',  ( 1.210700446677159592, -0.6903259311708445090, 0.9843000864469712008 ) ) ;
#3200 = AXIS2_PLACEMENT_3D ( 'NONE', #1841, #1306, #1058 ) ;
#3201 = DIRECTION ( 'NONE',  ( -0.02199965345109512055, 0.9996901347629988388, -0.01164687535646212295 ) ) ;
#3202 = CARTESIAN_POINT ( 'NONE',  ( -1.151468920705256194, -1.770227965517685575, 0.9840712375225503239 ) ) ;
#3203 = AXIS2_PLACEMENT_3D ( 'NONE', #3307, #3038, #1455 ) ;
#3204 = VECTOR ( 'NONE', #651, 39.37007874015748854 ) ;
#3205 = AXIS2_PLACEMENT_3D ( 'NONE', #931, #913, #946 ) ;
#3206 = VERTEX_POINT ( 'NONE', #2121 ) ;
#3207 = EDGE_CURVE ( 'NONE', #387, #1236, #468, .T. ) ;
#3208 = EDGE_LOOP ( 'NONE', ( #2628, #2779, #2452, #2658, #1307 ) ) ;
#3209 = CARTESIAN_POINT ( 'NONE',  ( 0.4822939576586081079, 26.14094516170555593, 0.6299212598425196763 ) ) ;
#3210 = EDGE_CURVE ( 'NONE', #2764, #305, #1066, .T. ) ;
#3211 = VECTOR ( 'NONE', #1075, 39.37007874015747433 ) ;
#3212 = DIRECTION ( 'NONE',  ( -0.9894610641341019530, -0.1447991801171903126, 0.000000000000000000 ) ) ;
#3213 = ORIENTED_EDGE ( 'NONE', *, *, #1785, .T. ) ;
#3214 = DIRECTION ( 'NONE',  ( 0.1077484102690477313, 0.9930811813130567822, 0.04669097778325402570 ) ) ;
#3215 = CARTESIAN_POINT ( 'NONE',  ( 0.02933294101981855431, -9.839135114921708336, 0.4724409448818888135 ) ) ;
#3216 = CARTESIAN_POINT ( 'NONE',  ( 1.151638314833869359, 0.6124612314233437438, 0.9252131738780652315 ) ) ;
#3217 = DIRECTION ( 'NONE',  ( 0.9949940262608425456, -0.09991612046718795215, -0.001912217567126098597 ) ) ;
#3218 = LINE ( 'NONE', #1381, #199 ) ;
#3219 = CARTESIAN_POINT ( 'NONE',  ( -0.02933294101981539018, -9.845904255157051921, 0.4724409448818889246 ) ) ;
#3220 = AXIS2_PLACEMENT_3D ( 'NONE', #1517, #1044, #464 ) ;
#3221 = VERTEX_POINT ( 'NONE', #3209 ) ;
#3222 = ORIENTED_EDGE ( 'NONE', *, *, #2152, .T. ) ;
#3223 = CARTESIAN_POINT ( 'NONE',  ( -0.02932452584530781392, -9.839062962935788192, 0.4724409448818902013 ) ) ;
#3224 = CARTESIAN_POINT ( 'NONE',  ( -5.463695987328526437E-16, -9.842519685039377464, 0.4724409448818890911 ) ) ;
#3225 = CLOSED_SHELL ( 'NONE', ( #2081, #2695, #615, #1619, #2675, #847 ) ) ;
#3226 = EDGE_CURVE ( 'NONE', #1594, #2731, #1934, .T. ) ;
#3227 = ADVANCED_FACE ( 'NONE', ( #866 ), #1644, .T. ) ;
#3228 = ORIENTED_EDGE ( 'NONE', *, *, #1906, .F. ) ;
#3229 = ORIENTED_EDGE ( 'NONE', *, *, #469, .T. ) ;
#3230 = CYLINDRICAL_SURFACE ( 'NONE', #675, 0.02952755905511821738 ) ;
#3231 = CARTESIAN_POINT ( 'NONE',  ( 0.5413216996367127276, 19.52855742624696589, 0.6299212598425194543 ) ) ;
#3232 = LINE ( 'NONE', #337, #2501 ) ;
#3233 = DIRECTION ( 'NONE',  ( 0.9921643531961205076, 0.1249070597977297997, 0.002850028001620542352 ) ) ;
#3234 = CARTESIAN_POINT ( 'NONE',  ( -1.210718928674570316, -1.339981368016241348, 0.9843139200854590376 ) ) ;
#3235 = CARTESIAN_POINT ( 'NONE',  ( -1.181353391462396152, 0.3852839240561155565, 0.9843848663462336779 ) ) ;
#3236 = LINE ( 'NONE', #298, #805 ) ;
#3237 = PLANE ( 'NONE',  #3027 ) ;
#3238 = EDGE_LOOP ( 'NONE', ( #2927, #303, #3228, #2542, #2593 ) ) ;
#3239 = ORIENTED_EDGE ( 'NONE', *, *, #1906, .T. ) ;
#3240 = CARTESIAN_POINT ( 'NONE',  ( 0.02938981542171531861, -9.845368455516432249, 0.4724409448818894242 ) ) ;
#3241 = EDGE_CURVE ( 'NONE', #3255, #2456, #3264, .T. ) ;
#3242 = ORIENTED_EDGE ( 'NONE', *, *, #1767, .F. ) ;
#3243 = ORIENTED_EDGE ( 'NONE', *, *, #2713, .F. ) ;
#3244 = CYLINDRICAL_SURFACE ( 'NONE', #462, 0.02952755905511818962 ) ;
#3245 = CYLINDRICAL_SURFACE ( 'NONE', #1507, 0.02952755905511811330 ) ;
#3246 = CARTESIAN_POINT ( 'NONE',  ( 0.4822915230181872848, 30.55049129959894927, 0.6299212598425196763 ) ) ;
#3247 = ADVANCED_FACE ( 'NONE', ( #2169 ), #1901, .T. ) ;
#3248 = FACE_OUTER_BOUND ( 'NONE', #771, .T. ) ;
#3249 = CARTESIAN_POINT ( 'NONE',  ( -1.210718928674570316, -1.339981368016241348, 0.9843139200854590376 ) ) ;
#3250 = EDGE_CURVE ( 'NONE', #740, #723, #2234, .T. ) ;
#3251 = CARTESIAN_POINT ( 'NONE',  ( -1.151529752776974114, 0.8279933904770044872, 0.9842221494664102899 ) ) ;
#3252 = AXIS2_PLACEMENT_3D ( 'NONE', #2446, #1196, #1689 ) ;
#3253 = AXIS2_PLACEMENT_3D ( 'NONE', #1402, #1682, #2454 ) ;
#3254 = ORIENTED_EDGE ( 'NONE', *, *, #991, .F. ) ;
#3255 = VERTEX_POINT ( 'NONE', #3277 ) ;
#3256 = AXIS2_PLACEMENT_3D ( 'NONE', #2266, #1231, #1184 ) ;
#3257 = DIRECTION ( 'NONE',  ( 0.1248775672652707863, -0.9906953669711477950, -0.05411361248161732085 ) ) ;
#3258 = AXIS2_PLACEMENT_3D ( 'NONE', #922, #1152, #1957 ) ;
#3259 = VECTOR ( 'NONE', #1922, 39.37007874015748854 ) ;
#3260 = ORIENTED_EDGE ( 'NONE', *, *, #370, .T. ) ;
#3261 = ORIENTED_EDGE ( 'NONE', *, *, #3353, .T. ) ;
#3262 = DIRECTION ( 'NONE',  ( 0.9993734192586299914, -0.03539447526542292138, 0.000000000000000000 ) ) ;
#3263 = CARTESIAN_POINT ( 'NONE',  ( 0.5118110236220474452, 19.52755905511810752, 0.6299212598425194543 ) ) ;
#3264 = CIRCLE ( 'NONE', #2270, 0.02952755905511819309 ) ;
#3265 = CARTESIAN_POINT ( 'NONE',  ( 1.151520991719716447, 0.1784431777408331254, 0.9841406691600674828 ) ) ;
#3266 = CARTESIAN_POINT ( 'NONE',  ( -1.210680521288136635, 0.3924414405017332408, 0.9843582296648281105 ) ) ;
#3267 = CARTESIAN_POINT ( 'NONE',  ( 1.151477896963397640, -1.553704544173817093, 0.9841159993567216713 ) ) ;
#3268 = DIRECTION ( 'NONE',  ( 0.03904230783660000287, 0.9990237593482941270, -0.02066945708996471148 ) ) ;
#3269 = EDGE_CURVE ( 'NONE', #1524, #2424, #142, .T. ) ;
#3270 = EDGE_CURVE ( 'NONE', #119, #3296, #1348, .T. ) ;
#3271 = CARTESIAN_POINT ( 'NONE',  ( -0.5118110236220473341, 29.44881889763779981, 0.6299212598425200094 ) ) ;
#3272 = CARTESIAN_POINT ( 'NONE',  ( 1.210700375064379664, -0.6903275008507764321, 0.9843877029482632768 ) ) ;
#3273 = EDGE_LOOP ( 'NONE', ( #354, #2340, #2252, #423, #1047 ) ) ;
#3274 = ADVANCED_FACE ( 'NONE', ( #1202 ), #2718, .F. ) ;
#3275 = VERTEX_POINT ( 'NONE', #2522 ) ;
#3276 =( BOUNDED_CURVE ( )  B_SPLINE_CURVE ( 3, ( #2500, #1412, #151, #696 ),
 .UNSPECIFIED., .F., .T. ) 
 B_SPLINE_CURVE_WITH_KNOTS ( ( 4, 4 ),
 ( 5.858054066128049797, 5.860508351669203364 ),
 .UNSPECIFIED. ) 
 CURVE ( )  GEOMETRIC_REPRESENTATION_ITEM ( )  RATIONAL_B_SPLINE_CURVE ( ( 1.000000000000000000, 0.9999994980402698852, 0.9999994980402698852, 1.000000000000000000 ) ) 
 REPRESENTATION_ITEM ( '' )  );
#3277 = CARTESIAN_POINT ( 'NONE',  ( 0.5413070410280466094, 12.91475026839315099, 0.6299212598425196763 ) ) ;
#3278 = CIRCLE ( 'NONE', #3220, 0.02952755905511818962 ) ;
#3279 = EDGE_LOOP ( 'NONE', ( #722, #3139, #2053, #3133, #2619 ) ) ;
#3280 = EDGE_LOOP ( 'NONE', ( #1628, #1580 ) ) ;
#3281 = FACE_OUTER_BOUND ( 'NONE', #2912, .T. ) ;
#3282 = DIRECTION ( 'NONE',  ( -0.02489853814710874316, 0.9996030756118655658, -0.01318157901905757032 ) ) ;
#3283 = FACE_OUTER_BOUND ( 'NONE', #2306, .T. ) ;
#3284 = CYLINDRICAL_SURFACE ( 'NONE', #2477, 0.02952755905511807166 ) ;
#3285 = CARTESIAN_POINT ( 'NONE',  ( -1.151630620494791479, 2.128003289669484488, 0.9252149457510483455 ) ) ;
#3286 = EDGE_CURVE ( 'NONE', #3382, #2048, #1006, .T. ) ;
#3287 = CARTESIAN_POINT ( 'NONE',  ( -1.210705879841828647, -0.9068787019331817634, 0.9843041056342251016 ) ) ;
#3288 = LINE ( 'NONE', #934, #1132 ) ;
#3289 = EDGE_LOOP ( 'NONE', ( #526, #3360 ) ) ;
#3290 = EDGE_CURVE ( 'NONE', #575, #2814, #938, .T. ) ;
#3291 = CARTESIAN_POINT ( 'NONE',  ( 0.000000000000000000, -9.842519685039373911, 0.4724409448818896462 ) ) ;
#3292 = PLANE ( 'NONE',  #3142 ) ;
#3293 = EDGE_CURVE ( 'NONE', #2511, #2079, #2352, .T. ) ;
#3294 =( BOUNDED_CURVE ( )  B_SPLINE_CURVE ( 3, ( #19, #313, #3216, #3198 ),
 .UNSPECIFIED., .F., .T. ) 
 B_SPLINE_CURVE_WITH_KNOTS ( ( 4, 4 ),
 ( 0.4249210941740796943, 3.564148279015434184 ),
 .UNSPECIFIED. ) 
 CURVE ( )  GEOMETRIC_REPRESENTATION_ITEM ( )  RATIONAL_B_SPLINE_CURVE ( ( 1.000000000000000000, 0.3341218227323150547, 0.3341218227323150547, 1.000000000000000000 ) ) 
 REPRESENTATION_ITEM ( '' )  );
#3295 = ORIENTED_EDGE ( 'NONE', *, *, #2023, .T. ) ;
#3296 = VERTEX_POINT ( 'NONE', #172 ) ;
#3297 = CARTESIAN_POINT ( 'NONE',  ( -0.4822932547652191149, 27.24333418202145651, 0.6299212598425195653 ) ) ;
#3298 = DIRECTION ( 'NONE',  ( -0.04116738685245798640, 0.9989145339199364537, -0.02179449892188952201 ) ) ;
#3299 = DIRECTION ( 'NONE',  ( 0.1248775672652707031, -0.9906953669711477950, -0.05411361248161730697 ) ) ;
#3300 = CARTESIAN_POINT ( 'NONE',  ( 1.151520991719716447, 0.1784431777408331254, 0.9841406691600674828 ) ) ;
#3301 = CARTESIAN_POINT ( 'NONE',  ( -5.463695987328526437E-16, -9.842519685039370358, 0.4724409448818899238 ) ) ;
#3302 = CARTESIAN_POINT ( 'NONE',  ( 0.02921637000396087522, -9.838244118697335949, 0.4724409448818895352 ) ) ;
#3303 = DIRECTION ( 'NONE',  ( 0.9987881756760329521, -0.04921564923621162685, 0.000000000000000000 ) ) ;
#3304 = AXIS2_PLACEMENT_3D ( 'NONE', #1080, #1568, #3178 ) ;
#3305 = CARTESIAN_POINT ( 'NONE',  ( -1.210666278830798026, 1.691760769544063514, 0.9843147585812785927 ) ) ;
#3306 = EDGE_LOOP ( 'NONE', ( #1400, #547 ) ) ;
#3307 = CARTESIAN_POINT ( 'NONE',  ( 1.092739197465705287E-15, -9.842519685039379240, 0.4724409448818895352 ) ) ;
#3308 = CIRCLE ( 'NONE', #1481, 0.02952755905511820350 ) ;
#3309 = EDGE_CURVE ( 'NONE', #2467, #1255, #2809, .T. ) ;
#3310 = VECTOR ( 'NONE', #571, 39.37007874015748854 ) ;
#3311 = EDGE_LOOP ( 'NONE', ( #1474, #2617 ) ) ;
#3312 = ORIENTED_EDGE ( 'NONE', *, *, #2669, .F. ) ;
#3313 = DIRECTION ( 'NONE',  ( 0.1056750820194165275, -0.9933457709825151971, -0.04579253554174713553 ) ) ;
#3314 = CIRCLE ( 'NONE', #1267, 0.02952755905511813064 ) ;
#3315 = AXIS2_PLACEMENT_3D ( 'NONE', #2196, #1883, #1118 ) ;
#3316 =( BOUNDED_CURVE ( )  B_SPLINE_CURVE ( 3, ( #3055, #419, #3305, #1989 ),
 .UNSPECIFIED., .F., .F. ) 
 B_SPLINE_CURVE_WITH_KNOTS ( ( 4, 4 ),
 ( 5.859139295841814032, 5.861119773822790258 ),
 .UNSPECIFIED. ) 
 CURVE ( )  GEOMETRIC_REPRESENTATION_ITEM ( )  RATIONAL_B_SPLINE_CURVE ( ( 1.000000000000000000, 0.9999996731422738927, 0.9999996731422738927, 1.000000000000000000 ) ) 
 REPRESENTATION_ITEM ( '' )  );
#3317 = VECTOR ( 'NONE', #1040, 39.37007874015748854 ) ;
#3318 = DIRECTION ( 'NONE',  ( -0.1144829714633203988, 0.9921857526821100670, 0.04960928763410551307 ) ) ;
#3319 = CARTESIAN_POINT ( 'NONE',  ( 1.151527083537834839, 0.6114768344534390332, 0.9841736904081895831 ) ) ;
#3320 = DIRECTION ( 'NONE',  ( 0.02137739133933000066, 0.9997074185157265314, -0.01131744247376294255 ) ) ;
#3321 = AXIS2_PLACEMENT_3D ( 'NONE', #1156, #177, #3262 ) ;
#3322 = ORIENTED_EDGE ( 'NONE', *, *, #2083, .F. ) ;
#3323 = CARTESIAN_POINT ( 'NONE',  ( -1.210687330685569441, -0.04066507689607370968, 0.9842905506942727367 ) ) ;
#3324 = DIRECTION ( 'NONE',  ( -0.1077484102690477452, -0.9930811813130568932, -0.04669097778325403958 ) ) ;
#3325 = ORIENTED_EDGE ( 'NONE', *, *, #110, .F. ) ;
#3326 = APPROVAL_STATUS ( 'not_yet_approved' ) ;
#3327 = DIRECTION ( 'NONE',  ( 0.04116738685245795171, -0.9989145339199365647, 0.02179449892188953936 ) ) ;
#3328 = VERTEX_POINT ( 'NONE', #2986 ) ;
#3329 = ORIENTED_EDGE ( 'NONE', *, *, #2775, .T. ) ;
#3330 = DIRECTION ( 'NONE',  ( 0.02762876575521593103, 0.9995112317328115337, -0.01462699363511431837 ) ) ;
#3331 = EDGE_CURVE ( 'NONE', #515, #1524, #3314, .T. ) ;
#3332 = EDGE_CURVE ( 'NONE', #1531, #420, #1603, .T. ) ;
#3333 = CLOSED_SHELL ( 'NONE', ( #3161, #2608, #2963, #1424, #2906, #1018 ) ) ;
#3334 = CARTESIAN_POINT ( 'NONE',  ( 1.639108796198557931E-15, -9.842519685039379240, 0.4724409448818888135 ) ) ;
#3335 = CARTESIAN_POINT ( 'NONE',  ( 1.181312240441165562, 1.035436652747612651, 0.9843630805114652604 ) ) ;
#3336 = CARTESIAN_POINT ( 'NONE',  ( 1.151532246180547503, 1.044512023205972140, 0.9841588723022071106 ) ) ;
#3337 = ORIENTED_EDGE ( 'NONE', *, *, #1601, .F. ) ;
#3338 = LINE ( 'NONE', #2568, #315 ) ;
#3339 = CARTESIAN_POINT ( 'NONE',  ( 5.463695987328526437E-16, -9.842519685039372135, 0.4724409448818896462 ) ) ;
#3340 = CARTESIAN_POINT ( 'NONE',  ( -1.181280781224625764, 2.118112824619882595, 0.9843464256321206030 ) ) ;
#3341 = VERTEX_POINT ( 'NONE', #1939 ) ;
#3342 = CARTESIAN_POINT ( 'NONE',  ( 1.151543409823912567, 2.343623525888423931, 0.9841786758216614084 ) ) ;
#3343 = EDGE_LOOP ( 'NONE', ( #657, #730 ) ) ;
#3344 = ORIENTED_EDGE ( 'NONE', *, *, #872, .T. ) ;
#3345 = CYLINDRICAL_SURFACE ( 'NONE', #2537, 0.02952755905511810636 ) ;
#3346 = DIRECTION ( 'NONE',  ( 0.09990499666730638662, 0.9940547168396985933, 0.04329216522249944299 ) ) ;
#3347 = CARTESIAN_POINT ( 'NONE',  ( -1.151524150811896741, 0.3949589051142682883, 0.9842182047228458242 ) ) ;
#3348 = DIRECTION ( 'NONE',  ( 0.9997432100566019386, -0.02266084609455396373, 0.000000000000000000 ) ) ;
#3349 = ORIENTED_EDGE ( 'NONE', *, *, #2191, .F. ) ;
#3350 = FACE_OUTER_BOUND ( 'NONE', #1614, .T. ) ;
#3351 = ADVANCED_FACE ( 'NONE', ( #641 ), #1681, .T. ) ;
#3352 = CARTESIAN_POINT ( 'NONE',  ( -1.210650680616154551, 0.3934449637710474845, 0.9253520796425733774 ) ) ;
#3353 = EDGE_CURVE ( 'NONE', #629, #1787, #158, .T. ) ;
#3354 = CYLINDRICAL_SURFACE ( 'NONE', #456, 0.02952755905511812370 ) ;
#3355 = DIRECTION ( 'NONE',  ( 0.1194565146275037293, -0.9914890714082807976, -0.05176448967191832340 ) ) ;
#3356 = EDGE_LOOP ( 'NONE', ( #2035, #742, #472, #1250, #1419 ) ) ;
#3357 = DATE_AND_TIME ( #1505, #2645 ) ;
#3358 = CYLINDRICAL_SURFACE ( 'NONE', #2699, 0.02952755905511822779 ) ;
#3359 = CIRCLE ( 'NONE', #1862, 0.02952755905511812023 ) ;
#3360 = ORIENTED_EDGE ( 'NONE', *, *, #1727, .T. ) ;
#3361 = ORIENTED_EDGE ( 'NONE', *, *, #2134, .T. ) ;
#3362 = AXIS2_PLACEMENT_3D ( 'NONE', #1859, #820, #1844 ) ;
#3363 = CARTESIAN_POINT ( 'NONE',  ( -1.210682323214640199, -1.771989945219907048, 0.9254340998500598658 ) ) ;
#3364 = AXIS2_PLACEMENT_3D ( 'NONE', #3335, #1790, #975 ) ;
#3365 = FACE_OUTER_BOUND ( 'NONE', #2549, .T. ) ;
#3366 = AXIS2_PLACEMENT_3D ( 'NONE', #980, #484, #786 ) ;
#3367 = DIRECTION ( 'NONE',  ( 0.1036795320132140180, 0.9935955151266344654, 0.04492779720572608743 ) ) ;
#3368 = CARTESIAN_POINT ( 'NONE',  ( 5.463695987328526437E-16, -9.842519685039373911, 0.4724409448818896462 ) ) ;
#3369 = VERTEX_POINT ( 'NONE', #3240 ) ;
#3370 = APPROVAL_PERSON_ORGANIZATION ( #3379, #2604, #226 ) ;
#3371 = DIRECTION ( 'NONE',  ( 0.9995886390183317260, 0.02868018035995241466, 0.000000000000000000 ) ) ;
#3372 = FACE_OUTER_BOUND ( 'NONE', #869, .T. ) ;
#3373 = DIRECTION ( 'NONE',  ( -0.09811836179767334520, 0.9942660662164232166, 0.04251795677899178338 ) ) ;
#3374 = CIRCLE ( 'NONE', #726, 0.02952755905511801962 ) ;
#3375 = ADVANCED_FACE ( 'NONE', ( #3019 ), #2469, .T. ) ;
#3376 = EDGE_CURVE ( 'NONE', #2847, #1200, #1711, .T. ) ;
#3377 = CARTESIAN_POINT ( 'NONE',  ( -1.151517393723879179, -0.03807508058424125680, 0.9842133863136013350 ) ) ;
#3378 = VERTEX_POINT ( 'NONE', #625 ) ;
#3379 = PERSON_AND_ORGANIZATION ( #18446744073709551615, #2228 ) ;
#3380 = DIRECTION ( 'NONE',  ( -0.1017574915280313047, 0.9938315005904388988, 0.04409491299548023296 ) ) ;
#3381 = EDGE_CURVE ( 'NONE', #420, #711, #2253, .T. ) ;
#3382 = VERTEX_POINT ( 'NONE', #1401 ) ;
#3383 = EDGE_LOOP ( 'NONE', ( #23, #1470, #3222, #437, #1937 ) ) ;
#3384 = CARTESIAN_POINT ( 'NONE',  ( 1.151527078403675297, 0.6114760532666299042, 0.9842202719695555269 ) ) ;
#3385 = CARTESIAN_POINT ( 'NONE',  ( 1.151540205224416358, 1.910584458126571628, 0.9842105455601019015 ) ) ;
#3386 =( BOUNDED_CURVE ( )  B_SPLINE_CURVE ( 3, ( #1329, #878, #1065, #2386 ),
 .UNSPECIFIED., .F., .T. ) 
 B_SPLINE_CURVE_WITH_KNOTS ( ( 4, 4 ),
 ( 3.563931541273293924, 3.566131744647654589 ),
 .UNSPECIFIED. ) 
 CURVE ( )  GEOMETRIC_REPRESENTATION_ITEM ( )  RATIONAL_B_SPLINE_CURVE ( ( 1.000000000000000000, 0.9999995965921333330, 0.9999995965921333330, 1.000000000000000000 ) ) 
 REPRESENTATION_ITEM ( '' )  );
#3387 = DIRECTION ( 'NONE',  ( 0.03235924008452868011, 0.9993294731986797075, -0.01713136239769165459 ) ) ;
#3388 = CARTESIAN_POINT ( 'NONE',  ( 0.5118110236220474452, 32.75590551181101517, 0.6299212598425196763 ) ) ;
#3389 = ORIENTED_EDGE ( 'NONE', *, *, #2250, .T. ) ;
#3390 = CARTESIAN_POINT ( 'NONE',  ( 1.210564903673678527, 0.1748794647677319458, 1.043292534229356860 ) ) ;
#3391 = CARTESIAN_POINT ( 'NONE',  ( 1.210691264061185102, -0.2572194045352671488, 0.9843204272945259570 ) ) ;
#3392 = CLOSED_SHELL ( 'NONE', ( #68, #3227, #1137, #2900, #2930, #1888 ) ) ;
#3393 = CARTESIAN_POINT ( 'NONE',  ( 0.02928477952659454958, -9.846298366268612767, 0.4724409448818895907 ) ) ;
#3394 = ORIENTED_EDGE ( 'NONE', *, *, #1952, .F. ) ;
#3395 = CARTESIAN_POINT ( 'NONE',  ( -1.151468826421235159, -1.770228609791828056, 0.9841064647712435276 ) ) ;
#3396 = PLANE ( 'NONE',  #668 ) ;
#3397 = VERTEX_POINT ( 'NONE', #2453 ) ;
#3398 = EDGE_CURVE ( 'NONE', #399, #1806, #2095, .T. ) ;
#3399 = EDGE_LOOP ( 'NONE', ( #952, #2395, #454, #864, #1357 ) ) ;
#3400 = EDGE_CURVE ( 'NONE', #1900, #1954, #1999, .T. ) ;
#3401 = ORIENTED_EDGE ( 'NONE', *, *, #916, .T. ) ;
#3402 = CARTESIAN_POINT ( 'NONE',  ( 5.463695987328526437E-16, -9.842519685039361477, 0.4724409448818902013 ) ) ;
#3403 = DIRECTION ( 'NONE',  ( 0.02665453602808423583, -0.9995451010531578584, 0.01411122495604456850 ) ) ;
#3404 = CARTESIAN_POINT ( 'NONE',  ( 1.151492806418847437, -1.120662131395114169, 0.9841006683775684882 ) ) ;
#3405 = VERTEX_POINT ( 'NONE', #3072 ) ;
#3406 =( BOUNDED_CURVE ( )  B_SPLINE_CURVE ( 3, ( #567, #584, #2677, #328 ),
 .UNSPECIFIED., .F., .T. ) 
 B_SPLINE_CURVE_WITH_KNOTS ( ( 4, 4 ),
 ( 0.4279127996271384071, 3.566055316896044936 ),
 .UNSPECIFIED. ) 
 CURVE ( )  GEOMETRIC_REPRESENTATION_ITEM ( )  RATIONAL_B_SPLINE_CURVE ( ( 1.000000000000000000, 0.3344833782032332614, 0.3344833782032332614, 1.000000000000000000 ) ) 
 REPRESENTATION_ITEM ( '' )  );
ENDSEC;
END-ISO-10303-21;
