ISO-10303-21;
HEADER;
FILE_DESCRIPTION (( 'STEP AP203' ),
    '1' );
FILE_NAME ('Kora_Bridge.STEP',
    '2026-07-02T23:16:07',
    ( '' ),
    ( '' ),
    'SwSTEP 2.0',
    'SolidWorks 2026',
    '' );
FILE_SCHEMA (( 'CONFIG_CONTROL_DESIGN' ));
ENDSEC;

DATA;
#1 = CARTESIAN_POINT ( 'NONE',  ( 1.299212598425196985, 3.464566929133858331, 0.5511811023622047445 ) ) ;
#2 = ORIENTED_EDGE ( 'NONE', *, *, #1016, .T. ) ;
#3 = ORIENTED_EDGE ( 'NONE', *, *, #682, .F. ) ;
#4 = DIRECTION ( 'NONE',  ( -1.000000000000000000, 0.000000000000000000, 0.000000000000000000 ) ) ;
#5 = ADVANCED_FACE ( 'NONE', ( #2381 ), #2148, .F. ) ;
#6 = LINE ( 'NONE', #2842, #726 ) ;
#7 = EDGE_CURVE ( 'NONE', #1701, #951, #2922, .T. ) ;
#8 = CARTESIAN_POINT ( 'NONE',  ( 1.299212598425196985, 2.795275590551181022, 0.000000000000000000 ) ) ;
#9 = CARTESIAN_POINT ( 'NONE',  ( 0.9448818897637796255, 2.165354330708661568, 0.000000000000000000 ) ) ;
#10 = VECTOR ( 'NONE', #1348, 39.37007874015748143 ) ;
#11 = ORIENTED_EDGE ( 'NONE', *, *, #1416, .T. ) ;
#12 = ORIENTED_EDGE ( 'NONE', *, *, #1087, .F. ) ;
#13 = LINE ( 'NONE', #1235, #2711 ) ;
#14 = VECTOR ( 'NONE', #679, 39.37007874015748143 ) ;
#15 = CARTESIAN_POINT ( 'NONE',  ( 1.181102362204724310, 2.165354330708661568, 0.000000000000000000 ) ) ;
#16 = FACE_OUTER_BOUND ( 'NONE', #32, .T. ) ;
#17 = EDGE_CURVE ( 'NONE', #1916, #1055, #715, .T. ) ;
#18 = VECTOR ( 'NONE', #212, 39.37007874015748143 ) ;
#19 = ORIENTED_EDGE ( 'NONE', *, *, #3122, .F. ) ;
#20 = ORIENTED_EDGE ( 'NONE', *, *, #2112, .F. ) ;
#21 = VECTOR ( 'NONE', #1434, 39.37007874015748143 ) ;
#22 = CARTESIAN_POINT ( 'NONE',  ( -1.181102362204724310, 1.929133858267716661, 0.000000000000000000 ) ) ;
#23 = AXIS2_PLACEMENT_3D ( 'NONE', #1186, #2698, #2157 ) ;
#24 = CARTESIAN_POINT ( 'NONE',  ( -0.9448818897637796255, 2.795275590551181022, 0.5511811023622047445 ) ) ;
#25 = DESIGN_CONTEXT ( 'detailed design', #1098, 'design' ) ;
#26 = CARTESIAN_POINT ( 'NONE',  ( 1.496062992125984259, 0.000000000000000000, 0.000000000000000000 ) ) ;
#27 = APPROVAL ( #1094, 'UNSPECIFIED' ) ;
#28 = LINE ( 'NONE', #1276, #1029 ) ;
#29 = FACE_OUTER_BOUND ( 'NONE', #340, .T. ) ;
#30 = CARTESIAN_POINT ( 'NONE',  ( -0.9448818897637796255, 3.661417322834645827, 0.5511811023622047445 ) ) ;
#31 = ORIENTED_EDGE ( 'NONE', *, *, #2915, .T. ) ;
#32 = EDGE_LOOP ( 'NONE', ( #297, #1350, #1124, #1626 ) ) ;
#33 = DIRECTION ( 'NONE',  ( -0.000000000000000000, -0.000000000000000000, 1.000000000000000000 ) ) ;
#34 = DIRECTION ( 'NONE',  ( 0.000000000000000000, 0.000000000000000000, -1.000000000000000000 ) ) ;
#35 = LINE ( 'NONE', #2223, #1783 ) ;
#36 = ORIENTED_EDGE ( 'NONE', *, *, #2576, .T. ) ;
#37 = ORIENTED_EDGE ( 'NONE', *, *, #2015, .T. ) ;
#38 = DIRECTION ( 'NONE',  ( -0.000000000000000000, -1.000000000000000000, -0.000000000000000000 ) ) ;
#39 = CARTESIAN_POINT ( 'NONE',  ( -1.299212598425196985, 3.661417322834645827, 0.000000000000000000 ) ) ;
#40 = LINE ( 'NONE', #2468, #272 ) ;
#41 = CARTESIAN_POINT ( 'NONE',  ( 0.9448818897637796255, 2.598425196850393970, 0.5511811023622047445 ) ) ;
#42 = LINE ( 'NONE', #1698, #2707 ) ;
#43 = EDGE_LOOP ( 'NONE', ( #1093, #2630, #142, #398 ) ) ;
#44 = VERTEX_POINT ( 'NONE', #257 ) ;
#45 = CARTESIAN_POINT ( 'NONE',  ( -1.181102362204724310, 3.661417322834645827, 0.5511811023622047445 ) ) ;
#46 = EDGE_CURVE ( 'NONE', #2275, #75, #1173, .T. ) ;
#47 = CARTESIAN_POINT ( 'NONE',  ( -1.181102362204724310, 0.000000000000000000, 0.5511811023622047445 ) ) ;
#48 = LINE ( 'NONE', #744, #1632 ) ;
#49 = EDGE_LOOP ( 'NONE', ( #1456, #659, #2807, #2041 ) ) ;
#50 = CARTESIAN_POINT ( 'NONE',  ( -0.9448818897637796255, 3.031496062992125928, -0.000000000000000000 ) ) ;
#51 = CARTESIAN_POINT ( 'NONE',  ( 1.299212598425196985, 4.763779527559055538, 0.5511811023622047445 ) ) ;
#52 = LINE ( 'NONE', #1501, #1233 ) ;
#53 = EDGE_CURVE ( 'NONE', #2781, #985, #3135, .T. ) ;
#54 = DIRECTION ( 'NONE',  ( 1.000000000000000000, 0.000000000000000000, 0.000000000000000000 ) ) ;
#55 = VECTOR ( 'NONE', #1957, 39.37007874015748143 ) ;
#56 = ORIENTED_EDGE ( 'NONE', *, *, #2938, .T. ) ;
#57 = ORIENTED_EDGE ( 'NONE', *, *, #1592, .T. ) ;
#58 = CARTESIAN_POINT ( 'NONE',  ( -1.181102362204724310, 1.299212598425196985, 0.5511811023622047445 ) ) ;
#59 = AXIS2_PLACEMENT_3D ( 'NONE', #2633, #2852, #1904 ) ;
#60 = DIRECTION ( 'NONE',  ( -0.000000000000000000, -0.000000000000000000, 1.000000000000000000 ) ) ;
#61 = DIRECTION ( 'NONE',  ( -1.000000000000000000, 0.000000000000000000, 0.000000000000000000 ) ) ;
#62 = EDGE_CURVE ( 'NONE', #962, #2504, #2609, .T. ) ;
#63 = AXIS2_PLACEMENT_3D ( 'NONE', #2892, #1900, #2168 ) ;
#64 = EDGE_LOOP ( 'NONE', ( #1212, #433, #1589, #191 ) ) ;
#65 = EDGE_CURVE ( 'NONE', #1303, #235, #1400, .T. ) ;
#66 = CARTESIAN_POINT ( 'NONE',  ( -0.9448818897637796255, 3.228346456692913424, 0.5511811023622047445 ) ) ;
#67 = VECTOR ( 'NONE', #3107, 39.37007874015748143 ) ;
#68 = VECTOR ( 'NONE', #1489, 39.37007874015748143 ) ;
#69 = PERSON_AND_ORGANIZATION_ROLE ( 'design_owner' ) ;
#70 = ORIENTED_EDGE ( 'NONE', *, *, #1209, .F. ) ;
#71 = DIRECTION ( 'NONE',  ( -1.000000000000000000, 0.000000000000000000, 0.000000000000000000 ) ) ;
#72 = VECTOR ( 'NONE', #2962, 39.37007874015748143 ) ;
#73 = PLANE ( 'NONE',  #3058 ) ;
#74 = CARTESIAN_POINT ( 'NONE',  ( 1.299212598425196985, 3.464566929133858331, 0.000000000000000000 ) ) ;
#75 = VERTEX_POINT ( 'NONE', #2887 ) ;
#76 = ORIENTED_EDGE ( 'NONE', *, *, #441, .F. ) ;
#77 = LINE ( 'NONE', #1011, #1031 ) ;
#78 = CARTESIAN_POINT ( 'NONE',  ( 1.299212598425196985, 2.795275590551181022, 0.5511811023622047445 ) ) ;
#79 = CARTESIAN_POINT ( 'NONE',  ( -1.299212598425196985, 2.795275590551181022, 0.000000000000000000 ) ) ;
#80 = ORIENTED_EDGE ( 'NONE', *, *, #3110, .F. ) ;
#81 = CARTESIAN_POINT ( 'NONE',  ( -0.9448818897637796255, 4.330708661417323135, -0.000000000000000000 ) ) ;
#82 = APPROVAL_PERSON_ORGANIZATION ( #2033, #996, #385 ) ;
#83 = ORIENTED_EDGE ( 'NONE', *, *, #3094, .T. ) ;
#84 = FACE_OUTER_BOUND ( 'NONE', #2230, .T. ) ;
#85 = ADVANCED_FACE ( 'NONE', ( #3121 ), #1894, .F. ) ;
#86 = LINE ( 'NONE', #1723, #2451 ) ;
#87 = ORIENTED_EDGE ( 'NONE', *, *, #1918, .T. ) ;
#88 = VERTEX_POINT ( 'NONE', #940 ) ;
#89 = CARTESIAN_POINT ( 'NONE',  ( -1.299212598425196985, 4.960629921259842590, 0.5511811023622047445 ) ) ;
#90 = CARTESIAN_POINT ( 'NONE',  ( -1.181102362204724310, 0.000000000000000000, 0.5511811023622047445 ) ) ;
#91 = PLANE ( 'NONE',  #3053 ) ;
#92 = ADVANCED_FACE ( 'NONE', ( #1909 ), #2638, .F. ) ;
#93 = ORIENTED_EDGE ( 'NONE', *, *, #1718, .T. ) ;
#94 = CARTESIAN_POINT ( 'NONE',  ( 0.9448818897637796255, 3.228346456692913424, 0.000000000000000000 ) ) ;
#95 = ORIENTED_EDGE ( 'NONE', *, *, #1073, .T. ) ;
#96 = CARTESIAN_POINT ( 'NONE',  ( -0.9448818897637796255, 1.062992125984252079, 0.000000000000000000 ) ) ;
#97 = LINE ( 'NONE', #1064, #317 ) ;
#98 = EDGE_CURVE ( 'NONE', #1023, #2074, #2401, .T. ) ;
#99 = LINE ( 'NONE', #1564, #779 ) ;
#100 = EDGE_CURVE ( 'NONE', #1220, #1324, #2130, .T. ) ;
#101 = ORIENTED_EDGE ( 'NONE', *, *, #514, .T. ) ;
#102 = EDGE_CURVE ( 'NONE', #733, #2783, #1221, .T. ) ;
#103 = ORIENTED_EDGE ( 'NONE', *, *, #1426, .F. ) ;
#104 = CARTESIAN_POINT ( 'NONE',  ( 0.9448818897637796255, 5.196850393700787940, 0.000000000000000000 ) ) ;
#105 = DIRECTION ( 'NONE',  ( -1.000000000000000000, 0.000000000000000000, 0.000000000000000000 ) ) ;
#106 = CARTESIAN_POINT ( 'NONE',  ( -1.496062992125984259, 0.000000000000000000, 0.000000000000000000 ) ) ;
#107 = ADVANCED_FACE ( 'NONE', ( #1708 ), #922, .F. ) ;
#108 = ORIENTED_EDGE ( 'NONE', *, *, #100, .F. ) ;
#109 = VECTOR ( 'NONE', #2805, 39.37007874015748143 ) ;
#110 = FACE_OUTER_BOUND ( 'NONE', #2282, .T. ) ;
#111 = AXIS2_PLACEMENT_3D ( 'NONE', #1809, #1586, #1088 ) ;
#112 = ORIENTED_EDGE ( 'NONE', *, *, #599, .T. ) ;
#113 = VECTOR ( 'NONE', #1648, 39.37007874015748143 ) ;
#114 = CARTESIAN_POINT ( 'NONE',  ( -1.496062992125984259, 0.4724409448818898127, 0.8661417322834645827 ) ) ;
#115 = VERTEX_POINT ( 'NONE', #22 ) ;
#116 = AXIS2_PLACEMENT_3D ( 'NONE', #2421, #489, #1450 ) ;
#117 = DIRECTION ( 'NONE',  ( -0.000000000000000000, -0.000000000000000000, 1.000000000000000000 ) ) ;
#118 = AXIS2_PLACEMENT_3D ( 'NONE', #665, #1641, #2705 ) ;
#119 = ORIENTED_EDGE ( 'NONE', *, *, #701, .F. ) ;
#120 = ORIENTED_EDGE ( 'NONE', *, *, #285, .T. ) ;
#121 = DIRECTION ( 'NONE',  ( 0.000000000000000000, 1.000000000000000000, 0.000000000000000000 ) ) ;
#122 = CARTESIAN_POINT ( 'NONE',  ( -0.9448818897637796255, 3.897637795275590733, 0.000000000000000000 ) ) ;
#123 = FACE_OUTER_BOUND ( 'NONE', #2966, .T. ) ;
#124 = LINE ( 'NONE', #1058, #1482 ) ;
#125 = ORIENTED_EDGE ( 'NONE', *, *, #2957, .T. ) ;
#126 = EDGE_CURVE ( 'NONE', #44, #1190, #987, .T. ) ;
#127 = DIRECTION ( 'NONE',  ( -1.000000000000000000, -0.000000000000000000, -0.000000000000000000 ) ) ;
#128 = ORIENTED_EDGE ( 'NONE', *, *, #1796, .F. ) ;
#129 = FACE_OUTER_BOUND ( 'NONE', #43, .T. ) ;
#130 = CARTESIAN_POINT ( 'NONE',  ( 1.181102362204724310, 0.000000000000000000, 0.5511811023622047445 ) ) ;
#131 = ORIENTED_EDGE ( 'NONE', *, *, #2272, .T. ) ;
#132 = ORIENTED_EDGE ( 'NONE', *, *, #493, .F. ) ;
#133 = CARTESIAN_POINT ( 'NONE',  ( 1.496062992125984259, 0.000000000000000000, 0.8661417322834645827 ) ) ;
#134 = CARTESIAN_POINT ( 'NONE',  ( -0.9448818897637796255, 3.464566929133858331, -0.000000000000000000 ) ) ;
#135 = DIRECTION ( 'NONE',  ( -1.000000000000000000, -0.000000000000000000, -0.000000000000000000 ) ) ;
#136 = CARTESIAN_POINT ( 'NONE',  ( -0.9448818897637796255, 1.299212598425196985, 0.000000000000000000 ) ) ;
#137 = EDGE_CURVE ( 'NONE', #2049, #171, #2858, .T. ) ;
#138 = VERTEX_POINT ( 'NONE', #1242 ) ;
#139 = CARTESIAN_POINT ( 'NONE',  ( 0.9448818897637796255, 2.598425196850393970, 0.5511811023622047445 ) ) ;
#140 = ORIENTED_EDGE ( 'NONE', *, *, #1643, .T. ) ;
#141 = EDGE_CURVE ( 'NONE', #884, #681, #2268, .T. ) ;
#142 = ORIENTED_EDGE ( 'NONE', *, *, #228, .F. ) ;
#143 = FACE_OUTER_BOUND ( 'NONE', #692, .T. ) ;
#144 = DIRECTION ( 'NONE',  ( -0.000000000000000000, -0.000000000000000000, 1.000000000000000000 ) ) ;
#145 = EDGE_CURVE ( 'NONE', #1498, #580, #304, .T. ) ;
#146 = CARTESIAN_POINT ( 'NONE',  ( -1.181102362204724310, 3.228346456692913424, 0.5511811023622047445 ) ) ;
#147 = DIRECTION ( 'NONE',  ( -0.000000000000000000, -0.000000000000000000, 1.000000000000000000 ) ) ;
#148 = CARTESIAN_POINT ( 'NONE',  ( 1.181102362204724310, 4.763779527559055538, 0.000000000000000000 ) ) ;
#149 = LINE ( 'NONE', #2296, #2285 ) ;
#150 = ORIENTED_EDGE ( 'NONE', *, *, #2861, .T. ) ;
#151 = ORIENTED_EDGE ( 'NONE', *, *, #1643, .F. ) ;
#152 = ADVANCED_FACE ( 'NONE', ( #2706 ), #1256, .F. ) ;
#153 = CARTESIAN_POINT ( 'NONE',  ( -1.181102362204724310, 4.330708661417323135, 0.000000000000000000 ) ) ;
#154 = ORIENTED_EDGE ( 'NONE', *, *, #1828, .T. ) ;
#155 = EDGE_CURVE ( 'NONE', #1014, #1151, #2982, .T. ) ;
#156 = ORIENTED_EDGE ( 'NONE', *, *, #2548, .F. ) ;
#157 = CARTESIAN_POINT ( 'NONE',  ( -0.9448818897637796255, 1.496062992125984259, 0.000000000000000000 ) ) ;
#158 = VECTOR ( 'NONE', #2014, 39.37007874015748143 ) ;
#159 = VECTOR ( 'NONE', #595, 39.37007874015748143 ) ;
#160 = CARTESIAN_POINT ( 'NONE',  ( 1.181102362204724310, 2.362204724409448620, 0.5511811023622047445 ) ) ;
#161 = EDGE_CURVE ( 'NONE', #308, #2960, #748, .T. ) ;
#162 = VECTOR ( 'NONE', #1455, 39.37007874015748143 ) ;
#163 = CARTESIAN_POINT ( 'NONE',  ( -1.181102362204724310, 3.464566929133858331, 0.5511811023622047445 ) ) ;
#164 = VECTOR ( 'NONE', #1710, 39.37007874015748143 ) ;
#165 = DIRECTION ( 'NONE',  ( 0.000000000000000000, -0.000000000000000000, 1.000000000000000000 ) ) ;
#166 = CARTESIAN_POINT ( 'NONE',  ( 1.181102362204724310, 2.598425196850393970, 0.5511811023622047445 ) ) ;
#167 = PLANE ( 'NONE',  #2286 ) ;
#168 = VECTOR ( 'NONE', #1747, 39.37007874015748143 ) ;
#169 = PERSON ( 'UNSPECIFIED', 'UNSPECIFIED', 'UNSPECIFIED', ('UNSPECIFIED'), ('UNSPECIFIED'), ('UNSPECIFIED') ) ;
#170 = ORIENTED_EDGE ( 'NONE', *, *, #1125, .F. ) ;
#171 = VERTEX_POINT ( 'NONE', #66 ) ;
#172 = LINE ( 'NONE', #3080, #1990 ) ;
#173 = CARTESIAN_POINT ( 'NONE',  ( -0.9448818897637796255, 2.362204724409448620, 0.000000000000000000 ) ) ;
#174 = VERTEX_POINT ( 'NONE', #1015 ) ;
#175 = EDGE_CURVE ( 'NONE', #2155, #205, #1033, .T. ) ;
#176 = VERTEX_POINT ( 'NONE', #50 ) ;
#177 = CARTESIAN_POINT ( 'NONE',  ( -1.299212598425196985, 1.496062992125984259, 0.5511811023622047445 ) ) ;
#178 = VERTEX_POINT ( 'NONE', #2002 ) ;
#179 = LINE ( 'NONE', #669, #2553 ) ;
#180 = PRODUCT_DEFINITION_SHAPE ( 'NONE', 'NONE',  #1945 ) ;
#181 = PLANE ( 'NONE',  #1646 ) ;
#182 = EDGE_CURVE ( 'NONE', #1220, #2379, #1973, .T. ) ;
#183 = PLANE ( 'NONE',  #2549 ) ;
#184 = DIRECTION ( 'NONE',  ( 1.000000000000000000, 0.000000000000000000, 0.000000000000000000 ) ) ;
#185 = CARTESIAN_POINT ( 'NONE',  ( 0.9448818897637796255, 2.362204724409448620, 0.5511811023622047445 ) ) ;
#186 = ORIENTED_EDGE ( 'NONE', *, *, #2726, .F. ) ;
#187 = VERTEX_POINT ( 'NONE', #81 ) ;
#188 = DIRECTION ( 'NONE',  ( 0.000000000000000000, -1.000000000000000000, -0.000000000000000000 ) ) ;
#189 = EDGE_CURVE ( 'NONE', #2307, #1678, #193, .T. ) ;
#190 = ORIENTED_EDGE ( 'NONE', *, *, #2409, .F. ) ;
#191 = ORIENTED_EDGE ( 'NONE', *, *, #2998, .F. ) ;
#192 = CARTESIAN_POINT ( 'NONE',  ( 0.9448818897637796255, 4.330708661417323135, 0.000000000000000000 ) ) ;
#193 = LINE ( 'NONE', #1721, #1731 ) ;
#194 = DIRECTION ( 'NONE',  ( 0.000000000000000000, -0.000000000000000000, 1.000000000000000000 ) ) ;
#195 = EDGE_CURVE ( 'NONE', #1477, #1561, #554, .T. ) ;
#196 = PLANE ( 'NONE',  #1229 ) ;
#197 = FACE_OUTER_BOUND ( 'NONE', #1751, .T. ) ;
#198 = LINE ( 'NONE', #2407, #2189 ) ;
#199 = ORIENTED_EDGE ( 'NONE', *, *, #2318, .T. ) ;
#200 = ORIENTED_EDGE ( 'NONE', *, *, #1533, .F. ) ;
#201 = DIRECTION ( 'NONE',  ( 0.000000000000000000, 1.000000000000000000, 0.000000000000000000 ) ) ;
#202 = CARTESIAN_POINT ( 'NONE',  ( -1.181102362204724310, 2.795275590551181022, 0.000000000000000000 ) ) ;
#203 = LINE ( 'NONE', #2869, #716 ) ;
#204 = EDGE_CURVE ( 'NONE', #657, #3039, #2510, .T. ) ;
#205 = VERTEX_POINT ( 'NONE', #1752 ) ;
#206 = ORIENTED_EDGE ( 'NONE', *, *, #842, .F. ) ;
#207 = CARTESIAN_POINT ( 'NONE',  ( 1.299212598425196985, 4.527559055118110187, 0.000000000000000000 ) ) ;
#208 = CARTESIAN_POINT ( 'NONE',  ( -1.299212598425196985, 5.629921259842519454, 0.000000000000000000 ) ) ;
#209 = AXIS2_PLACEMENT_3D ( 'NONE', #1217, #2683, #2188 ) ;
#210 = LINE ( 'NONE', #3103, #978 ) ;
#211 = VECTOR ( 'NONE', #691, 39.37007874015748143 ) ;
#212 = DIRECTION ( 'NONE',  ( 0.000000000000000000, -0.000000000000000000, 1.000000000000000000 ) ) ;
#213 = VECTOR ( 'NONE', #895, 39.37007874015748143 ) ;
#214 = PLANE ( 'NONE',  #2343 ) ;
#215 = LINE ( 'NONE', #1182, #2038 ) ;
#216 = ORIENTED_EDGE ( 'NONE', *, *, #374, .T. ) ;
#217 = VECTOR ( 'NONE', #2103, 39.37007874015748143 ) ;
#218 = ORIENTED_EDGE ( 'NONE', *, *, #1215, .T. ) ;
#219 = CARTESIAN_POINT ( 'NONE',  ( 1.299212598425196985, 2.795275590551181022, 0.000000000000000000 ) ) ;
#220 = CARTESIAN_POINT ( 'NONE',  ( 1.299212598425196985, 3.031496062992125928, 0.000000000000000000 ) ) ;
#221 = VECTOR ( 'NONE', #2867, 39.37007874015748143 ) ;
#222 = ORIENTED_EDGE ( 'NONE', *, *, #2625, .T. ) ;
#223 = EDGE_CURVE ( 'NONE', #657, #885, #316, .T. ) ;
#224 = VERTEX_POINT ( 'NONE', #763 ) ;
#225 = DIRECTION ( 'NONE',  ( 0.000000000000000000, 0.000000000000000000, 1.000000000000000000 ) ) ;
#226 = CARTESIAN_POINT ( 'NONE',  ( 1.299212598425196985, 3.661417322834645827, 0.000000000000000000 ) ) ;
#227 = CARTESIAN_POINT ( 'NONE',  ( -1.181102362204724310, 4.960629921259842590, 0.000000000000000000 ) ) ;
#228 = EDGE_CURVE ( 'NONE', #2788, #966, #1777, .T. ) ;
#229 = CARTESIAN_POINT ( 'NONE',  ( 1.299212598425196985, 4.527559055118110187, 0.5511811023622047445 ) ) ;
#230 = CARTESIAN_POINT ( 'NONE',  ( 0.9448818897637796255, 3.228346456692913424, 0.5511811023622047445 ) ) ;
#231 = CARTESIAN_POINT ( 'NONE',  ( 0.9448818897637796255, 3.897637795275590733, 0.000000000000000000 ) ) ;
#232 = CARTESIAN_POINT ( 'NONE',  ( 0.9448818897637796255, 5.196850393700787940, 0.000000000000000000 ) ) ;
#233 = EDGE_LOOP ( 'NONE', ( #666, #1527, #478, #814 ) ) ;
#234 = LOCAL_TIME ( 16, 16, 7.000000000000000000, #1449 ) ;
#235 = VERTEX_POINT ( 'NONE', #1987 ) ;
#236 = CARTESIAN_POINT ( 'NONE',  ( -1.181102362204724310, 5.393700787401574992, 0.5511811023622047445 ) ) ;
#237 = CARTESIAN_POINT ( 'NONE',  ( -1.299212598425196985, 2.362204724409448620, 0.000000000000000000 ) ) ;
#238 = EDGE_CURVE ( 'NONE', #462, #906, #2492, .T. ) ;
#239 = ORIENTED_EDGE ( 'NONE', *, *, #2813, .F. ) ;
#240 = ORIENTED_EDGE ( 'NONE', *, *, #189, .T. ) ;
#241 = DIRECTION ( 'NONE',  ( -0.000000000000000000, -1.000000000000000000, -0.000000000000000000 ) ) ;
#242 = DIRECTION ( 'NONE',  ( 0.000000000000000000, 0.000000000000000000, -1.000000000000000000 ) ) ;
#243 = EDGE_CURVE ( 'NONE', #1678, #2094, #542, .T. ) ;
#244 = LINE ( 'NONE', #1754, #2616 ) ;
#245 = CARTESIAN_POINT ( 'NONE',  ( -1.299212598425196985, 2.598425196850393970, 0.000000000000000000 ) ) ;
#246 = EDGE_CURVE ( 'NONE', #933, #2779, #1766, .T. ) ;
#247 = LINE ( 'NONE', #910, #2499 ) ;
#248 = CARTESIAN_POINT ( 'NONE',  ( 1.181102362204724310, 2.598425196850393970, 0.5511811023622047445 ) ) ;
#249 = CARTESIAN_POINT ( 'NONE',  ( -1.181102362204724310, 5.629921259842519454, 0.5511811023622047445 ) ) ;
#250 = ORIENTED_EDGE ( 'NONE', *, *, #1762, .F. ) ;
#251 = EDGE_LOOP ( 'NONE', ( #2970, #2894, #2342, #150 ) ) ;
#252 = DIRECTION ( 'NONE',  ( 0.000000000000000000, 1.000000000000000000, 0.000000000000000000 ) ) ;
#253 = PLANE ( 'NONE',  #2594 ) ;
#254 = PLANE ( 'NONE',  #1377 ) ;
#255 = EDGE_LOOP ( 'NONE', ( #965, #1622, #2219, #2146 ) ) ;
#256 = ORIENTED_EDGE ( 'NONE', *, *, #2463, .T. ) ;
#257 = CARTESIAN_POINT ( 'NONE',  ( 0.9448818897637796255, 4.527559055118110187, 0.5511811023622047445 ) ) ;
#258 = CC_DESIGN_PERSON_AND_ORGANIZATION_ASSIGNMENT ( #278, #488, ( #1945 ) ) ;
#259 = DIRECTION ( 'NONE',  ( -0.000000000000000000, -0.000000000000000000, 1.000000000000000000 ) ) ;
#260 = LINE ( 'NONE', #1515, #623 ) ;
#261 = VECTOR ( 'NONE', #791, 39.37007874015748143 ) ;
#262 = LINE ( 'NONE', #2500, #1889 ) ;
#263 = FACE_OUTER_BOUND ( 'NONE', #2069, .T. ) ;
#264 = LINE ( 'NONE', #2217, #1380 ) ;
#265 = VECTOR ( 'NONE', #2387, 39.37007874015748143 ) ;
#266 = EDGE_LOOP ( 'NONE', ( #2921, #1203, #2097, #1725 ) ) ;
#267 = VERTEX_POINT ( 'NONE', #2967 ) ;
#268 = CARTESIAN_POINT ( 'NONE',  ( -0.9448818897637796255, 2.165354330708661568, 0.000000000000000000 ) ) ;
#269 = VECTOR ( 'NONE', #2423, 39.37007874015748143 ) ;
#270 = LINE ( 'NONE', #1999, #1737 ) ;
#271 = DIRECTION ( 'NONE',  ( 0.000000000000000000, -0.000000000000000000, -1.000000000000000000 ) ) ;
#272 = VECTOR ( 'NONE', #293, 39.37007874015748143 ) ;
#273 = EDGE_LOOP ( 'NONE', ( #1075, #2025, #1873, #108 ) ) ;
#274 = ORIENTED_EDGE ( 'NONE', *, *, #1016, .F. ) ;
#275 = VECTOR ( 'NONE', #225, 39.37007874015748143 ) ;
#276 = CARTESIAN_POINT ( 'NONE',  ( 1.181102362204724310, 0.000000000000000000, 0.5511811023622047445 ) ) ;
#277 = VECTOR ( 'NONE', #327, 39.37007874015748143 ) ;
#278 = PERSON_AND_ORGANIZATION ( #169, #2060 ) ;
#279 = DIRECTION ( 'NONE',  ( 1.000000000000000000, 0.000000000000000000, 0.000000000000000000 ) ) ;
#280 = ADVANCED_FACE ( 'NONE', ( #1269 ), #794, .F. ) ;
#281 = DIRECTION ( 'NONE',  ( 0.000000000000000000, 0.000000000000000000, -1.000000000000000000 ) ) ;
#282 = PLANE ( 'NONE',  #874 ) ;
#283 = CARTESIAN_POINT ( 'NONE',  ( -0.9448818897637796255, 2.795275590551181022, 0.5511811023622047445 ) ) ;
#284 = VERTEX_POINT ( 'NONE', #1543 ) ;
#285 = EDGE_CURVE ( 'NONE', #174, #2183, #2210, .T. ) ;
#286 = VERTEX_POINT ( 'NONE', #1843 ) ;
#287 = DIRECTION ( 'NONE',  ( 0.000000000000000000, 1.000000000000000000, 0.000000000000000000 ) ) ;
#288 = DIRECTION ( 'NONE',  ( 0.000000000000000000, 0.000000000000000000, -1.000000000000000000 ) ) ;
#289 = PLANE ( 'NONE',  #769 ) ;
#290 = ORIENTED_EDGE ( 'NONE', *, *, #838, .F. ) ;
#291 = EDGE_CURVE ( 'NONE', #486, #456, #365, .T. ) ;
#292 = CARTESIAN_POINT ( 'NONE',  ( 1.299212598425196985, 1.929133858267716661, 0.000000000000000000 ) ) ;
#293 = DIRECTION ( 'NONE',  ( 1.000000000000000000, 0.000000000000000000, 0.000000000000000000 ) ) ;
#294 = EDGE_CURVE ( 'NONE', #176, #2485, #1091, .T. ) ;
#295 = DIRECTION ( 'NONE',  ( -0.000000000000000000, -0.000000000000000000, 1.000000000000000000 ) ) ;
#296 = CARTESIAN_POINT ( 'NONE',  ( -0.9448818897637796255, 2.362204724409448620, 0.5511811023622047445 ) ) ;
#297 = ORIENTED_EDGE ( 'NONE', *, *, #893, .T. ) ;
#298 = VERTEX_POINT ( 'NONE', #153 ) ;
#299 = EDGE_CURVE ( 'NONE', #1189, #1970, #1122, .T. ) ;
#300 = CARTESIAN_POINT ( 'NONE',  ( -1.299212598425196985, 3.661417322834645827, 0.5511811023622047445 ) ) ;
#301 = FACE_OUTER_BOUND ( 'NONE', #266, .T. ) ;
#302 = CARTESIAN_POINT ( 'NONE',  ( -1.181102362204724310, 0.4724409448818898127, 0.000000000000000000 ) ) ;
#303 = ORIENTED_EDGE ( 'NONE', *, *, #2583, .T. ) ;
#304 = LINE ( 'NONE', #292, #1478 ) ;
#305 = ORIENTED_EDGE ( 'NONE', *, *, #1559, .F. ) ;
#306 = FACE_OUTER_BOUND ( 'NONE', #605, .T. ) ;
#307 = CARTESIAN_POINT ( 'NONE',  ( 1.299212598425196985, 1.732283464566929165, 0.000000000000000000 ) ) ;
#308 = VERTEX_POINT ( 'NONE', #3016 ) ;
#309 = ORIENTED_EDGE ( 'NONE', *, *, #2081, .T. ) ;
#310 = CARTESIAN_POINT ( 'NONE',  ( -1.181102362204724310, 0.000000000000000000, 0.5511811023622047445 ) ) ;
#311 = VECTOR ( 'NONE', #2266, 39.37007874015748143 ) ;
#312 = CARTESIAN_POINT ( 'NONE',  ( 1.181102362204724310, 0.000000000000000000, 0.5511811023622047445 ) ) ;
#313 = CARTESIAN_POINT ( 'NONE',  ( 1.181102362204724310, 1.732283464566929165, 0.000000000000000000 ) ) ;
#314 = VECTOR ( 'NONE', #60, 39.37007874015748143 ) ;
#315 = EDGE_LOOP ( 'NONE', ( #2983, #793, #2849, #2870 ) ) ;
#316 = LINE ( 'NONE', #1047, #362 ) ;
#317 = VECTOR ( 'NONE', #1802, 39.37007874015748143 ) ;
#318 = EDGE_CURVE ( 'NONE', #1383, #352, #2789, .T. ) ;
#319 = VECTOR ( 'NONE', #1322, 39.37007874015748143 ) ;
#320 = ORIENTED_EDGE ( 'NONE', *, *, #2571, .T. ) ;
#321 = DIRECTION ( 'NONE',  ( 0.000000000000000000, 0.000000000000000000, 1.000000000000000000 ) ) ;
#322 = AXIS2_PLACEMENT_3D ( 'NONE', #2575, #2767, #401 ) ;
#323 = LINE ( 'NONE', #2713, #1176 ) ;
#324 = ADVANCED_FACE ( 'NONE', ( #110 ), #1558, .F. ) ;
#325 = ORIENTED_EDGE ( 'NONE', *, *, #555, .F. ) ;
#326 = ORIENTED_EDGE ( 'NONE', *, *, #3064, .T. ) ;
#327 = DIRECTION ( 'NONE',  ( -0.000000000000000000, -1.000000000000000000, -0.000000000000000000 ) ) ;
#328 = PLANE ( 'NONE',  #519 ) ;
#329 = DIRECTION ( 'NONE',  ( 0.000000000000000000, 1.000000000000000000, 0.000000000000000000 ) ) ;
#330 = VERTEX_POINT ( 'NONE', #871 ) ;
#331 = EDGE_CURVE ( 'NONE', #341, #88, #1590, .T. ) ;
#332 = DIRECTION ( 'NONE',  ( 1.000000000000000000, 0.000000000000000000, 0.000000000000000000 ) ) ;
#333 = VECTOR ( 'NONE', #2119, 39.37007874015748143 ) ;
#334 = CALENDAR_DATE ( 2026, 2, 7 ) ;
#335 = VERTEX_POINT ( 'NONE', #2586 ) ;
#336 = DIRECTION ( 'NONE',  ( 0.000000000000000000, 0.000000000000000000, -1.000000000000000000 ) ) ;
#337 = CARTESIAN_POINT ( 'NONE',  ( -1.299212598425196985, 4.094488188976377785, 0.000000000000000000 ) ) ;
#338 = EDGE_CURVE ( 'NONE', #1324, #632, #1107, .T. ) ;
#339 = CARTESIAN_POINT ( 'NONE',  ( 0.9448818897637796255, 5.393700787401574992, 0.000000000000000000 ) ) ;
#340 = EDGE_LOOP ( 'NONE', ( #1576, #2328, #579, #762 ) ) ;
#341 = VERTEX_POINT ( 'NONE', #1798 ) ;
#342 = CARTESIAN_POINT ( 'NONE',  ( 1.181102362204724310, 1.299212598425196985, 0.5511811023622047445 ) ) ;
#343 = ADVANCED_FACE ( 'NONE', ( #2538 ), #2808, .F. ) ;
#344 = DIRECTION ( 'NONE',  ( -1.000000000000000000, 0.000000000000000000, 0.000000000000000000 ) ) ;
#345 = LINE ( 'NONE', #396, #917 ) ;
#346 = ORIENTED_EDGE ( 'NONE', *, *, #141, .F. ) ;
#347 = DIRECTION ( 'NONE',  ( 0.000000000000000000, 0.000000000000000000, -1.000000000000000000 ) ) ;
#348 = EDGE_LOOP ( 'NONE', ( #2001, #389, #1767, #1279 ) ) ;
#349 = SECURITY_CLASSIFICATION_LEVEL ( 'unclassified' ) ;
#350 = ORIENTED_EDGE ( 'NONE', *, *, #2528, .T. ) ;
#351 = LINE ( 'NONE', #2320, #1387 ) ;
#352 = VERTEX_POINT ( 'NONE', #856 ) ;
#353 = CC_DESIGN_PERSON_AND_ORGANIZATION_ASSIGNMENT ( #2525, #1595, ( #637 ) ) ;
#354 = FACE_OUTER_BOUND ( 'NONE', #1671, .T. ) ;
#355 = EDGE_LOOP ( 'NONE', ( #2173, #2757, #1001, #2502, #2279, #1684, #3078, #2190, #1714, #56, #1085, #2636, #2110, #1581, #1462, #2269, #846, #1472, #2262, #3063, #3118, #1980, #3119, #1039, #186, #2930, #745, #584, #697, #2495, #1505, #521, #747, #1601, #1890, #2439, #1067, #2574, #2793, #961, #1198, #2299, #154, #849, #1985, #1367, #2490, #2004, #151, #827, #2065, #955, #1507, #1806, #2929, #2537, #2201, #1154, #305, #1101, #1972, #2058, #2290, #326, #1492, #2159, #644, #1707, #2010, #19, #3031, #222, #3112, #2896, #3129, #1633, #2391, #2240, #1232, #2903, #677, #2378, #156, #3050, #325, #1997, #2429, #2461 ) ) ;
#356 = VERTEX_POINT ( 'NONE', #634 ) ;
#357 = DIRECTION ( 'NONE',  ( 0.000000000000000000, 1.000000000000000000, 0.000000000000000000 ) ) ;
#358 = EDGE_CURVE ( 'NONE', #286, #2224, #2052, .T. ) ;
#359 = CARTESIAN_POINT ( 'NONE',  ( -0.9448818897637796255, 2.795275590551181022, 0.000000000000000000 ) ) ;
#360 = LINE ( 'NONE', #2062, #1786 ) ;
#361 = DIRECTION ( 'NONE',  ( 1.000000000000000000, -0.000000000000000000, -0.000000000000000000 ) ) ;
#362 = VECTOR ( 'NONE', #1500, 39.37007874015748143 ) ;
#363 = ORIENTED_EDGE ( 'NONE', *, *, #1709, .T. ) ;
#364 = AXIS2_PLACEMENT_3D ( 'NONE', #1396, #188, #2126 ) ;
#365 = LINE ( 'NONE', #1140, #2796 ) ;
#366 = VECTOR ( 'NONE', #771, 39.37007874015748143 ) ;
#367 = VERTEX_POINT ( 'NONE', #1379 ) ;
#368 = AXIS2_PLACEMENT_3D ( 'NONE', #2579, #404, #1371 ) ;
#369 = LINE ( 'NONE', #1318, #1493 ) ;
#370 = ORIENTED_EDGE ( 'NONE', *, *, #2910, .F. ) ;
#371 = VECTOR ( 'NONE', #1402, 39.37007874015748143 ) ;
#372 = PLANE ( 'NONE',  #1742 ) ;
#373 = VECTOR ( 'NONE', #252, 39.37007874015748143 ) ;
#374 = EDGE_CURVE ( 'NONE', #463, #2735, #1608, .T. ) ;
#375 = VERTEX_POINT ( 'NONE', #2995 ) ;
#376 = ORIENTED_EDGE ( 'NONE', *, *, #2384, .T. ) ;
#377 = DIRECTION ( 'NONE',  ( 0.000000000000000000, -0.000000000000000000, 1.000000000000000000 ) ) ;
#378 = DIRECTION ( 'NONE',  ( -0.000000000000000000, 1.000000000000000000, 0.000000000000000000 ) ) ;
#379 = DIRECTION ( 'NONE',  ( 1.000000000000000000, 0.000000000000000000, 0.000000000000000000 ) ) ;
#380 = CARTESIAN_POINT ( 'NONE',  ( 1.181102362204724310, 1.496062992125984259, 0.000000000000000000 ) ) ;
#381 = EDGE_CURVE ( 'NONE', #286, #2460, #2572, .T. ) ;
#382 = VERTEX_POINT ( 'NONE', #1826 ) ;
#383 = CARTESIAN_POINT ( 'NONE',  ( -1.299212598425196985, 3.031496062992125928, 0.5511811023622047445 ) ) ;
#384 = ORIENTED_EDGE ( 'NONE', *, *, #2024, .F. ) ;
#385 = APPROVAL_ROLE ( '' ) ;
#386 = EDGE_CURVE ( 'NONE', #1573, #187, #2778, .T. ) ;
#387 = ORIENTED_EDGE ( 'NONE', *, *, #792, .F. ) ;
#388 = PLANE ( 'NONE',  #1179 ) ;
#389 = ORIENTED_EDGE ( 'NONE', *, *, #986, .T. ) ;
#390 = DIRECTION ( 'NONE',  ( 1.000000000000000000, -0.000000000000000000, -0.000000000000000000 ) ) ;
#391 = ORIENTED_EDGE ( 'NONE', *, *, #53, .T. ) ;
#392 = CARTESIAN_POINT ( 'NONE',  ( 0.9448818897637796255, 3.897637795275590733, 0.000000000000000000 ) ) ;
#393 = EDGE_CURVE ( 'NONE', #1267, #2362, #823, .T. ) ;
#394 = LINE ( 'NONE', #2325, #570 ) ;
#395 = CARTESIAN_POINT ( 'NONE',  ( 0.9448818897637796255, 1.299212598425196985, 0.5511811023622047445 ) ) ;
#396 = CARTESIAN_POINT ( 'NONE',  ( 1.299212598425196985, 1.732283464566929165, 0.5511811023622047445 ) ) ;
#397 = EDGE_CURVE ( 'NONE', #841, #1638, #2330, .T. ) ;
#398 = ORIENTED_EDGE ( 'NONE', *, *, #880, .T. ) ;
#399 = DIRECTION ( 'NONE',  ( -0.000000000000000000, -0.000000000000000000, 1.000000000000000000 ) ) ;
#400 = ORIENTED_EDGE ( 'NONE', *, *, #2254, .T. ) ;
#401 = DIRECTION ( 'NONE',  ( 0.000000000000000000, 0.000000000000000000, 1.000000000000000000 ) ) ;
#402 = CARTESIAN_POINT ( 'NONE',  ( 0.9448818897637796255, 3.031496062992125928, 0.5511811023622047445 ) ) ;
#403 = CARTESIAN_POINT ( 'NONE',  ( 1.181102362204724310, 4.094488188976377785, 0.000000000000000000 ) ) ;
#404 = DIRECTION ( 'NONE',  ( 0.000000000000000000, -1.000000000000000000, -0.000000000000000000 ) ) ;
#405 = CARTESIAN_POINT ( 'NONE',  ( 1.181102362204724310, 2.795275590551181022, 0.5511811023622047445 ) ) ;
#406 = DIRECTION ( 'NONE',  ( 0.000000000000000000, 0.000000000000000000, 1.000000000000000000 ) ) ;
#407 = ORIENTED_EDGE ( 'NONE', *, *, #682, .T. ) ;
#408 = ORIENTED_EDGE ( 'NONE', *, *, #1188, .T. ) ;
#409 = VECTOR ( 'NONE', #2236, 39.37007874015748143 ) ;
#410 = CARTESIAN_POINT ( 'NONE',  ( 1.181102362204724310, 3.661417322834645827, 0.000000000000000000 ) ) ;
#411 = DIRECTION ( 'NONE',  ( 0.000000000000000000, 1.000000000000000000, 0.000000000000000000 ) ) ;
#412 = VECTOR ( 'NONE', #2933, 39.37007874015748143 ) ;
#413 = ORIENTED_EDGE ( 'NONE', *, *, #2015, .F. ) ;
#414 = DIRECTION ( 'NONE',  ( 1.000000000000000000, -0.000000000000000000, -0.000000000000000000 ) ) ;
#415 = ORIENTED_EDGE ( 'NONE', *, *, #137, .F. ) ;
#416 = VECTOR ( 'NONE', #2206, 39.37007874015748143 ) ;
#417 = EDGE_CURVE ( 'NONE', #2485, #906, #2559, .T. ) ;
#418 = AXIS2_PLACEMENT_3D ( 'NONE', #630, #2568, #2979 ) ;
#419 = CARTESIAN_POINT ( 'NONE',  ( -0.9448818897637796255, 2.598425196850393970, -0.000000000000000000 ) ) ;
#420 = VECTOR ( 'NONE', #753, 39.37007874015748143 ) ;
#421 = DIRECTION ( 'NONE',  ( -1.000000000000000000, -0.000000000000000000, -0.000000000000000000 ) ) ;
#422 = AXIS2_PLACEMENT_3D ( 'NONE', #130, #604, #3004 ) ;
#423 = EDGE_CURVE ( 'NONE', #138, #3068, #1316, .T. ) ;
#424 = CARTESIAN_POINT ( 'NONE',  ( -1.181102362204724310, 1.732283464566929165, 0.000000000000000000 ) ) ;
#425 = DIRECTION ( 'NONE',  ( -0.000000000000000000, -1.000000000000000000, -0.000000000000000000 ) ) ;
#426 = DIRECTION ( 'NONE',  ( 0.000000000000000000, -0.000000000000000000, 1.000000000000000000 ) ) ;
#427 = VECTOR ( 'NONE', #287, 39.37007874015748143 ) ;
#428 = ORIENTED_EDGE ( 'NONE', *, *, #1647, .F. ) ;
#429 = ORIENTED_EDGE ( 'NONE', *, *, #2968, .F. ) ;
#430 = CARTESIAN_POINT ( 'NONE',  ( 1.181102362204724310, 4.960629921259842590, 0.5511811023622047445 ) ) ;
#431 = ORIENTED_EDGE ( 'NONE', *, *, #175, .T. ) ;
#432 = EDGE_CURVE ( 'NONE', #2951, #3038, #3115, .T. ) ;
#433 = ORIENTED_EDGE ( 'NONE', *, *, #2723, .T. ) ;
#434 = CARTESIAN_POINT ( 'NONE',  ( 1.181102362204724310, 0.000000000000000000, 0.5511811023622047445 ) ) ;
#435 = DIRECTION ( 'NONE',  ( -1.000000000000000000, 0.000000000000000000, 0.000000000000000000 ) ) ;
#436 = PRODUCT_RELATED_PRODUCT_CATEGORY ( 'detail', '', ( #2868 ) ) ;
#437 = ADVANCED_FACE ( 'NONE', ( #1168 ), #2900, .F. ) ;
#438 = PLANE ( 'NONE',  #2096 ) ;
#439 = ADVANCED_FACE ( 'NONE', ( #3095 ), #1888, .F. ) ;
#440 = AXIS2_PLACEMENT_3D ( 'NONE', #2292, #3087, #2552 ) ;
#441 = EDGE_CURVE ( 'NONE', #2607, #330, #1669, .T. ) ;
#442 = DIRECTION ( 'NONE',  ( 0.000000000000000000, 0.000000000000000000, -1.000000000000000000 ) ) ;
#443 = DIRECTION ( 'NONE',  ( -0.000000000000000000, -1.000000000000000000, -0.000000000000000000 ) ) ;
#444 = LINE ( 'NONE', #1677, #821 ) ;
#445 = ORIENTED_EDGE ( 'NONE', *, *, #2042, .T. ) ;
#446 = ORIENTED_EDGE ( 'NONE', *, *, #1877, .T. ) ;
#447 = DIRECTION ( 'NONE',  ( -0.000000000000000000, 1.000000000000000000, 0.000000000000000000 ) ) ;
#448 = ORIENTED_EDGE ( 'NONE', *, *, #498, .T. ) ;
#449 = ORIENTED_EDGE ( 'NONE', *, *, #1965, .F. ) ;
#450 = FACE_OUTER_BOUND ( 'NONE', #635, .T. ) ;
#451 = DIRECTION ( 'NONE',  ( 0.000000000000000000, 0.000000000000000000, 1.000000000000000000 ) ) ;
#452 = DIRECTION ( 'NONE',  ( -0.000000000000000000, 1.000000000000000000, 0.000000000000000000 ) ) ;
#453 = PLANE ( 'NONE',  #1127 ) ;
#454 = CARTESIAN_POINT ( 'NONE',  ( 0.9448818897637796255, 2.165354330708661568, 0.000000000000000000 ) ) ;
#455 = CARTESIAN_POINT ( 'NONE',  ( 1.299212598425196985, 4.960629921259842590, 0.000000000000000000 ) ) ;
#456 = VERTEX_POINT ( 'NONE', #1425 ) ;
#457 = ADVANCED_FACE ( 'NONE', ( #730 ), #2142, .F. ) ;
#458 = ORIENTED_EDGE ( 'NONE', *, *, #2476, .F. ) ;
#459 = DIRECTION ( 'NONE',  ( 0.000000000000000000, 0.000000000000000000, -1.000000000000000000 ) ) ;
#460 = DIRECTION ( 'NONE',  ( 0.000000000000000000, 0.000000000000000000, 1.000000000000000000 ) ) ;
#461 = FACE_OUTER_BOUND ( 'NONE', #2410, .T. ) ;
#462 = VERTEX_POINT ( 'NONE', #1409 ) ;
#463 = VERTEX_POINT ( 'NONE', #695 ) ;
#464 = LINE ( 'NONE', #2857, #830 ) ;
#465 = EDGE_CURVE ( 'NONE', #580, #2302, #1705, .T. ) ;
#466 = CARTESIAN_POINT ( 'NONE',  ( 1.181102362204724310, 4.527559055118110187, 0.5511811023622047445 ) ) ;
#467 = VECTOR ( 'NONE', #3131, 39.37007874015748143 ) ;
#468 = DIRECTION ( 'NONE',  ( 0.000000000000000000, 0.000000000000000000, 1.000000000000000000 ) ) ;
#469 = VECTOR ( 'NONE', #866, 39.37007874015748143 ) ;
#470 = EDGE_CURVE ( 'NONE', #1571, #115, #2377, .T. ) ;
#471 = EDGE_CURVE ( 'NONE', #171, #1901, #203, .T. ) ;
#472 = DIRECTION ( 'NONE',  ( -1.000000000000000000, -0.000000000000000000, -0.000000000000000000 ) ) ;
#473 = VECTOR ( 'NONE', #2927, 39.37007874015748143 ) ;
#474 = DIRECTION ( 'NONE',  ( 0.000000000000000000, -0.000000000000000000, 1.000000000000000000 ) ) ;
#475 = DIRECTION ( 'NONE',  ( 0.000000000000000000, 0.000000000000000000, -1.000000000000000000 ) ) ;
#476 = ORIENTED_EDGE ( 'NONE', *, *, #155, .T. ) ;
#477 = AXIS2_PLACEMENT_3D ( 'NONE', #1741, #2227, #1354 ) ;
#478 = ORIENTED_EDGE ( 'NONE', *, *, #2338, .T. ) ;
#479 = DIRECTION ( 'NONE',  ( 0.000000000000000000, -0.000000000000000000, 1.000000000000000000 ) ) ;
#480 = CARTESIAN_POINT ( 'NONE',  ( 0.9448818897637796255, 3.897637795275590733, 0.5511811023622047445 ) ) ;
#481 = ADVANCED_FACE ( 'NONE', ( #461 ), #2395, .F. ) ;
#482 = VECTOR ( 'NONE', #1998, 39.37007874015748143 ) ;
#483 = EDGE_LOOP ( 'NONE', ( #2564, #2629, #83, #290 ) ) ;
#484 = ORIENTED_EDGE ( 'NONE', *, *, #2455, .T. ) ;
#485 = LINE ( 'NONE', #2400, #1436 ) ;
#486 = VERTEX_POINT ( 'NONE', #430 ) ;
#487 = EDGE_CURVE ( 'NONE', #1261, #1771, #1153, .T. ) ;
#488 = PERSON_AND_ORGANIZATION_ROLE ( 'creator' ) ;
#489 = DIRECTION ( 'NONE',  ( -1.000000000000000000, 0.000000000000000000, 0.000000000000000000 ) ) ;
#490 = LINE ( 'NONE', #1404, #2243 ) ;
#491 = DIRECTION ( 'NONE',  ( -0.000000000000000000, -1.000000000000000000, -0.000000000000000000 ) ) ;
#492 = ORIENTED_EDGE ( 'NONE', *, *, #2264, .F. ) ;
#493 = EDGE_CURVE ( 'NONE', #3070, #3141, #2883, .T. ) ;
#494 = ORIENTED_EDGE ( 'NONE', *, *, #2548, .T. ) ;
#495 = DIRECTION ( 'NONE',  ( -1.000000000000000000, -0.000000000000000000, -0.000000000000000000 ) ) ;
#496 = DIRECTION ( 'NONE',  ( -0.000000000000000000, -1.000000000000000000, -0.000000000000000000 ) ) ;
#497 = CARTESIAN_POINT ( 'NONE',  ( 0.000000000000000000, 0.000000000000000000, 0.8661417322834645827 ) ) ;
#498 = EDGE_CURVE ( 'NONE', #3097, #382, #1460, .T. ) ;
#499 = ORIENTED_EDGE ( 'NONE', *, *, #720, .T. ) ;
#500 = ORIENTED_EDGE ( 'NONE', *, *, #1264, .T. ) ;
#501 = DIRECTION ( 'NONE',  ( 0.000000000000000000, 1.000000000000000000, 0.000000000000000000 ) ) ;
#502 = CARTESIAN_POINT ( 'NONE',  ( -1.299212598425196985, 2.362204724409448620, 0.5511811023622047445 ) ) ;
#503 = CARTESIAN_POINT ( 'NONE',  ( -1.181102362204724310, 0.4724409448818898127, 0.5511811023622047445 ) ) ;
#504 = DIRECTION ( 'NONE',  ( -1.000000000000000000, 0.000000000000000000, 0.000000000000000000 ) ) ;
#505 = ORIENTED_EDGE ( 'NONE', *, *, #1896, .F. ) ;
#506 = ORIENTED_EDGE ( 'NONE', *, *, #417, .T. ) ;
#507 = LINE ( 'NONE', #2649, #221 ) ;
#508 = LINE ( 'NONE', #2205, #2751 ) ;
#509 = LINE ( 'NONE', #2444, #2037 ) ;
#510 = ORIENTED_EDGE ( 'NONE', *, *, #1612, .T. ) ;
#511 = EDGE_LOOP ( 'NONE', ( #1541, #37, #1397, #2654 ) ) ;
#512 = DIRECTION ( 'NONE',  ( -0.000000000000000000, -0.000000000000000000, 1.000000000000000000 ) ) ;
#513 = CARTESIAN_POINT ( 'NONE',  ( 1.181102362204724310, 0.4724409448818898127, 0.000000000000000000 ) ) ;
#514 = EDGE_CURVE ( 'NONE', #2183, #1574, #2172, .T. ) ;
#515 = VECTOR ( 'NONE', #935, 39.37007874015748143 ) ;
#516 = LINE ( 'NONE', #1993, #68 ) ;
#517 = PLANE ( 'NONE',  #974 ) ;
#518 = CARTESIAN_POINT ( 'NONE',  ( -1.181102362204724310, 5.196850393700787940, 0.5511811023622047445 ) ) ;
#519 = AXIS2_PLACEMENT_3D ( 'NONE', #1538, #379, #2520 ) ;
#520 = ORIENTED_EDGE ( 'NONE', *, *, #1533, .T. ) ;
#521 = ORIENTED_EDGE ( 'NONE', *, *, #126, .F. ) ;
#522 = LINE ( 'NONE', #2139, #672 ) ;
#523 = ADVANCED_FACE ( 'NONE', ( #2428 ), #254, .F. ) ;
#524 = VECTOR ( 'NONE', #798, 39.37007874015748143 ) ;
#525 = DIRECTION ( 'NONE',  ( 0.000000000000000000, -0.000000000000000000, 1.000000000000000000 ) ) ;
#526 = CARTESIAN_POINT ( 'NONE',  ( 1.181102362204724310, 4.094488188976377785, 0.5511811023622047445 ) ) ;
#527 = VECTOR ( 'NONE', #752, 39.37007874015748143 ) ;
#528 = EDGE_LOOP ( 'NONE', ( #1084, #1360, #36, #2 ) ) ;
#529 = VECTOR ( 'NONE', #414, 39.37007874015748143 ) ;
#530 = CARTESIAN_POINT ( 'NONE',  ( -1.299212598425196985, 1.062992125984252079, 0.5511811023622047445 ) ) ;
#531 = ADVANCED_FACE ( 'NONE', ( #660 ), #1636, .F. ) ;
#532 = CARTESIAN_POINT ( 'NONE',  ( 0.9448818897637796255, 1.929133858267716661, 0.5511811023622047445 ) ) ;
#533 = CARTESIAN_POINT ( 'NONE',  ( -1.181102362204724310, 0.000000000000000000, 0.000000000000000000 ) ) ;
#534 = DIRECTION ( 'NONE',  ( 0.000000000000000000, 1.000000000000000000, 0.000000000000000000 ) ) ;
#535 = ORIENTED_EDGE ( 'NONE', *, *, #1840, .F. ) ;
#536 = ORIENTED_EDGE ( 'NONE', *, *, #1704, .F. ) ;
#537 = DIRECTION ( 'NONE',  ( -0.000000000000000000, -0.000000000000000000, 1.000000000000000000 ) ) ;
#538 = CARTESIAN_POINT ( 'NONE',  ( -1.181102362204724310, 0.000000000000000000, 0.5511811023622047445 ) ) ;
#539 = CARTESIAN_POINT ( 'NONE',  ( -1.299212598425196985, 4.527559055118110187, 0.000000000000000000 ) ) ;
#540 = ORIENTED_EDGE ( 'NONE', *, *, #785, .T. ) ;
#541 = VECTOR ( 'NONE', #377, 39.37007874015748143 ) ;
#542 = LINE ( 'NONE', #1514, #1273 ) ;
#543 = CARTESIAN_POINT ( 'NONE',  ( -1.181102362204724310, 1.299212598425196985, 0.5511811023622047445 ) ) ;
#544 = DIRECTION ( 'NONE',  ( 1.000000000000000000, -0.000000000000000000, -0.000000000000000000 ) ) ;
#545 = CARTESIAN_POINT ( 'NONE',  ( -1.181102362204724310, 3.897637795275590733, 0.000000000000000000 ) ) ;
#546 = PLANE ( 'NONE',  #923 ) ;
#547 = ORIENTED_EDGE ( 'NONE', *, *, #2480, .T. ) ;
#548 = ORIENTED_EDGE ( 'NONE', *, *, #1871, .F. ) ;
#549 = CARTESIAN_POINT ( 'NONE',  ( 0.9448818897637796255, 2.362204724409448620, 0.000000000000000000 ) ) ;
#550 = DIRECTION ( 'NONE',  ( 0.000000000000000000, -1.000000000000000000, -0.000000000000000000 ) ) ;
#551 = PLANE ( 'NONE',  #2699 ) ;
#552 = EDGE_CURVE ( 'NONE', #657, #1638, #1764, .T. ) ;
#553 = ORIENTED_EDGE ( 'NONE', *, *, #2625, .F. ) ;
#554 = LINE ( 'NONE', #94, #2383 ) ;
#555 = EDGE_CURVE ( 'NONE', #1651, #2855, #2718, .T. ) ;
#556 = ORIENTED_EDGE ( 'NONE', *, *, #2801, .F. ) ;
#557 = DIRECTION ( 'NONE',  ( -0.000000000000000000, -1.000000000000000000, -0.000000000000000000 ) ) ;
#558 = CARTESIAN_POINT ( 'NONE',  ( -1.181102362204724310, 4.527559055118110187, 0.000000000000000000 ) ) ;
#559 = ORIENTED_EDGE ( 'NONE', *, *, #3010, .T. ) ;
#560 = VERTEX_POINT ( 'NONE', #313 ) ;
#561 = LINE ( 'NONE', #593, #1078 ) ;
#562 = ADVANCED_FACE ( 'NONE', ( #2252 ), #2489, .F. ) ;
#563 = VECTOR ( 'NONE', #1333, 39.37007874015748143 ) ;
#564 = CARTESIAN_POINT ( 'NONE',  ( -1.181102362204724310, 0.000000000000000000, 0.000000000000000000 ) ) ;
#565 = PLANE ( 'NONE',  #2237 ) ;
#566 = VECTOR ( 'NONE', #425, 39.37007874015748143 ) ;
#567 = EDGE_LOOP ( 'NONE', ( #547, #556, #200, #1139 ) ) ;
#568 = ADVANCED_FACE ( 'NONE', ( #2980 ), #289, .F. ) ;
#569 = DIRECTION ( 'NONE',  ( 0.000000000000000000, -0.000000000000000000, 1.000000000000000000 ) ) ;
#570 = VECTOR ( 'NONE', #147, 39.37007874015748143 ) ;
#571 = VECTOR ( 'NONE', #2056, 39.37007874015748143 ) ;
#572 = APPROVAL_DATE_TIME ( #2068, #27 ) ;
#573 = ORIENTED_EDGE ( 'NONE', *, *, #98, .F. ) ;
#574 = FACE_OUTER_BOUND ( 'NONE', #1296, .T. ) ;
#575 = FACE_OUTER_BOUND ( 'NONE', #1995, .T. ) ;
#576 = VECTOR ( 'NONE', #1447, 39.37007874015748143 ) ;
#577 = EDGE_CURVE ( 'NONE', #2390, #1151, #982, .T. ) ;
#578 = CARTESIAN_POINT ( 'NONE',  ( 1.181102362204724310, 3.464566929133858331, 0.000000000000000000 ) ) ;
#579 = ORIENTED_EDGE ( 'NONE', *, *, #2689, .T. ) ;
#580 = VERTEX_POINT ( 'NONE', #1237 ) ;
#581 = CARTESIAN_POINT ( 'NONE',  ( -1.496062992125984259, 0.4724409448818898127, 0.8661417322834645827 ) ) ;
#582 = FACE_OUTER_BOUND ( 'NONE', #355, .T. ) ;
#583 = DIRECTION ( 'NONE',  ( 0.000000000000000000, 0.000000000000000000, -1.000000000000000000 ) ) ;
#584 = ORIENTED_EDGE ( 'NONE', *, *, #2318, .F. ) ;
#585 = EDGE_CURVE ( 'NONE', #330, #1860, #35, .T. ) ;
#586 = DIRECTION ( 'NONE',  ( 0.000000000000000000, 1.000000000000000000, 0.000000000000000000 ) ) ;
#587 = ORIENTED_EDGE ( 'NONE', *, *, #1655, .F. ) ;
#588 = DIRECTION ( 'NONE',  ( 1.000000000000000000, -0.000000000000000000, -0.000000000000000000 ) ) ;
#589 = CARTESIAN_POINT ( 'NONE',  ( -1.299212598425196985, 4.094488188976377785, 0.5511811023622047445 ) ) ;
#590 = LINE ( 'NONE', #863, #1640 ) ;
#591 = EDGE_LOOP ( 'NONE', ( #741, #1352, #1152, #1240 ) ) ;
#592 = EDGE_LOOP ( 'NONE', ( #2880, #2191, #1964, #1062 ) ) ;
#593 = CARTESIAN_POINT ( 'NONE',  ( 1.181102362204724310, 0.000000000000000000, 0.000000000000000000 ) ) ;
#594 = CARTESIAN_POINT ( 'NONE',  ( -1.299212598425196985, 4.527559055118110187, 0.000000000000000000 ) ) ;
#595 = DIRECTION ( 'NONE',  ( 0.000000000000000000, 0.000000000000000000, -1.000000000000000000 ) ) ;
#596 = DIRECTION ( 'NONE',  ( 0.000000000000000000, 1.000000000000000000, 0.000000000000000000 ) ) ;
#597 = VERTEX_POINT ( 'NONE', #1013 ) ;
#598 = DIRECTION ( 'NONE',  ( 0.000000000000000000, 1.000000000000000000, 0.000000000000000000 ) ) ;
#599 = EDGE_CURVE ( 'NONE', #284, #1845, #804, .T. ) ;
#600 = DATE_AND_TIME ( #2494, #234 ) ;
#601 = EDGE_CURVE ( 'NONE', #2418, #2540, #2465, .T. ) ;
#602 = EDGE_LOOP ( 'NONE', ( #833, #898, #3008, #773 ) ) ;
#603 = DIRECTION ( 'NONE',  ( -0.000000000000000000, -0.000000000000000000, 1.000000000000000000 ) ) ;
#604 = DIRECTION ( 'NONE',  ( -1.000000000000000000, 0.000000000000000000, 0.000000000000000000 ) ) ;
#605 = EDGE_LOOP ( 'NONE', ( #3006, #407, #1800, #80 ) ) ;
#606 = EDGE_LOOP ( 'NONE', ( #2284, #1319, #2116, #1863 ) ) ;
#607 = CARTESIAN_POINT ( 'NONE',  ( 0.9448818897637796255, 1.496062992125984259, 0.5511811023622047445 ) ) ;
#608 = LINE ( 'NONE', #1822, #3106 ) ;
#609 = CARTESIAN_POINT ( 'NONE',  ( 1.181102362204724310, 1.299212598425196985, 0.000000000000000000 ) ) ;
#610 = CARTESIAN_POINT ( 'NONE',  ( -0.9448818897637796255, 1.929133858267716661, 0.000000000000000000 ) ) ;
#611 = EDGE_CURVE ( 'NONE', #2788, #267, #1969, .T. ) ;
#612 = VERTEX_POINT ( 'NONE', #1284 ) ;
#613 = AXIS2_PLACEMENT_3D ( 'NONE', #1105, #1570, #643 ) ;
#614 = CARTESIAN_POINT ( 'NONE',  ( -0.9448818897637796255, 4.094488188976377785, 0.000000000000000000 ) ) ;
#615 = VECTOR ( 'NONE', #2182, 39.37007874015748143 ) ;
#616 = EDGE_LOOP ( 'NONE', ( #1874, #1308, #95, #536 ) ) ;
#617 = PERSON_AND_ORGANIZATION ( #169, #2060 ) ;
#618 = ORIENTED_EDGE ( 'NONE', *, *, #1748, .F. ) ;
#619 = VECTOR ( 'NONE', #2244, 39.37007874015748143 ) ;
#620 = DIRECTION ( 'NONE',  ( 1.000000000000000000, 0.000000000000000000, 0.000000000000000000 ) ) ;
#621 = EDGE_LOOP ( 'NONE', ( #553, #662, #914, #1336 ) ) ;
#622 = EDGE_CURVE ( 'NONE', #1720, #1561, #2475, .T. ) ;
#623 = VECTOR ( 'NONE', #2258, 39.37007874015748143 ) ;
#624 = CARTESIAN_POINT ( 'NONE',  ( 1.181102362204724310, 1.496062992125984259, 0.5511811023622047445 ) ) ;
#625 = VECTOR ( 'NONE', #2440, 39.37007874015748143 ) ;
#626 = ADVANCED_FACE ( 'NONE', ( #16 ), #565, .F. ) ;
#627 = LINE ( 'NONE', #3040, #2605 ) ;
#628 = DIRECTION ( 'NONE',  ( -1.000000000000000000, -0.000000000000000000, -0.000000000000000000 ) ) ;
#629 = EDGE_CURVE ( 'NONE', #725, #2184, #48, .T. ) ;
#630 = CARTESIAN_POINT ( 'NONE',  ( 1.299212598425196985, 4.527559055118110187, 0.000000000000000000 ) ) ;
#631 = DIRECTION ( 'NONE',  ( 1.000000000000000000, -0.000000000000000000, -0.000000000000000000 ) ) ;
#632 = VERTEX_POINT ( 'NONE', #302 ) ;
#633 = LINE ( 'NONE', #3042, #1940 ) ;
#634 = CARTESIAN_POINT ( 'NONE',  ( 1.181102362204724310, 1.732283464566929165, 0.5511811023622047445 ) ) ;
#635 = EDGE_LOOP ( 'NONE', ( #1979, #1902, #1365, #2331 ) ) ;
#636 = CARTESIAN_POINT ( 'NONE',  ( 1.181102362204724310, 3.661417322834645827, 0.5511811023622047445 ) ) ;
#637 = PRODUCT_DEFINITION_FORMATION_WITH_SPECIFIED_SOURCE ( 'ANY', '', #2868, .NOT_KNOWN. ) ;
#638 = FACE_OUTER_BOUND ( 'NONE', #2588, .T. ) ;
#639 = DIRECTION ( 'NONE',  ( 0.000000000000000000, 0.000000000000000000, -1.000000000000000000 ) ) ;
#640 = UNCERTAINTY_MEASURE_WITH_UNIT (LENGTH_MEASURE( 1.000000000000000082E-05 ), #1941, 'distance_accuracy_value', 'NONE');
#641 = CARTESIAN_POINT ( 'NONE',  ( -0.9448818897637796255, 1.299212598425196985, 0.5511811023622047445 ) ) ;
#642 = LINE ( 'NONE', #945, #719 ) ;
#643 = DIRECTION ( 'NONE',  ( 0.000000000000000000, 0.000000000000000000, 1.000000000000000000 ) ) ;
#644 = ORIENTED_EDGE ( 'NONE', *, *, #2623, .F. ) ;
#645 = VERTEX_POINT ( 'NONE', #1028 ) ;
#646 = FACE_OUTER_BOUND ( 'NONE', #2160, .T. ) ;
#647 = EDGE_CURVE ( 'NONE', #1009, #1701, #2000, .T. ) ;
#648 = DIRECTION ( 'NONE',  ( -1.000000000000000000, -0.000000000000000000, -0.000000000000000000 ) ) ;
#649 = EDGE_LOOP ( 'NONE', ( #170, #400, #1325, #2218 ) ) ;
#650 = DIRECTION ( 'NONE',  ( 0.000000000000000000, 0.000000000000000000, 1.000000000000000000 ) ) ;
#651 = ADVANCED_FACE ( 'NONE', ( #2730 ), #551, .F. ) ;
#652 = CARTESIAN_POINT ( 'NONE',  ( 1.181102362204724310, 5.905511811023622215, 0.5511811023622047445 ) ) ;
#653 = DIRECTION ( 'NONE',  ( 1.000000000000000000, -0.000000000000000000, 0.000000000000000000 ) ) ;
#654 = CARTESIAN_POINT ( 'NONE',  ( -1.299212598425196985, 2.795275590551181022, 0.000000000000000000 ) ) ;
#655 = CARTESIAN_POINT ( 'NONE',  ( -1.299212598425196985, 2.598425196850393970, 0.000000000000000000 ) ) ;
#656 = LINE ( 'NONE', #1393, #2339 ) ;
#657 = VERTEX_POINT ( 'NONE', #526 ) ;
#658 = ADVANCED_FACE ( 'NONE', ( #1539 ), #1497, .F. ) ;
#659 = ORIENTED_EDGE ( 'NONE', *, *, #381, .F. ) ;
#660 = FACE_OUTER_BOUND ( 'NONE', #2672, .T. ) ;
#661 = VECTOR ( 'NONE', #2047, 39.37007874015748143 ) ;
#662 = ORIENTED_EDGE ( 'NONE', *, *, #1193, .T. ) ;
#663 = EDGE_CURVE ( 'NONE', #1190, #1638, #509, .T. ) ;
#664 = VERTEX_POINT ( 'NONE', #2028 ) ;
#665 = CARTESIAN_POINT ( 'NONE',  ( -1.181102362204724310, 5.905511811023622215, 0.5511811023622047445 ) ) ;
#666 = ORIENTED_EDGE ( 'NONE', *, *, #1239, .F. ) ;
#667 = VECTOR ( 'NONE', #2975, 39.37007874015748143 ) ;
#668 = VECTOR ( 'NONE', #628, 39.37007874015748143 ) ;
#669 = CARTESIAN_POINT ( 'NONE',  ( -0.9448818897637796255, 5.393700787401574992, 0.000000000000000000 ) ) ;
#670 = AXIS2_PLACEMENT_3D ( 'NONE', #1830, #1110, #1801 ) ;
#671 =( NAMED_UNIT ( * ) SI_UNIT ( $, .STERADIAN. ) SOLID_ANGLE_UNIT ( ) );
#672 = VECTOR ( 'NONE', #3113, 39.37007874015748143 ) ;
#673 = CARTESIAN_POINT ( 'NONE',  ( -1.181102362204724310, 0.000000000000000000, 0.000000000000000000 ) ) ;
#674 = CARTESIAN_POINT ( 'NONE',  ( -1.181102362204724310, 4.094488188976377785, 0.5511811023622047445 ) ) ;
#675 = DIRECTION ( 'NONE',  ( 0.000000000000000000, -1.000000000000000000, -0.000000000000000000 ) ) ;
#676 = CARTESIAN_POINT ( 'NONE',  ( 0.9448818897637796255, 3.031496062992125928, 0.5511811023622047445 ) ) ;
#677 = ORIENTED_EDGE ( 'NONE', *, *, #1042, .F. ) ;
#678 = VERTEX_POINT ( 'NONE', #2991 ) ;
#679 = DIRECTION ( 'NONE',  ( 1.000000000000000000, 0.000000000000000000, 0.000000000000000000 ) ) ;
#680 = CARTESIAN_POINT ( 'NONE',  ( -0.9448818897637796255, 1.062992125984252079, 0.000000000000000000 ) ) ;
#681 = VERTEX_POINT ( 'NONE', #106 ) ;
#682 = EDGE_CURVE ( 'NONE', #330, #1651, #1810, .T. ) ;
#683 = VERTEX_POINT ( 'NONE', #1330 ) ;
#684 = CARTESIAN_POINT ( 'NONE',  ( 1.181102362204724310, 1.732283464566929165, 0.5511811023622047445 ) ) ;
#685 = CARTESIAN_POINT ( 'NONE',  ( 0.9448818897637796255, 4.330708661417323135, 0.5511811023622047445 ) ) ;
#686 = DIRECTION ( 'NONE',  ( 0.000000000000000000, 0.000000000000000000, -1.000000000000000000 ) ) ;
#687 = ADVANCED_FACE ( 'NONE', ( #3013 ), #91, .F. ) ;
#688 = DIRECTION ( 'NONE',  ( 0.000000000000000000, 0.000000000000000000, -1.000000000000000000 ) ) ;
#689 = FACE_OUTER_BOUND ( 'NONE', #2600, .T. ) ;
#690 = CARTESIAN_POINT ( 'NONE',  ( -1.181102362204724310, 3.031496062992125928, 0.5511811023622047445 ) ) ;
#691 = DIRECTION ( 'NONE',  ( -0.000000000000000000, -1.000000000000000000, -0.000000000000000000 ) ) ;
#692 = EDGE_LOOP ( 'NONE', ( #1805, #902, #1444, #387 ) ) ;
#693 = ORIENTED_EDGE ( 'NONE', *, *, #294, .T. ) ;
#694 = CARTESIAN_POINT ( 'NONE',  ( -0.9448818897637796255, 5.196850393700787940, -0.000000000000000000 ) ) ;
#695 = CARTESIAN_POINT ( 'NONE',  ( -0.9448818897637796255, 2.165354330708661568, -0.000000000000000000 ) ) ;
#696 = ORIENTED_EDGE ( 'NONE', *, *, #423, .F. ) ;
#697 = ORIENTED_EDGE ( 'NONE', *, *, #223, .F. ) ;
#698 = FACE_OUTER_BOUND ( 'NONE', #1652, .T. ) ;
#699 = DIRECTION ( 'NONE',  ( -1.000000000000000000, -0.000000000000000000, -0.000000000000000000 ) ) ;
#700 = EDGE_CURVE ( 'NONE', #1680, #2291, #2063, .T. ) ;
#701 = EDGE_CURVE ( 'NONE', #3092, #2620, #2775, .T. ) ;
#702 = CARTESIAN_POINT ( 'NONE',  ( -1.181102362204724310, 2.598425196850393970, 0.000000000000000000 ) ) ;
#703 = EDGE_CURVE ( 'NONE', #725, #463, #2091, .T. ) ;
#704 = DIRECTION ( 'NONE',  ( -1.000000000000000000, 0.000000000000000000, 0.000000000000000000 ) ) ;
#705 = CARTESIAN_POINT ( 'NONE',  ( 1.181102362204724310, 1.929133858267716661, 0.5511811023622047445 ) ) ;
#706 = DIRECTION ( 'NONE',  ( 0.000000000000000000, 1.000000000000000000, 0.000000000000000000 ) ) ;
#707 = ORIENTED_EDGE ( 'NONE', *, *, #2938, .F. ) ;
#708 = EDGE_LOOP ( 'NONE', ( #1341, #693, #506, #2714 ) ) ;
#709 = CARTESIAN_POINT ( 'NONE',  ( 1.181102362204724310, 0.000000000000000000, 0.5511811023622047445 ) ) ;
#710 = DIRECTION ( 'NONE',  ( -1.000000000000000000, 0.000000000000000000, -0.000000000000000000 ) ) ;
#711 = EDGE_CURVE ( 'NONE', #733, #1860, #3061, .T. ) ;
#712 = VERTEX_POINT ( 'NONE', #380 ) ;
#713 = ORIENTED_EDGE ( 'NONE', *, *, #17, .T. ) ;
#714 = DIRECTION ( 'NONE',  ( 0.000000000000000000, 1.000000000000000000, 0.000000000000000000 ) ) ;
#715 = LINE ( 'NONE', #1414, #2281 ) ;
#716 = VECTOR ( 'NONE', #2363, 39.37007874015748143 ) ;
#717 = LINE ( 'NONE', #2164, #1794 ) ;
#718 = ADVANCED_FACE ( 'NONE', ( #2762 ), #2818, .F. ) ;
#719 = VECTOR ( 'NONE', #1161, 39.37007874015748143 ) ;
#720 = EDGE_CURVE ( 'NONE', #2471, #841, #2535, .T. ) ;
#721 = FACE_OUTER_BOUND ( 'NONE', #2430, .T. ) ;
#722 = VECTOR ( 'NONE', #1946, 39.37007874015748143 ) ;
#723 = LINE ( 'NONE', #248, #1331 ) ;
#724 = CARTESIAN_POINT ( 'NONE',  ( 0.9448818897637796255, 2.598425196850393970, 0.000000000000000000 ) ) ;
#725 = VERTEX_POINT ( 'NONE', #610 ) ;
#726 = VECTOR ( 'NONE', #971, 39.37007874015748143 ) ;
#727 = ORIENTED_EDGE ( 'NONE', *, *, #2220, .F. ) ;
#728 = CARTESIAN_POINT ( 'NONE',  ( 1.181102362204724310, 5.393700787401574992, 0.5511811023622047445 ) ) ;
#729 = LINE ( 'NONE', #1475, #314 ) ;
#730 = FACE_OUTER_BOUND ( 'NONE', #857, .T. ) ;
#731 = VECTOR ( 'NONE', #1903, 39.37007874015748143 ) ;
#732 = ORIENTED_EDGE ( 'NONE', *, *, #1095, .F. ) ;
#733 = VERTEX_POINT ( 'NONE', #1345 ) ;
#734 = CARTESIAN_POINT ( 'NONE',  ( -1.299212598425196985, 1.496062992125984259, 0.000000000000000000 ) ) ;
#735 = DIRECTION ( 'NONE',  ( -0.000000000000000000, 1.000000000000000000, 0.000000000000000000 ) ) ;
#736 = EDGE_CURVE ( 'NONE', #2783, #2307, #149, .T. ) ;
#737 = CARTESIAN_POINT ( 'NONE',  ( 1.181102362204724310, 0.000000000000000000, 0.000000000000000000 ) ) ;
#738 = VECTOR ( 'NONE', #969, 39.37007874015748143 ) ;
#739 = FACE_OUTER_BOUND ( 'NONE', #251, .T. ) ;
#740 = ORIENTED_EDGE ( 'NONE', *, *, #397, .F. ) ;
#741 = ORIENTED_EDGE ( 'NONE', *, *, #977, .T. ) ;
#742 = CARTESIAN_POINT ( 'NONE',  ( 1.299212598425196985, 3.661417322834645827, 0.5511811023622047445 ) ) ;
#743 = CARTESIAN_POINT ( 'NONE',  ( -1.181102362204724310, 4.094488188976377785, 0.000000000000000000 ) ) ;
#744 = CARTESIAN_POINT ( 'NONE',  ( -0.9448818897637796255, 1.929133858267716661, 0.000000000000000000 ) ) ;
#745 = ORIENTED_EDGE ( 'NONE', *, *, #155, .F. ) ;
#746 = EDGE_CURVE ( 'NONE', #3096, #1151, #124, .T. ) ;
#747 = ORIENTED_EDGE ( 'NONE', *, *, #1803, .F. ) ;
#748 = LINE ( 'NONE', #808, #2889 ) ;
#749 = COORDINATED_UNIVERSAL_TIME_OFFSET ( 8, 0, .BEHIND. ) ;
#750 = CARTESIAN_POINT ( 'NONE',  ( -1.181102362204724310, 0.000000000000000000, 0.000000000000000000 ) ) ;
#751 = EDGE_CURVE ( 'NONE', #2414, #1317, #1793, .T. ) ;
#752 = DIRECTION ( 'NONE',  ( -0.000000000000000000, -1.000000000000000000, -0.000000000000000000 ) ) ;
#753 = DIRECTION ( 'NONE',  ( -1.000000000000000000, 0.000000000000000000, 0.000000000000000000 ) ) ;
#754 = LINE ( 'NONE', #1277, #615 ) ;
#755 = ORIENTED_EDGE ( 'NONE', *, *, #2301, .T. ) ;
#756 = VERTEX_POINT ( 'NONE', #853 ) ;
#757 = DIRECTION ( 'NONE',  ( 0.000000000000000000, -1.000000000000000000, 0.000000000000000000 ) ) ;
#758 = CARTESIAN_POINT ( 'NONE',  ( -0.9448818897637796255, 5.629921259842519454, -0.000000000000000000 ) ) ;
#759 = CARTESIAN_POINT ( 'NONE',  ( -1.496062992125984259, 0.000000000000000000, 0.8661417322834645827 ) ) ;
#760 = ADVANCED_FACE ( 'NONE', ( #2787 ), #1587, .F. ) ;
#761 = ORIENTED_EDGE ( 'NONE', *, *, #848, .T. ) ;
#762 = ORIENTED_EDGE ( 'NONE', *, *, #1757, .F. ) ;
#763 = CARTESIAN_POINT ( 'NONE',  ( 0.9448818897637796255, 3.464566929133858331, 0.000000000000000000 ) ) ;
#764 = EDGE_CURVE ( 'NONE', #1407, #645, #3044, .T. ) ;
#765 = DIRECTION ( 'NONE',  ( 0.000000000000000000, -0.000000000000000000, 1.000000000000000000 ) ) ;
#766 = CARTESIAN_POINT ( 'NONE',  ( -1.181102362204724310, 4.763779527559055538, 0.5511811023622047445 ) ) ;
#767 = VECTOR ( 'NONE', #1572, 39.37007874015748143 ) ;
#768 = EDGE_CURVE ( 'NONE', #3039, #3015, #2521, .T. ) ;
#769 = AXIS2_PLACEMENT_3D ( 'NONE', #1000, #1729, #1953 ) ;
#770 = PLANE ( 'NONE',  #477 ) ;
#771 = DIRECTION ( 'NONE',  ( 1.000000000000000000, -0.000000000000000000, -0.000000000000000000 ) ) ;
#772 = AXIS2_PLACEMENT_3D ( 'NONE', #1763, #550, #1216 ) ;
#773 = ORIENTED_EDGE ( 'NONE', *, *, #1926, .T. ) ;
#774 = ORIENTED_EDGE ( 'NONE', *, *, #2238, .F. ) ;
#775 = CARTESIAN_POINT ( 'NONE',  ( -0.9448818897637796255, 4.094488188976377785, 0.5511811023622047445 ) ) ;
#776 = VECTOR ( 'NONE', #472, 39.37007874015748143 ) ;
#777 = DIRECTION ( 'NONE',  ( -1.000000000000000000, 0.000000000000000000, 0.000000000000000000 ) ) ;
#778 = CARTESIAN_POINT ( 'NONE',  ( 1.299212598425196985, 5.393700787401574992, 0.000000000000000000 ) ) ;
#779 = VECTOR ( 'NONE', #2782, 39.37007874015748143 ) ;
#780 = VERTEX_POINT ( 'NONE', #2569 ) ;
#781 = VECTOR ( 'NONE', #714, 39.37007874015748143 ) ;
#782 = DIRECTION ( 'NONE',  ( -1.000000000000000000, 0.000000000000000000, 0.000000000000000000 ) ) ;
#783 =( NAMED_UNIT ( * ) PLANE_ANGLE_UNIT ( ) SI_UNIT ( $, .RADIAN. ) );
#784 = CARTESIAN_POINT ( 'NONE',  ( -1.181102362204724310, 1.496062992125984259, 0.5511811023622047445 ) ) ;
#785 = EDGE_CURVE ( 'NONE', #382, #356, #345, .T. ) ;
#786 = CARTESIAN_POINT ( 'NONE',  ( -1.181102362204724310, 5.196850393700787940, 0.000000000000000000 ) ) ;
#787 = EDGE_LOOP ( 'NONE', ( #2055, #1634, #101, #458 ) ) ;
#788 = EDGE_LOOP ( 'NONE', ( #303, #1199, #1816, #1346 ) ) ;
#789 = CARTESIAN_POINT ( 'NONE',  ( 1.299212598425196985, 2.362204724409448620, 0.5511811023622047445 ) ) ;
#790 = PLANE ( 'NONE',  #772 ) ;
#791 = DIRECTION ( 'NONE',  ( 1.000000000000000000, 0.000000000000000000, 0.000000000000000000 ) ) ;
#792 = EDGE_CURVE ( 'NONE', #2837, #375, #1117, .T. ) ;
#793 = ORIENTED_EDGE ( 'NONE', *, *, #1704, .T. ) ;
#794 = PLANE ( 'NONE',  #3047 ) ;
#795 = VERTEX_POINT ( 'NONE', #2628 ) ;
#796 = LINE ( 'NONE', #750, #2904 ) ;
#797 = EDGE_CURVE ( 'NONE', #2071, #2049, #2879, .T. ) ;
#798 = DIRECTION ( 'NONE',  ( 1.000000000000000000, 0.000000000000000000, 0.000000000000000000 ) ) ;
#799 = ORIENTED_EDGE ( 'NONE', *, *, #46, .T. ) ;
#800 = ADVANCED_FACE ( 'NONE', ( #912 ), #3126, .F. ) ;
#801 = ORIENTED_EDGE ( 'NONE', *, *, #2712, .F. ) ;
#802 = DIRECTION ( 'NONE',  ( -1.000000000000000000, 0.000000000000000000, 0.000000000000000000 ) ) ;
#803 = FACE_OUTER_BOUND ( 'NONE', #511, .T. ) ;
#804 = LINE ( 'NONE', #1983, #412 ) ;
#805 = ORIENTED_EDGE ( 'NONE', *, *, #2457, .T. ) ;
#806 = DIRECTION ( 'NONE',  ( 0.000000000000000000, 0.000000000000000000, 1.000000000000000000 ) ) ;
#807 = EDGE_CURVE ( 'NONE', #2561, #1970, #1420, .T. ) ;
#808 = CARTESIAN_POINT ( 'NONE',  ( 1.299212598425196985, 1.496062992125984259, 0.5511811023622047445 ) ) ;
#809 = ORIENTED_EDGE ( 'NONE', *, *, #397, .T. ) ;
#810 = DIRECTION ( 'NONE',  ( 1.000000000000000000, 0.000000000000000000, 0.000000000000000000 ) ) ;
#811 = CARTESIAN_POINT ( 'NONE',  ( -1.299212598425196985, 1.929133858267716661, 0.000000000000000000 ) ) ;
#812 = LINE ( 'NONE', #2482, #619 ) ;
#813 = VECTOR ( 'NONE', #1653, 39.37007874015748143 ) ;
#814 = ORIENTED_EDGE ( 'NONE', *, *, #2737, .F. ) ;
#815 = ORIENTED_EDGE ( 'NONE', *, *, #1753, .F. ) ;
#816 = EDGE_CURVE ( 'NONE', #1163, #1573, #444, .T. ) ;
#817 = CARTESIAN_POINT ( 'NONE',  ( 0.9448818897637796255, 4.763779527559055538, 0.5511811023622047445 ) ) ;
#818 = AXIS2_PLACEMENT_3D ( 'NONE', #1419, #911, #2090 ) ;
#819 = PLANE ( 'NONE',  #111 ) ;
#820 = CARTESIAN_POINT ( 'NONE',  ( -0.9448818897637796255, 1.929133858267716661, 0.000000000000000000 ) ) ;
#821 = VECTOR ( 'NONE', #2614, 39.37007874015748143 ) ;
#822 = EDGE_LOOP ( 'NONE', ( #494, #1295, #1565, #1309 ) ) ;
#823 = LINE ( 'NONE', #1363, #1427 ) ;
#824 = VECTOR ( 'NONE', #2643, 39.37007874015748143 ) ;
#825 = VECTOR ( 'NONE', #1244, 39.37007874015748143 ) ;
#826 = CALENDAR_DATE ( 2026, 2, 7 ) ;
#827 = ORIENTED_EDGE ( 'NONE', *, *, #3010, .F. ) ;
#828 = CARTESIAN_POINT ( 'NONE',  ( 1.299212598425196985, 1.299212598425196985, 0.000000000000000000 ) ) ;
#829 = LINE ( 'NONE', #1962, #1841 ) ;
#830 = VECTOR ( 'NONE', #954, 39.37007874015748143 ) ;
#831 = CARTESIAN_POINT ( 'NONE',  ( 1.299212598425196985, 5.196850393700787940, 0.5511811023622047445 ) ) ;
#832 = ORIENTED_EDGE ( 'NONE', *, *, #470, .T. ) ;
#833 = ORIENTED_EDGE ( 'NONE', *, *, #1353, .T. ) ;
#834 = CARTESIAN_POINT ( 'NONE',  ( -1.181102362204724310, 0.000000000000000000, 0.5511811023622047445 ) ) ;
#835 = LINE ( 'NONE', #122, #213 ) ;
#836 = CARTESIAN_POINT ( 'NONE',  ( 1.181102362204724310, 0.000000000000000000, 0.5511811023622047445 ) ) ;
#837 = CARTESIAN_POINT ( 'NONE',  ( 1.496062992125984259, 0.000000000000000000, 0.8661417322834645827 ) ) ;
#838 = EDGE_CURVE ( 'NONE', #1204, #2750, #2388, .T. ) ;
#839 = EDGE_LOOP ( 'NONE', ( #1869, #832, #1610, #2541 ) ) ;
#840 = CARTESIAN_POINT ( 'NONE',  ( -0.9448818897637796255, 4.527559055118110187, 0.5511811023622047445 ) ) ;
#841 = VERTEX_POINT ( 'NONE', #3090 ) ;
#842 = EDGE_CURVE ( 'NONE', #2735, #664, #215, .T. ) ;
#843 = SHAPE_DEFINITION_REPRESENTATION ( #180, #928 ) ;
#844 = ORIENTED_EDGE ( 'NONE', *, *, #1655, .T. ) ;
#845 = FACE_OUTER_BOUND ( 'NONE', #528, .T. ) ;
#846 = ORIENTED_EDGE ( 'NONE', *, *, #1138, .F. ) ;
#847 = DIRECTION ( 'NONE',  ( -1.000000000000000000, -0.000000000000000000, -0.000000000000000000 ) ) ;
#848 = EDGE_CURVE ( 'NONE', #1970, #1398, #2154, .T. ) ;
#849 = ORIENTED_EDGE ( 'NONE', *, *, #1417, .T. ) ;
#850 = ORIENTED_EDGE ( 'NONE', *, *, #2741, .T. ) ;
#851 = DIRECTION ( 'NONE',  ( -0.000000000000000000, -0.000000000000000000, -1.000000000000000000 ) ) ;
#852 = CARTESIAN_POINT ( 'NONE',  ( -1.181102362204724310, 2.795275590551181022, 0.5511811023622047445 ) ) ;
#853 = CARTESIAN_POINT ( 'NONE',  ( 0.9448818897637796255, 3.897637795275590733, 0.000000000000000000 ) ) ;
#854 = ORIENTED_EDGE ( 'NONE', *, *, #2684, .F. ) ;
#855 = ADVANCED_FACE ( 'NONE', ( #960 ), #1373, .F. ) ;
#856 = CARTESIAN_POINT ( 'NONE',  ( -1.181102362204724310, 2.362204724409448620, 0.000000000000000000 ) ) ;
#857 = EDGE_LOOP ( 'NONE', ( #428, #953, #1262, #1744 ) ) ;
#858 = EDGE_CURVE ( 'NONE', #1680, #2155, #2864, .T. ) ;
#859 = DATE_AND_TIME ( #1049, #2517 ) ;
#860 = ORIENTED_EDGE ( 'NONE', *, *, #102, .T. ) ;
#861 = DIRECTION ( 'NONE',  ( -0.000000000000000000, -0.000000000000000000, -1.000000000000000000 ) ) ;
#862 = ORIENTED_EDGE ( 'NONE', *, *, #585, .T. ) ;
#863 = CARTESIAN_POINT ( 'NONE',  ( -0.9448818897637796255, 1.732283464566929165, 0.000000000000000000 ) ) ;
#864 = ORIENTED_EDGE ( 'NONE', *, *, #2712, .T. ) ;
#865 = CARTESIAN_POINT ( 'NONE',  ( -1.299212598425196985, 4.330708661417323135, 0.5511811023622047445 ) ) ;
#866 = DIRECTION ( 'NONE',  ( -0.000000000000000000, -0.000000000000000000, 1.000000000000000000 ) ) ;
#867 = CARTESIAN_POINT ( 'NONE',  ( 1.181102362204724310, 0.000000000000000000, 0.000000000000000000 ) ) ;
#868 = VECTOR ( 'NONE', #38, 39.37007874015748143 ) ;
#869 = ORIENTED_EDGE ( 'NONE', *, *, #2905, .T. ) ;
#870 = VECTOR ( 'NONE', #1072, 39.37007874015748143 ) ;
#871 = CARTESIAN_POINT ( 'NONE',  ( -0.9448818897637796255, 1.299212598425196985, -0.000000000000000000 ) ) ;
#872 = VECTOR ( 'NONE', #105, 39.37007874015748143 ) ;
#873 = ORIENTED_EDGE ( 'NONE', *, *, #358, .T. ) ;
#874 = AXIS2_PLACEMENT_3D ( 'NONE', #9, #1712, #1548 ) ;
#875 = DIRECTION ( 'NONE',  ( 0.000000000000000000, 0.000000000000000000, -1.000000000000000000 ) ) ;
#876 = VECTOR ( 'NONE', #144, 39.37007874015748143 ) ;
#877 = DIRECTION ( 'NONE',  ( 0.000000000000000000, 0.000000000000000000, -1.000000000000000000 ) ) ;
#878 = AXIS2_PLACEMENT_3D ( 'NONE', #310, #1310, #2276 ) ;
#879 = CARTESIAN_POINT ( 'NONE',  ( 0.9448818897637796255, 4.763779527559055538, 0.000000000000000000 ) ) ;
#880 = EDGE_CURVE ( 'NONE', #2788, #1665, #1914, .T. ) ;
#881 = FACE_OUTER_BOUND ( 'NONE', #1639, .T. ) ;
#882 = DIRECTION ( 'NONE',  ( 0.000000000000000000, 0.000000000000000000, -1.000000000000000000 ) ) ;
#883 = CARTESIAN_POINT ( 'NONE',  ( -1.181102362204724310, 0.000000000000000000, 0.000000000000000000 ) ) ;
#884 = VERTEX_POINT ( 'NONE', #1439 ) ;
#885 = VERTEX_POINT ( 'NONE', #2373 ) ;
#886 = DIRECTION ( 'NONE',  ( 0.000000000000000000, 0.000000000000000000, 1.000000000000000000 ) ) ;
#887 = ADVANCED_FACE ( 'NONE', ( #2341 ), #1882, .F. ) ;
#888 = ORIENTED_EDGE ( 'NONE', *, *, #2689, .F. ) ;
#889 = ORIENTED_EDGE ( 'NONE', *, *, #3144, .T. ) ;
#890 = CARTESIAN_POINT ( 'NONE',  ( -1.181102362204724310, 0.000000000000000000, 0.5511811023622047445 ) ) ;
#891 = ORIENTED_EDGE ( 'NONE', *, *, #1048, .F. ) ;
#892 = DIRECTION ( 'NONE',  ( -1.000000000000000000, 0.000000000000000000, 0.000000000000000000 ) ) ;
#893 = EDGE_CURVE ( 'NONE', #3070, #1950, #198, .T. ) ;
#894 = CARTESIAN_POINT ( 'NONE',  ( -1.181102362204724310, 5.196850393700787940, 0.5511811023622047445 ) ) ;
#895 = DIRECTION ( 'NONE',  ( -0.000000000000000000, -0.000000000000000000, 1.000000000000000000 ) ) ;
#896 = CARTESIAN_POINT ( 'NONE',  ( 0.9448818897637796255, 1.299212598425196985, 0.5511811023622047445 ) ) ;
#897 = PLANE ( 'NONE',  #2950 ) ;
#898 = ORIENTED_EDGE ( 'NONE', *, *, #2006, .F. ) ;
#899 = ORIENTED_EDGE ( 'NONE', *, *, #2957, .F. ) ;
#900 = DIRECTION ( 'NONE',  ( 0.000000000000000000, 1.000000000000000000, 0.000000000000000000 ) ) ;
#901 = CARTESIAN_POINT ( 'NONE',  ( 0.9448818897637796255, 1.732283464566929165, 0.5511811023622047445 ) ) ;
#902 = ORIENTED_EDGE ( 'NONE', *, *, #53, .F. ) ;
#903 = ADVANCED_FACE ( 'NONE', ( #3140 ), #167, .F. ) ;
#904 = ORIENTED_EDGE ( 'NONE', *, *, #768, .T. ) ;
#905 = PLANE ( 'NONE',  #118 ) ;
#906 = VERTEX_POINT ( 'NONE', #690 ) ;
#907 = CARTESIAN_POINT ( 'NONE',  ( 1.181102362204724310, 0.000000000000000000, 0.5511811023622047445 ) ) ;
#908 = DIRECTION ( 'NONE',  ( 0.000000000000000000, 0.000000000000000000, -1.000000000000000000 ) ) ;
#909 = DIMENSIONAL_EXPONENTS ( 1.000000000000000000, 0.000000000000000000, 0.000000000000000000, 0.000000000000000000, 0.000000000000000000, 0.000000000000000000, 0.000000000000000000 ) ;
#910 = CARTESIAN_POINT ( 'NONE',  ( -1.299212598425196985, 5.196850393700787940, 0.000000000000000000 ) ) ;
#911 = DIRECTION ( 'NONE',  ( 0.000000000000000000, 0.000000000000000000, -1.000000000000000000 ) ) ;
#912 = FACE_OUTER_BOUND ( 'NONE', #2647, .T. ) ;
#913 = ADVANCED_FACE ( 'NONE', ( #3077 ), #897, .F. ) ;
#914 = ORIENTED_EDGE ( 'NONE', *, *, #1087, .T. ) ;
#915 = EDGE_LOOP ( 'NONE', ( #1003, #3020, #3067, #2234 ) ) ;
#916 = DIRECTION ( 'NONE',  ( 0.000000000000000000, -0.000000000000000000, -1.000000000000000000 ) ) ;
#917 = VECTOR ( 'NONE', #2327, 39.37007874015748143 ) ;
#918 = ORIENTED_EDGE ( 'NONE', *, *, #432, .T. ) ;
#919 = EDGE_CURVE ( 'NONE', #678, #1189, #656, .T. ) ;
#920 = VERTEX_POINT ( 'NONE', #2848 ) ;
#921 = DIRECTION ( 'NONE',  ( 0.000000000000000000, -0.000000000000000000, -1.000000000000000000 ) ) ;
#922 = PLANE ( 'NONE',  #2746 ) ;
#923 = AXIS2_PLACEMENT_3D ( 'NONE', #2483, #2678, #1231 ) ;
#924 = VECTOR ( 'NONE', #1649, 39.37007874015748143 ) ;
#925 = DIRECTION ( 'NONE',  ( -0.000000000000000000, 1.000000000000000000, 0.000000000000000000 ) ) ;
#926 = AXIS2_PLACEMENT_3D ( 'NONE', #1036, #1051, #2925 ) ;
#927 = VECTOR ( 'NONE', #33, 39.37007874015748143 ) ;
#928 = ADVANCED_BREP_SHAPE_REPRESENTATION ( 'Kora_Bridge', ( #2478, #2566 ), #1657 ) ;
#929 = DIRECTION ( 'NONE',  ( -0.000000000000000000, -1.000000000000000000, -0.000000000000000000 ) ) ;
#930 = CARTESIAN_POINT ( 'NONE',  ( -1.181102362204724310, 4.763779527559055538, 0.000000000000000000 ) ) ;
#931 = DIRECTION ( 'NONE',  ( -0.000000000000000000, -0.000000000000000000, 1.000000000000000000 ) ) ;
#932 = ORIENTED_EDGE ( 'NONE', *, *, #1832, .F. ) ;
#933 = VERTEX_POINT ( 'NONE', #185 ) ;
#934 = CARTESIAN_POINT ( 'NONE',  ( 0.9448818897637796255, 2.165354330708661568, 0.5511811023622047445 ) ) ;
#935 = DIRECTION ( 'NONE',  ( 0.000000000000000000, 0.000000000000000000, -1.000000000000000000 ) ) ;
#936 = EDGE_CURVE ( 'NONE', #1287, #2885, #1650, .T. ) ;
#937 = VERTEX_POINT ( 'NONE', #249 ) ;
#938 = EDGE_LOOP ( 'NONE', ( #2156, #1441, #2169, #2420 ) ) ;
#939 = CARTESIAN_POINT ( 'NONE',  ( 0.9448818897637796255, 3.031496062992125928, 0.000000000000000000 ) ) ;
#940 = CARTESIAN_POINT ( 'NONE',  ( -0.9448818897637796255, 4.763779527559055538, 0.5511811023622047445 ) ) ;
#941 = EDGE_CURVE ( 'NONE', #1571, #2094, #754, .T. ) ;
#942 = PLANE ( 'NONE',  #1435 ) ;
#943 = ADVANCED_FACE ( 'NONE', ( #1948 ), #2913, .F. ) ;
#944 = CARTESIAN_POINT ( 'NONE',  ( -0.9448818897637796255, 5.196850393700787940, 0.5511811023622047445 ) ) ;
#945 = CARTESIAN_POINT ( 'NONE',  ( -0.9448818897637796255, 4.094488188976377785, 0.000000000000000000 ) ) ;
#946 = CARTESIAN_POINT ( 'NONE',  ( 1.299212598425196985, 2.598425196850393970, 0.5511811023622047445 ) ) ;
#947 = ORIENTED_EDGE ( 'NONE', *, *, #2819, .T. ) ;
#948 = ORIENTED_EDGE ( 'NONE', *, *, #2202, .T. ) ;
#949 = CARTESIAN_POINT ( 'NONE',  ( 1.181102362204724310, 1.299212598425196985, 0.5511811023622047445 ) ) ;
#950 = DIRECTION ( 'NONE',  ( -0.000000000000000000, -1.000000000000000000, -0.000000000000000000 ) ) ;
#951 = VERTEX_POINT ( 'NONE', #283 ) ;
#952 = EDGE_CURVE ( 'NONE', #1901, #1511, #264, .T. ) ;
#953 = ORIENTED_EDGE ( 'NONE', *, *, #1687, .T. ) ;
#954 = DIRECTION ( 'NONE',  ( 1.000000000000000000, 0.000000000000000000, 0.000000000000000000 ) ) ;
#955 = ORIENTED_EDGE ( 'NONE', *, *, #700, .T. ) ;
#956 = ADVANCED_FACE ( 'NONE', ( #1743 ), #546, .F. ) ;
#957 = FACE_OUTER_BOUND ( 'NONE', #2821, .T. ) ;
#958 = CARTESIAN_POINT ( 'NONE',  ( -1.496062992125984259, 0.4724409448818898127, 0.8661417322834645827 ) ) ;
#959 = DIRECTION ( 'NONE',  ( 0.000000000000000000, -1.000000000000000000, 0.000000000000000000 ) ) ;
#960 = FACE_OUTER_BOUND ( 'NONE', #3132, .T. ) ;
#961 = ORIENTED_EDGE ( 'NONE', *, *, #2480, .F. ) ;
#962 = VERTEX_POINT ( 'NONE', #2470 ) ;
#963 = LINE ( 'NONE', #742, #2503 ) ;
#964 = DIRECTION ( 'NONE',  ( 1.000000000000000000, -0.000000000000000000, -0.000000000000000000 ) ) ;
#965 = ORIENTED_EDGE ( 'NONE', *, *, #622, .T. ) ;
#966 = VERTEX_POINT ( 'NONE', #518 ) ;
#967 = CARTESIAN_POINT ( 'NONE',  ( -1.181102362204724310, 1.062992125984252079, 0.5511811023622047445 ) ) ;
#968 = VECTOR ( 'NONE', #242, 39.37007874015748143 ) ;
#969 = DIRECTION ( 'NONE',  ( 1.000000000000000000, 0.000000000000000000, 0.000000000000000000 ) ) ;
#970 = VECTOR ( 'NONE', #411, 39.37007874015748143 ) ;
#971 = DIRECTION ( 'NONE',  ( 0.000000000000000000, 0.000000000000000000, 1.000000000000000000 ) ) ;
#972 = VECTOR ( 'NONE', #525, 39.37007874015748143 ) ;
#973 = LINE ( 'NONE', #1195, #3056 ) ;
#974 = AXIS2_PLACEMENT_3D ( 'NONE', #975, #1491, #1230 ) ;
#975 = CARTESIAN_POINT ( 'NONE',  ( 1.181102362204724310, 0.000000000000000000, 0.5511811023622047445 ) ) ;
#976 = ORIENTED_EDGE ( 'NONE', *, *, #2998, .T. ) ;
#977 = EDGE_CURVE ( 'NONE', #2460, #1303, #1038, .T. ) ;
#978 = VECTOR ( 'NONE', #2876, 39.37007874015748143 ) ;
#979 = ORIENTED_EDGE ( 'NONE', *, *, #990, .T. ) ;
#980 = LINE ( 'NONE', #268, #2248 ) ;
#981 = CARTESIAN_POINT ( 'NONE',  ( -1.496062992125984259, 0.000000000000000000, 0.8661417322834645827 ) ) ;
#982 = LINE ( 'NONE', #2233, #1579 ) ;
#983 = VECTOR ( 'NONE', #1499, 39.37007874015748143 ) ;
#984 = ORIENTED_EDGE ( 'NONE', *, *, #2006, .T. ) ;
#985 = VERTEX_POINT ( 'NONE', #30 ) ;
#986 = EDGE_CURVE ( 'NONE', #2224, #1303, #2228, .T. ) ;
#987 = LINE ( 'NONE', #685, #55 ) ;
#988 = APPLICATION_PROTOCOL_DEFINITION ( 'international standard', 'config_control_design', 1994, #1098 ) ;
#989 = CARTESIAN_POINT ( 'NONE',  ( 1.299212598425196985, 1.496062992125984259, 0.000000000000000000 ) ) ;
#990 = EDGE_CURVE ( 'NONE', #1561, #2078, #1699, .T. ) ;
#991 = CARTESIAN_POINT ( 'NONE',  ( 0.9448818897637796255, 3.897637795275590733, 0.000000000000000000 ) ) ;
#992 = CARTESIAN_POINT ( 'NONE',  ( 0.9448818897637796255, 5.196850393700787940, 0.000000000000000000 ) ) ;
#993 = VERTEX_POINT ( 'NONE', #232 ) ;
#994 = EDGE_CURVE ( 'NONE', #1701, #176, #2125, .T. ) ;
#995 = ORIENTED_EDGE ( 'NONE', *, *, #1209, .T. ) ;
#996 = APPROVAL ( #2511, 'UNSPECIFIED' ) ;
#997 = FACE_OUTER_BOUND ( 'NONE', #2997, .T. ) ;
#998 = PLANE ( 'NONE',  #1635 ) ;
#999 = EDGE_CURVE ( 'NONE', #1665, #1916, #2651, .T. ) ;
#1000 = CARTESIAN_POINT ( 'NONE',  ( 0.9448818897637796255, 4.763779527559055538, 0.000000000000000000 ) ) ;
#1001 = ORIENTED_EDGE ( 'NONE', *, *, #936, .F. ) ;
#1002 = CARTESIAN_POINT ( 'NONE',  ( 1.299212598425196985, 3.031496062992125928, 0.5511811023622047445 ) ) ;
#1003 = ORIENTED_EDGE ( 'NONE', *, *, #3122, .T. ) ;
#1004 = DIRECTION ( 'NONE',  ( 0.000000000000000000, -1.000000000000000000, 0.000000000000000000 ) ) ;
#1005 = MECHANICAL_CONTEXT ( 'NONE', #2196, 'mechanical' ) ;
#1006 = CARTESIAN_POINT ( 'NONE',  ( -0.9448818897637796255, 1.732283464566929165, -0.000000000000000000 ) ) ;
#1007 = FACE_OUTER_BOUND ( 'NONE', #822, .T. ) ;
#1008 = DIRECTION ( 'NONE',  ( 0.000000000000000000, 1.000000000000000000, 0.000000000000000000 ) ) ;
#1009 = VERTEX_POINT ( 'NONE', #202 ) ;
#1010 = ORIENTED_EDGE ( 'NONE', *, *, #2640, .F. ) ;
#1011 = CARTESIAN_POINT ( 'NONE',  ( 1.299212598425196985, 1.929133858267716661, 0.5511811023622047445 ) ) ;
#1012 = LINE ( 'NONE', #2700, #1689 ) ;
#1013 = CARTESIAN_POINT ( 'NONE',  ( -1.181102362204724310, 5.905511811023622215, 0.000000000000000000 ) ) ;
#1014 = VERTEX_POINT ( 'NONE', #480 ) ;
#1015 = CARTESIAN_POINT ( 'NONE',  ( 0.9448818897637796255, 3.661417322834645827, 0.5511811023622047445 ) ) ;
#1016 = EDGE_CURVE ( 'NONE', #1771, #1870, #1201, .T. ) ;
#1017 = LINE ( 'NONE', #1243, #2259 ) ;
#1018 = LINE ( 'NONE', #26, #1994 ) ;
#1019 = VECTOR ( 'NONE', #361, 39.37007874015748143 ) ;
#1020 = CARTESIAN_POINT ( 'NONE',  ( -0.9448818897637796255, 3.464566929133858331, 0.5511811023622047445 ) ) ;
#1021 = ADVANCED_FACE ( 'NONE', ( #646 ), #2632, .F. ) ;
#1022 = AXIS2_PLACEMENT_3D ( 'NONE', #90, #2774, #1569 ) ;
#1023 = VERTEX_POINT ( 'NONE', #410 ) ;
#1024 = ORIENTED_EDGE ( 'NONE', *, *, #1647, .T. ) ;
#1025 = LINE ( 'NONE', #549, #482 ) ;
#1026 = VECTOR ( 'NONE', #1211, 39.37007874015748143 ) ;
#1027 = LINE ( 'NONE', #2932, #2702 ) ;
#1028 = CARTESIAN_POINT ( 'NONE',  ( 1.181102362204724310, 2.598425196850393970, 0.000000000000000000 ) ) ;
#1029 = VECTOR ( 'NONE', #295, 39.37007874015748143 ) ;
#1030 = ORIENTED_EDGE ( 'NONE', *, *, #2145, .F. ) ;
#1031 = VECTOR ( 'NONE', #802, 39.37007874015748143 ) ;
#1032 = EDGE_CURVE ( 'NONE', #962, #335, #172, .T. ) ;
#1033 = LINE ( 'NONE', #2688, #3100 ) ;
#1034 = PERSON_AND_ORGANIZATION ( #169, #2060 ) ;
#1035 = ORIENTED_EDGE ( 'NONE', *, *, #2726, .T. ) ;
#1036 = CARTESIAN_POINT ( 'NONE',  ( 1.181102362204724310, 0.000000000000000000, 0.5511811023622047445 ) ) ;
#1037 = CARTESIAN_POINT ( 'NONE',  ( -1.181102362204724310, 0.000000000000000000, 0.000000000000000000 ) ) ;
#1038 = LINE ( 'NONE', #296, #1585 ) ;
#1039 = ORIENTED_EDGE ( 'NONE', *, *, #285, .F. ) ;
#1040 = VERTEX_POINT ( 'NONE', #15 ) ;
#1041 = DIRECTION ( 'NONE',  ( -0.000000000000000000, -0.000000000000000000, -1.000000000000000000 ) ) ;
#1042 = EDGE_CURVE ( 'NONE', #2784, #2094, #1716, .T. ) ;
#1043 = CARTESIAN_POINT ( 'NONE',  ( -0.9448818897637796255, 1.062992125984252079, 0.000000000000000000 ) ) ;
#1044 = DIRECTION ( 'NONE',  ( -1.000000000000000000, -0.000000000000000000, -0.000000000000000000 ) ) ;
#1045 = AXIS2_PLACEMENT_3D ( 'NONE', #1865, #653, #2800 ) ;
#1046 = VERTEX_POINT ( 'NONE', #2474 ) ;
#1047 = CARTESIAN_POINT ( 'NONE',  ( 1.299212598425196985, 4.094488188976377785, 0.5511811023622047445 ) ) ;
#1048 = EDGE_CURVE ( 'NONE', #1759, #1819, #729, .T. ) ;
#1049 = CALENDAR_DATE ( 2026, 2, 7 ) ;
#1050 = ORIENTED_EDGE ( 'NONE', *, *, #1984, .T. ) ;
#1051 = DIRECTION ( 'NONE',  ( -1.000000000000000000, 0.000000000000000000, 0.000000000000000000 ) ) ;
#1052 = ADVANCED_FACE ( 'NONE', ( #2948 ), #1982, .F. ) ;
#1053 = DIRECTION ( 'NONE',  ( 0.000000000000000000, 1.000000000000000000, 0.000000000000000000 ) ) ;
#1054 = EDGE_LOOP ( 'NONE', ( #31, #891, #429, #995 ) ) ;
#1055 = VERTEX_POINT ( 'NONE', #758 ) ;
#1056 = DIRECTION ( 'NONE',  ( 1.000000000000000000, 0.000000000000000000, 0.000000000000000000 ) ) ;
#1057 = DIRECTION ( 'NONE',  ( 0.000000000000000000, 0.000000000000000000, 1.000000000000000000 ) ) ;
#1058 = CARTESIAN_POINT ( 'NONE',  ( 1.181102362204724310, 3.897637795275590733, 0.5511811023622047445 ) ) ;
#1059 = ORIENTED_EDGE ( 'NONE', *, *, #751, .T. ) ;
#1060 = DIRECTION ( 'NONE',  ( -0.000000000000000000, -1.000000000000000000, -0.000000000000000000 ) ) ;
#1061 = EDGE_LOOP ( 'NONE', ( #1765, #2023, #1183, #2113 ) ) ;
#1062 = ORIENTED_EDGE ( 'NONE', *, *, #1193, .F. ) ;
#1063 = DIRECTION ( 'NONE',  ( -0.000000000000000000, -0.000000000000000000, 1.000000000000000000 ) ) ;
#1064 = CARTESIAN_POINT ( 'NONE',  ( 1.299212598425196985, 1.732283464566929165, 0.000000000000000000 ) ) ;
#1065 = CARTESIAN_POINT ( 'NONE',  ( 0.9448818897637796255, 1.299212598425196985, 0.000000000000000000 ) ) ;
#1066 = VECTOR ( 'NONE', #950, 39.37007874015748143 ) ;
#1067 = ORIENTED_EDGE ( 'NONE', *, *, #1513, .F. ) ;
#1068 = ORIENTED_EDGE ( 'NONE', *, *, #1138, .T. ) ;
#1069 = PLANE ( 'NONE',  #878 ) ;
#1070 = AXIS2_PLACEMENT_3D ( 'NONE', #1624, #2585, #460 ) ;
#1071 = DIRECTION ( 'NONE',  ( -0.000000000000000000, -1.000000000000000000, -0.000000000000000000 ) ) ;
#1072 = DIRECTION ( 'NONE',  ( -0.000000000000000000, -0.000000000000000000, 1.000000000000000000 ) ) ;
#1073 = EDGE_CURVE ( 'NONE', #2253, #937, #1027, .T. ) ;
#1074 = AXIS2_PLACEMENT_3D ( 'NONE', #3089, #1913, #1881 ) ;
#1075 = ORIENTED_EDGE ( 'NONE', *, *, #182, .T. ) ;
#1076 = CARTESIAN_POINT ( 'NONE',  ( 1.299212598425196985, 2.598425196850393970, 0.000000000000000000 ) ) ;
#1077 = VECTOR ( 'NONE', #557, 39.37007874015748143 ) ;
#1078 = VECTOR ( 'NONE', #1297, 39.37007874015748143 ) ;
#1079 = EDGE_CURVE ( 'NONE', #1362, #1870, #2232, .T. ) ;
#1080 = ORIENTED_EDGE ( 'NONE', *, *, #2684, .T. ) ;
#1081 = CARTESIAN_POINT ( 'NONE',  ( -1.299212598425196985, 3.464566929133858331, 0.000000000000000000 ) ) ;
#1082 = ORIENTED_EDGE ( 'NONE', *, *, #223, .T. ) ;
#1083 = DIRECTION ( 'NONE',  ( 0.000000000000000000, 0.000000000000000000, 1.000000000000000000 ) ) ;
#1084 = ORIENTED_EDGE ( 'NONE', *, *, #1079, .F. ) ;
#1085 = ORIENTED_EDGE ( 'NONE', *, *, #1918, .F. ) ;
#1086 = PLANE ( 'NONE',  #440 ) ;
#1087 = EDGE_CURVE ( 'NONE', #1009, #2207, #1252, .T. ) ;
#1088 = DIRECTION ( 'NONE',  ( 0.000000000000000000, 0.000000000000000000, -1.000000000000000000 ) ) ;
#1089 = DIRECTION ( 'NONE',  ( 0.000000000000000000, 0.000000000000000000, 1.000000000000000000 ) ) ;
#1090 = ORIENTED_EDGE ( 'NONE', *, *, #936, .T. ) ;
#1091 = LINE ( 'NONE', #1859, #10 ) ;
#1092 = APPROVAL_PERSON_ORGANIZATION ( #1034, #1382, #2924 ) ;
#1093 = ORIENTED_EDGE ( 'NONE', *, *, #1748, .T. ) ;
#1094 = APPROVAL_STATUS ( 'not_yet_approved' ) ;
#1095 = EDGE_CURVE ( 'NONE', #2302, #382, #270, .T. ) ;
#1096 = ORIENTED_EDGE ( 'NONE', *, *, #62, .T. ) ;
#1097 = DIRECTION ( 'NONE',  ( 0.000000000000000000, 0.000000000000000000, -1.000000000000000000 ) ) ;
#1098 = APPLICATION_CONTEXT ( 'configuration controlled 3d designs of mechanical parts and assemblies' ) ;
#1099 = LINE ( 'NONE', #339, #571 ) ;
#1100 = ORIENTED_EDGE ( 'NONE', *, *, #2361, .F. ) ;
#1101 = ORIENTED_EDGE ( 'NONE', *, *, #1114, .T. ) ;
#1102 = LINE ( 'NONE', #2844, #2311 ) ;
#1103 = CARTESIAN_POINT ( 'NONE',  ( -1.299212598425196985, 3.897637795275590733, 0.000000000000000000 ) ) ;
#1104 = PLANE ( 'NONE',  #418 ) ;
#1105 = CARTESIAN_POINT ( 'NONE',  ( 0.9448818897637796255, 1.299212598425196985, 0.000000000000000000 ) ) ;
#1106 = EDGE_LOOP ( 'NONE', ( #1799, #1886, #131, #206 ) ) ;
#1107 = LINE ( 'NONE', #2345, #2893 ) ;
#1108 = ORIENTED_EDGE ( 'NONE', *, *, #1175, .F. ) ;
#1109 = ORIENTED_EDGE ( 'NONE', *, *, #487, .T. ) ;
#1110 = DIRECTION ( 'NONE',  ( 0.000000000000000000, -1.000000000000000000, 0.000000000000000000 ) ) ;
#1111 = ADVANCED_FACE ( 'NONE', ( #2964 ), #790, .F. ) ;
#1112 = LINE ( 'NONE', #624, #2708 ) ;
#1113 = CARTESIAN_POINT ( 'NONE',  ( -0.9448818897637796255, 4.330708661417323135, 0.5511811023622047445 ) ) ;
#1114 = EDGE_CURVE ( 'NONE', #1411, #2945, #2427, .T. ) ;
#1115 = CARTESIAN_POINT ( 'NONE',  ( -1.181102362204724310, 5.393700787401574992, 0.000000000000000000 ) ) ;
#1116 = CARTESIAN_POINT ( 'NONE',  ( -1.181102362204724310, 0.000000000000000000, 0.5511811023622047445 ) ) ;
#1117 = LINE ( 'NONE', #1299, #311 ) ;
#1118 = AXIS2_PLACEMENT_3D ( 'NONE', #1938, #1431, #1157 ) ;
#1119 = EDGE_LOOP ( 'NONE', ( #1827, #415, #2308, #2040 ) ) ;
#1120 = ORIENTED_EDGE ( 'NONE', *, *, #2079, .T. ) ;
#1121 = VECTOR ( 'NONE', #598, 39.37007874015748143 ) ;
#1122 = LINE ( 'NONE', #139, #563 ) ;
#1123 = VECTOR ( 'NONE', #1668, 39.37007874015748143 ) ;
#1124 = ORIENTED_EDGE ( 'NONE', *, *, #62, .F. ) ;
#1125 = EDGE_CURVE ( 'NONE', #178, #2855, #1509, .T. ) ;
#1126 = ORIENTED_EDGE ( 'NONE', *, *, #1488, .T. ) ;
#1127 = AXIS2_PLACEMENT_3D ( 'NONE', #1418, #2626, #3124 ) ;
#1128 = CARTESIAN_POINT ( 'NONE',  ( -1.299212598425196985, 5.393700787401574992, 0.000000000000000000 ) ) ;
#1129 = VECTOR ( 'NONE', #2888, 39.37007874015748143 ) ;
#1130 = EDGE_CURVE ( 'NONE', #2321, #1249, #1012, .T. ) ;
#1131 = DIRECTION ( 'NONE',  ( -0.000000000000000000, -0.000000000000000000, 1.000000000000000000 ) ) ;
#1132 = AXIS2_PLACEMENT_3D ( 'NONE', #219, #201, #479 ) ;
#1133 = LINE ( 'NONE', #2104, #2008 ) ;
#1134 = CARTESIAN_POINT ( 'NONE',  ( -1.181102362204724310, 4.960629921259842590, 0.5511811023622047445 ) ) ;
#1135 = CARTESIAN_POINT ( 'NONE',  ( 1.181102362204724310, 2.362204724409448620, 0.000000000000000000 ) ) ;
#1136 = DIRECTION ( 'NONE',  ( -1.000000000000000000, 0.000000000000000000, 0.000000000000000000 ) ) ;
#1137 = EDGE_LOOP ( 'NONE', ( #2884, #2665, #1463, #2823 ) ) ;
#1138 = EDGE_CURVE ( 'NONE', #1362, #1189, #2443, .T. ) ;
#1139 = ORIENTED_EDGE ( 'NONE', *, *, #2064, .T. ) ;
#1140 = CARTESIAN_POINT ( 'NONE',  ( 1.181102362204724310, 4.960629921259842590, 0.5511811023622047445 ) ) ;
#1141 = ORIENTED_EDGE ( 'NONE', *, *, #2098, .F. ) ;
#1142 = ORIENTED_EDGE ( 'NONE', *, *, #3073, .F. ) ;
#1143 = LINE ( 'NONE', #207, #1745 ) ;
#1144 = CARTESIAN_POINT ( 'NONE',  ( -1.496062992125984259, 0.000000000000000000, 0.8661417322834645827 ) ) ;
#1145 = VECTOR ( 'NONE', #2309, 39.37007874015748143 ) ;
#1146 = CC_DESIGN_DATE_AND_TIME_ASSIGNMENT ( #600, #3032, ( #1945 ) ) ;
#1147 = DIRECTION ( 'NONE',  ( 1.000000000000000000, -0.000000000000000000, -0.000000000000000000 ) ) ;
#1148 = CARTESIAN_POINT ( 'NONE',  ( -1.181102362204724310, 5.905511811023622215, 0.5511811023622047445 ) ) ;
#1149 = CARTESIAN_POINT ( 'NONE',  ( -1.181102362204724310, 0.000000000000000000, 0.5511811023622047445 ) ) ;
#1150 = DIRECTION ( 'NONE',  ( 0.000000000000000000, -0.000000000000000000, 1.000000000000000000 ) ) ;
#1151 = VERTEX_POINT ( 'NONE', #2187 ) ;
#1152 = ORIENTED_EDGE ( 'NONE', *, *, #358, .F. ) ;
#1153 = LINE ( 'NONE', #220, #1735 ) ;
#1154 = ORIENTED_EDGE ( 'NONE', *, *, #432, .F. ) ;
#1155 = ORIENTED_EDGE ( 'NONE', *, *, #2875, .T. ) ;
#1156 = CARTESIAN_POINT ( 'NONE',  ( 0.9448818897637796255, 5.393700787401574992, 0.000000000000000000 ) ) ;
#1157 = DIRECTION ( 'NONE',  ( 0.000000000000000000, 0.000000000000000000, -1.000000000000000000 ) ) ;
#1158 = FACE_OUTER_BOUND ( 'NONE', #2543, .T. ) ;
#1159 = EDGE_CURVE ( 'NONE', #2207, #235, #1523, .T. ) ;
#1160 = CARTESIAN_POINT ( 'NONE',  ( 1.181102362204724310, 0.000000000000000000, 0.5511811023622047445 ) ) ;
#1161 = DIRECTION ( 'NONE',  ( -0.000000000000000000, -0.000000000000000000, 1.000000000000000000 ) ) ;
#1162 = CARTESIAN_POINT ( 'NONE',  ( -1.299212598425196985, 3.228346456692913424, 0.000000000000000000 ) ) ;
#1163 = VERTEX_POINT ( 'NONE', #743 ) ;
#1164 = ORIENTED_EDGE ( 'NONE', *, *, #1790, .T. ) ;
#1165 = LINE ( 'NONE', #709, #1594 ) ;
#1166 = AXIS2_PLACEMENT_3D ( 'NONE', #2176, #1688, #451 ) ;
#1167 = ADVANCED_FACE ( 'NONE', ( #301 ), #998, .F. ) ;
#1168 = FACE_OUTER_BOUND ( 'NONE', #49, .T. ) ;
#1169 = VECTOR ( 'NONE', #1510, 39.37007874015748143 ) ;
#1170 = ORIENTED_EDGE ( 'NONE', *, *, #2301, .F. ) ;
#1171 = ORIENTED_EDGE ( 'NONE', *, *, #703, .T. ) ;
#1172 = CARTESIAN_POINT ( 'NONE',  ( 0.9448818897637796255, 2.598425196850393970, 0.000000000000000000 ) ) ;
#1173 = LINE ( 'NONE', #466, #968 ) ;
#1174 = VECTOR ( 'NONE', #2599, 39.37007874015748143 ) ;
#1175 = EDGE_CURVE ( 'NONE', #1383, #664, #2667, .T. ) ;
#1176 = VECTOR ( 'NONE', #1961, 39.37007874015748143 ) ;
#1177 = PLANE ( 'NONE',  #1178 ) ;
#1178 = AXIS2_PLACEMENT_3D ( 'NONE', #2369, #2382, #2661 ) ;
#1179 = AXIS2_PLACEMENT_3D ( 'NONE', #1781, #1351, #336 ) ;
#1180 = CARTESIAN_POINT ( 'NONE',  ( -0.9448818897637796255, 4.527559055118110187, 0.000000000000000000 ) ) ;
#1181 = CARTESIAN_POINT ( 'NONE',  ( 1.299212598425196985, 1.496062992125984259, 0.000000000000000000 ) ) ;
#1182 = CARTESIAN_POINT ( 'NONE',  ( -1.181102362204724310, 2.165354330708661568, 0.5511811023622047445 ) ) ;
#1183 = ORIENTED_EDGE ( 'NONE', *, *, #1733, .F. ) ;
#1184 = ADVANCED_FACE ( 'NONE', ( #1459 ), #253, .F. ) ;
#1185 = ORIENTED_EDGE ( 'NONE', *, *, #2021, .F. ) ;
#1186 = CARTESIAN_POINT ( 'NONE',  ( 1.299212598425196985, 2.362204724409448620, 0.000000000000000000 ) ) ;
#1187 = DIRECTION ( 'NONE',  ( 0.000000000000000000, 1.000000000000000000, 0.000000000000000000 ) ) ;
#1188 = EDGE_CURVE ( 'NONE', #1394, #1498, #508, .T. ) ;
#1189 = VERTEX_POINT ( 'NONE', #3043 ) ;
#1190 = VERTEX_POINT ( 'NONE', #1553 ) ;
#1191 = DIRECTION ( 'NONE',  ( -0.000000000000000000, -1.000000000000000000, -0.000000000000000000 ) ) ;
#1192 = CARTESIAN_POINT ( 'NONE',  ( -0.9448818897637796255, 3.661417322834645827, 0.000000000000000000 ) ) ;
#1193 = EDGE_CURVE ( 'NONE', #1966, #1009, #2046, .T. ) ;
#1194 = PLANE ( 'NONE',  #2399 ) ;
#1195 = CARTESIAN_POINT ( 'NONE',  ( -1.181102362204724310, 0.000000000000000000, 0.000000000000000000 ) ) ;
#1196 = CARTESIAN_POINT ( 'NONE',  ( -1.181102362204724310, 1.929133858267716661, 0.5511811023622047445 ) ) ;
#1197 = DIRECTION ( 'NONE',  ( -1.000000000000000000, 0.000000000000000000, 0.000000000000000000 ) ) ;
#1198 = ORIENTED_EDGE ( 'NONE', *, *, #893, .F. ) ;
#1199 = ORIENTED_EDGE ( 'NONE', *, *, #2634, .F. ) ;
#1200 = DIRECTION ( 'NONE',  ( 0.000000000000000000, 0.000000000000000000, 1.000000000000000000 ) ) ;
#1201 = LINE ( 'NONE', #3114, #1123 ) ;
#1202 = DIRECTION ( 'NONE',  ( -0.000000000000000000, -1.000000000000000000, -0.000000000000000000 ) ) ;
#1203 = ORIENTED_EDGE ( 'NONE', *, *, #2098, .T. ) ;
#1204 = VERTEX_POINT ( 'NONE', #148 ) ;
#1205 = CARTESIAN_POINT ( 'NONE',  ( 1.496062992125984259, 0.000000000000000000, 0.000000000000000000 ) ) ;
#1206 = CARTESIAN_POINT ( 'NONE',  ( 1.299212598425196985, 5.393700787401574992, 0.000000000000000000 ) ) ;
#1207 = CARTESIAN_POINT ( 'NONE',  ( -1.181102362204724310, 0.000000000000000000, 0.000000000000000000 ) ) ;
#1208 = CARTESIAN_POINT ( 'NONE',  ( -1.299212598425196985, 4.763779527559055538, 0.000000000000000000 ) ) ;
#1209 = EDGE_CURVE ( 'NONE', #1713, #2530, #1329, .T. ) ;
#1210 = LINE ( 'NONE', #1160, #722 ) ;
#1211 = DIRECTION ( 'NONE',  ( 1.000000000000000000, -0.000000000000000000, -0.000000000000000000 ) ) ;
#1212 = ORIENTED_EDGE ( 'NONE', *, *, #1488, .F. ) ;
#1213 = ORIENTED_EDGE ( 'NONE', *, *, #1687, .F. ) ;
#1214 = FACE_OUTER_BOUND ( 'NONE', #273, .T. ) ;
#1215 = EDGE_CURVE ( 'NONE', #678, #2561, #360, .T. ) ;
#1216 = DIRECTION ( 'NONE',  ( 0.000000000000000000, 0.000000000000000000, -1.000000000000000000 ) ) ;
#1217 = CARTESIAN_POINT ( 'NONE',  ( 1.299212598425196985, 1.929133858267716661, 0.000000000000000000 ) ) ;
#1218 = EDGE_LOOP ( 'NONE', ( #1082, #239, #2082, #1847 ) ) ;
#1219 = VECTOR ( 'NONE', #2255, 39.37007874015748143 ) ;
#1220 = VERTEX_POINT ( 'NONE', #1823 ) ;
#1221 = LINE ( 'NONE', #734, #1321 ) ;
#1222 = VECTOR ( 'NONE', #2919, 39.37007874015748143 ) ;
#1223 = ADVANCED_FACE ( 'NONE', ( #2786 ), #2076, .F. ) ;
#1224 = AXIS2_PLACEMENT_3D ( 'NONE', #2878, #1392, #2613 ) ;
#1225 = CARTESIAN_POINT ( 'NONE',  ( 0.9448818897637796255, 3.897637795275590733, 0.5511811023622047445 ) ) ;
#1226 = VECTOR ( 'NONE', #2120, 39.37007874015748143 ) ;
#1227 = EDGE_CURVE ( 'NONE', #1407, #1267, #2534, .T. ) ;
#1228 = CARTESIAN_POINT ( 'NONE',  ( 0.9448818897637796255, 5.393700787401574992, 0.5511811023622047445 ) ) ;
#1229 = AXIS2_PLACEMENT_3D ( 'NONE', #1662, #2152, #688 ) ;
#1230 = DIRECTION ( 'NONE',  ( 0.000000000000000000, 0.000000000000000000, 1.000000000000000000 ) ) ;
#1231 = DIRECTION ( 'NONE',  ( 0.000000000000000000, -0.000000000000000000, 1.000000000000000000 ) ) ;
#1232 = ORIENTED_EDGE ( 'NONE', *, *, #2165, .F. ) ;
#1233 = VECTOR ( 'NONE', #2710, 39.37007874015748143 ) ;
#1234 = EDGE_LOOP ( 'NONE', ( #3035, #3109, #540, #2323 ) ) ;
#1235 = CARTESIAN_POINT ( 'NONE',  ( -1.181102362204724310, 4.763779527559055538, 0.5511811023622047445 ) ) ;
#1236 = CARTESIAN_POINT ( 'NONE',  ( -1.181102362204724310, 0.000000000000000000, 0.5511811023622047445 ) ) ;
#1237 = CARTESIAN_POINT ( 'NONE',  ( 0.9448818897637796255, 1.929133858267716661, 0.000000000000000000 ) ) ;
#1238 = VECTOR ( 'NONE', #1041, 39.37007874015748143 ) ;
#1239 = EDGE_CURVE ( 'NONE', #1829, #1395, #2761, .T. ) ;
#1240 = ORIENTED_EDGE ( 'NONE', *, *, #381, .T. ) ;
#1241 = ORIENTED_EDGE ( 'NONE', *, *, #2985, .T. ) ;
#1242 = CARTESIAN_POINT ( 'NONE',  ( 1.496062992125984259, 0.4724409448818898127, 0.8661417322834645827 ) ) ;
#1243 = CARTESIAN_POINT ( 'NONE',  ( -1.181102362204724310, 3.897637795275590733, 0.5511811023622047445 ) ) ;
#1244 = DIRECTION ( 'NONE',  ( -0.000000000000000000, -0.000000000000000000, 1.000000000000000000 ) ) ;
#1245 = CC_DESIGN_DATE_AND_TIME_ASSIGNMENT ( #859, #3018, ( #1506 ) ) ;
#1246 = CARTESIAN_POINT ( 'NONE',  ( -1.181102362204724310, 5.905511811023622215, 0.5511811023622047445 ) ) ;
#1247 = VECTOR ( 'NONE', #2178, 39.37007874015748143 ) ;
#1248 = CARTESIAN_POINT ( 'NONE',  ( -0.9448818897637796255, 1.496062992125984259, 0.5511811023622047445 ) ) ;
#1249 = VERTEX_POINT ( 'NONE', #609 ) ;
#1250 = ORIENTED_EDGE ( 'NONE', *, *, #919, .T. ) ;
#1251 = CARTESIAN_POINT ( 'NONE',  ( -1.181102362204724310, 0.000000000000000000, 0.5511811023622047445 ) ) ;
#1252 = LINE ( 'NONE', #1749, #2140 ) ;
#1253 = DIRECTION ( 'NONE',  ( 0.000000000000000000, 1.000000000000000000, 0.000000000000000000 ) ) ;
#1254 = ADVANCED_FACE ( 'NONE', ( #123 ), #819, .F. ) ;
#1255 = ORIENTED_EDGE ( 'NONE', *, *, #1739, .T. ) ;
#1256 = PLANE ( 'NONE',  #1778 ) ;
#1257 = DIRECTION ( 'NONE',  ( 0.000000000000000000, -0.000000000000000000, 1.000000000000000000 ) ) ;
#1258 = CARTESIAN_POINT ( 'NONE',  ( 0.9448818897637796255, 2.165354330708661568, 0.000000000000000000 ) ) ;
#1259 = FACE_OUTER_BOUND ( 'NONE', #1218, .T. ) ;
#1260 = DIRECTION ( 'NONE',  ( 0.000000000000000000, 1.000000000000000000, 0.000000000000000000 ) ) ;
#1261 = VERTEX_POINT ( 'NONE', #2313 ) ;
#1262 = ORIENTED_EDGE ( 'NONE', *, *, #2209, .T. ) ;
#1263 = LINE ( 'NONE', #2773, #1335 ) ;
#1264 = EDGE_CURVE ( 'NONE', #352, #2735, #2555, .T. ) ;
#1265 = DIRECTION ( 'NONE',  ( 0.000000000000000000, -0.000000000000000000, 1.000000000000000000 ) ) ;
#1266 = CARTESIAN_POINT ( 'NONE',  ( -1.299212598425196985, 1.299212598425196985, 0.5511811023622047445 ) ) ;
#1267 = VERTEX_POINT ( 'NONE', #1311 ) ;
#1268 = EDGE_CURVE ( 'NONE', #2155, #1395, #2277, .T. ) ;
#1269 = FACE_OUTER_BOUND ( 'NONE', #2835, .T. ) ;
#1270 = CARTESIAN_POINT ( 'NONE',  ( 1.181102362204724310, 5.905511811023622215, 0.5511811023622047445 ) ) ;
#1271 = VERTEX_POINT ( 'NONE', #1792 ) ;
#1272 = PLANE ( 'NONE',  #1540 ) ;
#1273 = VECTOR ( 'NONE', #569, 39.37007874015748143 ) ;
#1274 = ADVANCED_FACE ( 'NONE', ( #2804 ), #328, .F. ) ;
#1275 = AXIS2_PLACEMENT_3D ( 'NONE', #497, #1933, #710 ) ;
#1276 = CARTESIAN_POINT ( 'NONE',  ( -0.9448818897637796255, 4.763779527559055538, 0.000000000000000000 ) ) ;
#1277 = CARTESIAN_POINT ( 'NONE',  ( -1.181102362204724310, 0.000000000000000000, 0.5511811023622047445 ) ) ;
#1278 = VECTOR ( 'NONE', #2326, 39.37007874015748143 ) ;
#1279 = ORIENTED_EDGE ( 'NONE', *, *, #1159, .F. ) ;
#1280 = EDGE_LOOP ( 'NONE', ( #448, #732, #2719, #1921 ) ) ;
#1281 = LINE ( 'NONE', #789, #2758 ) ;
#1282 = AXIS2_PLACEMENT_3D ( 'NONE', #2554, #378, #165 ) ;
#1283 = DIRECTION ( 'NONE',  ( -0.000000000000000000, -1.000000000000000000, -0.000000000000000000 ) ) ;
#1284 = CARTESIAN_POINT ( 'NONE',  ( -1.181102362204724310, 0.4724409448818898127, 0.5511811023622047445 ) ) ;
#1285 = ADVANCED_FACE ( 'NONE', ( #1344 ), #1104, .F. ) ;
#1286 = AXIS2_PLACEMENT_3D ( 'NONE', #2577, #892, #2516 ) ;
#1287 = VERTEX_POINT ( 'NONE', #395 ) ;
#1288 = AXIS2_PLACEMENT_3D ( 'NONE', #1597, #2984, #1337 ) ;
#1289 = EDGE_CURVE ( 'NONE', #456, #1713, #2265, .T. ) ;
#1290 = CARTESIAN_POINT ( 'NONE',  ( -1.181102362204724310, 0.000000000000000000, 0.5511811023622047445 ) ) ;
#1291 = PERSON_AND_ORGANIZATION ( #169, #2060 ) ;
#1292 = EDGE_LOOP ( 'NONE', ( #1685, #3082, #57, #274 ) ) ;
#1293 = DIRECTION ( 'NONE',  ( 0.000000000000000000, 1.000000000000000000, 0.000000000000000000 ) ) ;
#1294 = CARTESIAN_POINT ( 'NONE',  ( -1.299212598425196985, 2.795275590551181022, 0.5511811023622047445 ) ) ;
#1295 = ORIENTED_EDGE ( 'NONE', *, *, #2455, .F. ) ;
#1296 = EDGE_LOOP ( 'NONE', ( #1494, #1332, #2791, #2249 ) ) ;
#1297 = DIRECTION ( 'NONE',  ( 0.000000000000000000, 1.000000000000000000, 0.000000000000000000 ) ) ;
#1298 = DIRECTION ( 'NONE',  ( -1.000000000000000000, 0.000000000000000000, 0.000000000000000000 ) ) ;
#1299 = CARTESIAN_POINT ( 'NONE',  ( -1.181102362204724310, 3.661417322834645827, 0.5511811023622047445 ) ) ;
#1300 = ORIENTED_EDGE ( 'NONE', *, *, #2145, .T. ) ;
#1301 = CARTESIAN_POINT ( 'NONE',  ( 1.181102362204724310, 4.094488188976377785, 0.5511811023622047445 ) ) ;
#1302 = APPROVAL_DATE_TIME ( #1349, #996 ) ;
#1303 = VERTEX_POINT ( 'NONE', #3012 ) ;
#1304 = LINE ( 'NONE', #96, #3007 ) ;
#1305 = LINE ( 'NONE', #2271, #162 ) ;
#1306 = EDGE_CURVE ( 'NONE', #2781, #1473, #1358, .T. ) ;
#1307 = FACE_OUTER_BOUND ( 'NONE', #3033, .T. ) ;
#1308 = ORIENTED_EDGE ( 'NONE', *, *, #2163, .T. ) ;
#1309 = ORIENTED_EDGE ( 'NONE', *, *, #2254, .F. ) ;
#1310 = DIRECTION ( 'NONE',  ( 1.000000000000000000, 0.000000000000000000, 0.000000000000000000 ) ) ;
#1311 = CARTESIAN_POINT ( 'NONE',  ( 0.9448818897637796255, 2.362204724409448620, 0.000000000000000000 ) ) ;
#1312 = CARTESIAN_POINT ( 'NONE',  ( -1.181102362204724310, 0.000000000000000000, 0.5511811023622047445 ) ) ;
#1313 = ADVANCED_FACE ( 'NONE', ( #803 ), #1773, .F. ) ;
#1314 = ORIENTED_EDGE ( 'NONE', *, *, #2042, .F. ) ;
#1315 = LINE ( 'NONE', #1002, #2954 ) ;
#1316 = LINE ( 'NONE', #1625, #467 ) ;
#1317 = VERTEX_POINT ( 'NONE', #2027 ) ;
#1318 = CARTESIAN_POINT ( 'NONE',  ( -1.299212598425196985, 2.362204724409448620, 0.000000000000000000 ) ) ;
#1319 = ORIENTED_EDGE ( 'NONE', *, *, #2952, .T. ) ;
#1320 = ADVANCED_FACE ( 'NONE', ( #582 ), #2863, .F. ) ;
#1321 = VECTOR ( 'NONE', #3099, 39.37007874015748143 ) ;
#1322 = DIRECTION ( 'NONE',  ( 1.000000000000000000, -0.000000000000000000, -0.000000000000000000 ) ) ;
#1323 = VECTOR ( 'NONE', #886, 39.37007874015748143 ) ;
#1324 = VERTEX_POINT ( 'NONE', #1405 ) ;
#1325 = ORIENTED_EDGE ( 'NONE', *, *, #711, .T. ) ;
#1326 = LINE ( 'NONE', #3025, #2211 ) ;
#1327 = LINE ( 'NONE', #2294, #18 ) ;
#1328 = AXIS2_PLACEMENT_3D ( 'NONE', #74, #2437, #1963 ) ;
#1329 = LINE ( 'NONE', #3027, #469 ) ;
#1330 = CARTESIAN_POINT ( 'NONE',  ( 1.181102362204724310, 2.165354330708661568, 0.5511811023622047445 ) ) ;
#1331 = VECTOR ( 'NONE', #806, 39.37007874015748143 ) ;
#1332 = ORIENTED_EDGE ( 'NONE', *, *, #2118, .F. ) ;
#1333 = DIRECTION ( 'NONE',  ( -0.000000000000000000, -1.000000000000000000, -0.000000000000000000 ) ) ;
#1334 = VECTOR ( 'NONE', #2131, 39.37007874015748143 ) ;
#1335 = VECTOR ( 'NONE', #2486, 39.37007874015748143 ) ;
#1336 = ORIENTED_EDGE ( 'NONE', *, *, #1159, .T. ) ;
#1337 = DIRECTION ( 'NONE',  ( 0.000000000000000000, 0.000000000000000000, -1.000000000000000000 ) ) ;
#1338 = EDGE_LOOP ( 'NONE', ( #869, #1412, #3017, #2415 ) ) ;
#1339 = DIRECTION ( 'NONE',  ( -1.000000000000000000, 0.000000000000000000, 0.000000000000000000 ) ) ;
#1340 = ORIENTED_EDGE ( 'NONE', *, *, #1361, .F. ) ;
#1341 = ORIENTED_EDGE ( 'NONE', *, *, #1600, .F. ) ;
#1342 = DIRECTION ( 'NONE',  ( -0.000000000000000000, -1.000000000000000000, -0.000000000000000000 ) ) ;
#1343 = DIRECTION ( 'NONE',  ( 0.000000000000000000, 1.000000000000000000, 0.000000000000000000 ) ) ;
#1344 = FACE_OUTER_BOUND ( 'NONE', #2856, .T. ) ;
#1345 = CARTESIAN_POINT ( 'NONE',  ( -1.181102362204724310, 1.496062992125984259, 0.000000000000000000 ) ) ;
#1346 = ORIENTED_EDGE ( 'NONE', *, *, #599, .F. ) ;
#1347 = ADVANCED_FACE ( 'NONE', ( #197 ), #2847, .T. ) ;
#1348 = DIRECTION ( 'NONE',  ( -0.000000000000000000, -0.000000000000000000, 1.000000000000000000 ) ) ;
#1349 = DATE_AND_TIME ( #826, #1611 ) ;
#1350 = ORIENTED_EDGE ( 'NONE', *, *, #2064, .F. ) ;
#1351 = DIRECTION ( 'NONE',  ( 1.000000000000000000, 0.000000000000000000, 0.000000000000000000 ) ) ;
#1352 = ORIENTED_EDGE ( 'NONE', *, *, #986, .F. ) ;
#1353 = EDGE_CURVE ( 'NONE', #2960, #1287, #2817, .T. ) ;
#1354 = DIRECTION ( 'NONE',  ( 0.000000000000000000, -0.000000000000000000, 1.000000000000000000 ) ) ;
#1355 = ORIENTED_EDGE ( 'NONE', *, *, #1215, .F. ) ;
#1356 = CARTESIAN_POINT ( 'NONE',  ( 1.496062992125984259, 0.4724409448818898127, 0.000000000000000000 ) ) ;
#1357 = LINE ( 'NONE', #1103, #668 ) ;
#1358 = LINE ( 'NONE', #2013, #1278 ) ;
#1359 = CARTESIAN_POINT ( 'NONE',  ( 1.181102362204724310, 5.196850393700787940, 0.5511811023622047445 ) ) ;
#1360 = ORIENTED_EDGE ( 'NONE', *, *, #3036, .T. ) ;
#1361 = EDGE_CURVE ( 'NONE', #1573, #2951, #642, .T. ) ;
#1362 = VERTEX_POINT ( 'NONE', #405 ) ;
#1363 = CARTESIAN_POINT ( 'NONE',  ( 0.9448818897637796255, 2.165354330708661568, 0.000000000000000000 ) ) ;
#1364 = ADVANCED_FACE ( 'NONE', ( #1372 ), #3076, .F. ) ;
#1365 = ORIENTED_EDGE ( 'NONE', *, *, #175, .F. ) ;
#1366 = FACE_OUTER_BOUND ( 'NONE', #649, .T. ) ;
#1367 = ORIENTED_EDGE ( 'NONE', *, *, #1466, .F. ) ;
#1368 = LINE ( 'NONE', #2335, #2346 ) ;
#1369 = EDGE_CURVE ( 'NONE', #284, #2431, #2340, .T. ) ;
#1370 = DIRECTION ( 'NONE',  ( -0.000000000000000000, -1.000000000000000000, -0.000000000000000000 ) ) ;
#1371 = DIRECTION ( 'NONE',  ( 0.000000000000000000, 0.000000000000000000, -1.000000000000000000 ) ) ;
#1372 = FACE_OUTER_BOUND ( 'NONE', #1119, .T. ) ;
#1373 = PLANE ( 'NONE',  #2843 ) ;
#1374 = VECTOR ( 'NONE', #332, 39.37007874015748143 ) ;
#1375 = ORIENTED_EDGE ( 'NONE', *, *, #2356, .F. ) ;
#1376 = ORIENTED_EDGE ( 'NONE', *, *, #2030, .T. ) ;
#1377 = AXIS2_PLACEMENT_3D ( 'NONE', #2111, #3081, #1872 ) ;
#1378 = DIRECTION ( 'NONE',  ( 0.000000000000000000, 1.000000000000000000, 0.000000000000000000 ) ) ;
#1379 = CARTESIAN_POINT ( 'NONE',  ( -1.181102362204724310, 3.464566929133858331, 0.000000000000000000 ) ) ;
#1380 = VECTOR ( 'NONE', #2928, 39.37007874015748143 ) ;
#1381 = ORIENTED_EDGE ( 'NONE', *, *, #1268, .T. ) ;
#1382 = APPROVAL ( #1959, 'UNSPECIFIED' ) ;
#1383 = VERTEX_POINT ( 'NONE', #1630 ) ;
#1384 = AXIS2_PLACEMENT_3D ( 'NONE', #337, #959, #1563 ) ;
#1385 = DIRECTION ( 'NONE',  ( 0.000000000000000000, -0.000000000000000000, 1.000000000000000000 ) ) ;
#1386 = EDGE_LOOP ( 'NONE', ( #979, #505, #1596, #2128 ) ) ;
#1387 = VECTOR ( 'NONE', #2542, 39.37007874015748143 ) ;
#1388 = CARTESIAN_POINT ( 'NONE',  ( -1.181102362204724310, 0.000000000000000000, 0.5511811023622047445 ) ) ;
#1389 = VECTOR ( 'NONE', #1522, 39.37007874015748143 ) ;
#1390 = LINE ( 'NONE', #879, #2416 ) ;
#1391 = DIRECTION ( 'NONE',  ( 0.000000000000000000, -1.000000000000000000, 0.000000000000000000 ) ) ;
#1392 = DIRECTION ( 'NONE',  ( 0.000000000000000000, -1.000000000000000000, 0.000000000000000000 ) ) ;
#1393 = CARTESIAN_POINT ( 'NONE',  ( 0.9448818897637796255, 2.795275590551181022, 0.000000000000000000 ) ) ;
#1394 = VERTEX_POINT ( 'NONE', #705 ) ;
#1395 = VERTEX_POINT ( 'NONE', #930 ) ;
#1396 = CARTESIAN_POINT ( 'NONE',  ( 1.299212598425196985, 3.897637795275590733, 0.000000000000000000 ) ) ;
#1397 = ORIENTED_EDGE ( 'NONE', *, *, #764, .T. ) ;
#1398 = VERTEX_POINT ( 'NONE', #166 ) ;
#1399 = DIRECTION ( 'NONE',  ( 0.000000000000000000, 0.000000000000000000, 1.000000000000000000 ) ) ;
#1400 = LINE ( 'NONE', #2658, #2539 ) ;
#1401 = CC_DESIGN_SECURITY_CLASSIFICATION ( #1506, ( #637 ) ) ;
#1402 = DIRECTION ( 'NONE',  ( 1.000000000000000000, 0.000000000000000000, 0.000000000000000000 ) ) ;
#1403 = ADVANCED_FACE ( 'NONE', ( #3125 ), #2121, .F. ) ;
#1404 = CARTESIAN_POINT ( 'NONE',  ( 0.000000000000000000, 0.4724409448818898127, 0.5511811023622047445 ) ) ;
#1405 = CARTESIAN_POINT ( 'NONE',  ( -1.181102362204724310, 1.062992125984252079, 0.000000000000000000 ) ) ;
#1406 = CARTESIAN_POINT ( 'NONE',  ( 1.299212598425196985, 1.299212598425196985, 0.5511811023622047445 ) ) ;
#1407 = VERTEX_POINT ( 'NONE', #1135 ) ;
#1408 = ORIENTED_EDGE ( 'NONE', *, *, #2741, .F. ) ;
#1409 = CARTESIAN_POINT ( 'NONE',  ( -1.181102362204724310, 3.228346456692913424, 0.5511811023622047445 ) ) ;
#1410 = ADVANCED_FACE ( 'NONE', ( #2107 ), #1867, .F. ) ;
#1411 = VERTEX_POINT ( 'NONE', #674 ) ;
#1412 = ORIENTED_EDGE ( 'NONE', *, *, #2334, .F. ) ;
#1413 = CARTESIAN_POINT ( 'NONE',  ( 0.9448818897637796255, 5.196850393700787940, 0.5511811023622047445 ) ) ;
#1414 = CARTESIAN_POINT ( 'NONE',  ( -0.9448818897637796255, 5.393700787401574992, 0.000000000000000000 ) ) ;
#1415 = FACE_OUTER_BOUND ( 'NONE', #915, .T. ) ;
#1416 = EDGE_CURVE ( 'NONE', #2362, #2779, #2598, .T. ) ;
#1417 = EDGE_CURVE ( 'NONE', #1955, #937, #2153, .T. ) ;
#1418 = CARTESIAN_POINT ( 'NONE',  ( 1.299212598425196985, 5.196850393700787940, 0.000000000000000000 ) ) ;
#1419 = CARTESIAN_POINT ( 'NONE',  ( 0.000000000000000000, 0.000000000000000000, 0.5511811023622047445 ) ) ;
#1420 = LINE ( 'NONE', #724, #2546 ) ;
#1421 = ORIENTED_EDGE ( 'NONE', *, *, #1612, .F. ) ;
#1422 = ORIENTED_EDGE ( 'NONE', *, *, #338, .T. ) ;
#1423 = LINE ( 'NONE', #3143, #1542 ) ;
#1424 = EDGE_CURVE ( 'NONE', #2224, #2207, #2372, .T. ) ;
#1425 = CARTESIAN_POINT ( 'NONE',  ( 1.181102362204724310, 4.960629921259842590, 0.000000000000000000 ) ) ;
#1426 = EDGE_CURVE ( 'NONE', #2074, #224, #1676, .T. ) ;
#1427 = VECTOR ( 'NONE', #2524, 39.37007874015748143 ) ;
#1428 = EDGE_LOOP ( 'NONE', ( #1068, #2981, #1891, #1884 ) ) ;
#1429 = VERTEX_POINT ( 'NONE', #1899 ) ;
#1430 = CARTESIAN_POINT ( 'NONE',  ( 1.496062992125984259, 0.000000000000000000, 0.8661417322834645827 ) ) ;
#1431 = DIRECTION ( 'NONE',  ( 0.000000000000000000, -1.000000000000000000, -0.000000000000000000 ) ) ;
#1432 = VECTOR ( 'NONE', #1929, 39.37007874015748143 ) ;
#1433 = VECTOR ( 'NONE', #443, 39.37007874015748143 ) ;
#1434 = DIRECTION ( 'NONE',  ( 0.000000000000000000, 0.000000000000000000, -1.000000000000000000 ) ) ;
#1435 = AXIS2_PLACEMENT_3D ( 'NONE', #1208, #452, #194 ) ;
#1436 = VECTOR ( 'NONE', #2637, 39.37007874015748143 ) ;
#1437 = CARTESIAN_POINT ( 'NONE',  ( 1.181102362204724310, 3.031496062992125928, 0.000000000000000000 ) ) ;
#1438 = FACE_OUTER_BOUND ( 'NONE', #2127, .T. ) ;
#1439 = CARTESIAN_POINT ( 'NONE',  ( -1.496062992125984259, 0.4724409448818898127, 0.000000000000000000 ) ) ;
#1440 = ORIENTED_EDGE ( 'NONE', *, *, #647, .T. ) ;
#1441 = ORIENTED_EDGE ( 'NONE', *, *, #2801, .T. ) ;
#1442 = CARTESIAN_POINT ( 'NONE',  ( -0.9448818897637796255, 3.661417322834645827, 0.5511811023622047445 ) ) ;
#1443 = DIRECTION ( 'NONE',  ( 0.000000000000000000, -1.000000000000000000, 0.000000000000000000 ) ) ;
#1444 = ORIENTED_EDGE ( 'NONE', *, *, #3144, .F. ) ;
#1445 = ADVANCED_FACE ( 'NONE', ( #689 ), #214, .F. ) ;
#1446 = ORIENTED_EDGE ( 'NONE', *, *, #291, .F. ) ;
#1447 = DIRECTION ( 'NONE',  ( 1.000000000000000000, 0.000000000000000000, 0.000000000000000000 ) ) ;
#1448 = DIRECTION ( 'NONE',  ( -0.000000000000000000, 1.000000000000000000, 0.000000000000000000 ) ) ;
#1449 = COORDINATED_UNIVERSAL_TIME_OFFSET ( 8, 0, .BEHIND. ) ;
#1450 = DIRECTION ( 'NONE',  ( 0.000000000000000000, 0.000000000000000000, 1.000000000000000000 ) ) ;
#1451 = LOCAL_TIME ( 16, 16, 7.000000000000000000, #1560 ) ;
#1452 = ADVANCED_FACE ( 'NONE', ( #1438 ), #2406, .F. ) ;
#1453 = CC_DESIGN_APPROVAL ( #996, ( #1506 ) ) ;
#1454 = CARTESIAN_POINT ( 'NONE',  ( 0.9448818897637796255, 4.763779527559055538, 0.5511811023622047445 ) ) ;
#1455 = DIRECTION ( 'NONE',  ( 0.000000000000000000, 1.000000000000000000, 0.000000000000000000 ) ) ;
#1456 = ORIENTED_EDGE ( 'NONE', *, *, #2353, .T. ) ;
#1457 = EDGE_LOOP ( 'NONE', ( #2685, #984, #1090, #888 ) ) ;
#1458 = LINE ( 'NONE', #2897, #927 ) ;
#1459 = FACE_OUTER_BOUND ( 'NONE', #2016, .T. ) ;
#1460 = LINE ( 'NONE', #901, #2748 ) ;
#1461 = ADVANCED_FACE ( 'NONE', ( #739 ), #282, .F. ) ;
#1462 = ORIENTED_EDGE ( 'NONE', *, *, #848, .F. ) ;
#1463 = ORIENTED_EDGE ( 'NONE', *, *, #703, .F. ) ;
#1464 = CARTESIAN_POINT ( 'NONE',  ( -1.299212598425196985, 3.228346456692913424, 0.5511811023622047445 ) ) ;
#1465 = DIRECTION ( 'NONE',  ( -0.000000000000000000, -0.000000000000000000, 1.000000000000000000 ) ) ;
#1466 = EDGE_CURVE ( 'NONE', #267, #2253, #829, .T. ) ;
#1467 = CARTESIAN_POINT ( 'NONE',  ( 1.181102362204724310, 3.897637795275590733, 0.000000000000000000 ) ) ;
#1468 = LINE ( 'NONE', #533, #3005 ) ;
#1469 = ADVANCED_FACE ( 'NONE', ( #263 ), #2181, .F. ) ;
#1470 = DIRECTION ( 'NONE',  ( 1.000000000000000000, -0.000000000000000000, 0.000000000000000000 ) ) ;
#1471 = CARTESIAN_POINT ( 'NONE',  ( -1.299212598425196985, 3.464566929133858331, 0.000000000000000000 ) ) ;
#1472 = ORIENTED_EDGE ( 'NONE', *, *, #1079, .T. ) ;
#1473 = VERTEX_POINT ( 'NONE', #2912 ) ;
#1474 = LINE ( 'NONE', #1702, #731 ) ;
#1475 = CARTESIAN_POINT ( 'NONE',  ( 0.9448818897637796255, 4.763779527559055538, 0.000000000000000000 ) ) ;
#1476 = DIRECTION ( 'NONE',  ( 0.000000000000000000, -1.000000000000000000, 0.000000000000000000 ) ) ;
#1477 = VERTEX_POINT ( 'NONE', #1947 ) ;
#1478 = VECTOR ( 'NONE', #2953, 39.37007874015748143 ) ;
#1479 = ORIENTED_EDGE ( 'NONE', *, *, #291, .T. ) ;
#1480 = CARTESIAN_POINT ( 'NONE',  ( -1.181102362204724310, 0.000000000000000000, 0.5511811023622047445 ) ) ;
#1481 = DIRECTION ( 'NONE',  ( 1.000000000000000000, 0.000000000000000000, 0.000000000000000000 ) ) ;
#1482 = VECTOR ( 'NONE', #1089, 39.37007874015748143 ) ;
#1483 = EDGE_CURVE ( 'NONE', #1759, #1204, #1978, .T. ) ;
#1484 = CARTESIAN_POINT ( 'NONE',  ( 0.000000000000000000, 0.000000000000000000, 0.000000000000000000 ) ) ;
#1485 = VECTOR ( 'NONE', #1728, 39.37007874015748143 ) ;
#1486 = LINE ( 'NONE', #2195, #164 ) ;
#1487 = VECTOR ( 'NONE', #2533, 39.37007874015748143 ) ;
#1488 = EDGE_CURVE ( 'NONE', #1623, #367, #3002, .T. ) ;
#1489 = DIRECTION ( 'NONE',  ( -0.000000000000000000, -0.000000000000000000, 1.000000000000000000 ) ) ;
#1490 = VECTOR ( 'NONE', #875, 39.37007874015748143 ) ;
#1491 = DIRECTION ( 'NONE',  ( -1.000000000000000000, 0.000000000000000000, 0.000000000000000000 ) ) ;
#1492 = ORIENTED_EDGE ( 'NONE', *, *, #952, .F. ) ;
#1493 = VECTOR ( 'NONE', #620, 39.37007874015748143 ) ;
#1494 = ORIENTED_EDGE ( 'NONE', *, *, #611, .T. ) ;
#1495 = CARTESIAN_POINT ( 'NONE',  ( 1.181102362204724310, 0.000000000000000000, 0.000000000000000000 ) ) ;
#1496 = DIRECTION ( 'NONE',  ( 1.000000000000000000, -0.000000000000000000, 0.000000000000000000 ) ) ;
#1497 = PLANE ( 'NONE',  #209 ) ;
#1498 = VERTEX_POINT ( 'NONE', #2459 ) ;
#1499 = DIRECTION ( 'NONE',  ( -0.000000000000000000, -1.000000000000000000, -0.000000000000000000 ) ) ;
#1500 = DIRECTION ( 'NONE',  ( -1.000000000000000000, 0.000000000000000000, 0.000000000000000000 ) ) ;
#1501 = CARTESIAN_POINT ( 'NONE',  ( -1.299212598425196985, 4.763779527559055538, 0.5511811023622047445 ) ) ;
#1502 = EDGE_CURVE ( 'NONE', #2550, #2784, #2436, .T. ) ;
#1503 = DIRECTION ( 'NONE',  ( 0.000000000000000000, -0.000000000000000000, -1.000000000000000000 ) ) ;
#1504 = VECTOR ( 'NONE', #357, 39.37007874015748143 ) ;
#1505 = ORIENTED_EDGE ( 'NONE', *, *, #663, .F. ) ;
#1506 = SECURITY_CLASSIFICATION ( '', '', #349 ) ;
#1507 = ORIENTED_EDGE ( 'NONE', *, *, #2338, .F. ) ;
#1508 = LINE ( 'NONE', #2946, #1996 ) ;
#1509 = LINE ( 'NONE', #47, #1837 ) ;
#1510 = DIRECTION ( 'NONE',  ( -0.000000000000000000, -1.000000000000000000, -0.000000000000000000 ) ) ;
#1511 = VERTEX_POINT ( 'NONE', #2694 ) ;
#1512 = LINE ( 'NONE', #1464, #1846 ) ;
#1513 = EDGE_CURVE ( 'NONE', #486, #2530, #2216, .T. ) ;
#1514 = CARTESIAN_POINT ( 'NONE',  ( -1.181102362204724310, 1.732283464566929165, 0.5511811023622047445 ) ) ;
#1515 = CARTESIAN_POINT ( 'NONE',  ( -1.299212598425196985, 2.165354330708661568, 0.5511811023622047445 ) ) ;
#1516 = ADVANCED_FACE ( 'NONE', ( #29 ), #517, .F. ) ;
#1517 = EDGE_CURVE ( 'NONE', #1271, #1937, #42, .T. ) ;
#1518 = CARTESIAN_POINT ( 'NONE',  ( -1.181102362204724310, 1.299212598425196985, 0.000000000000000000 ) ) ;
#1519 = ORIENTED_EDGE ( 'NONE', *, *, #1466, .T. ) ;
#1520 = ORIENTED_EDGE ( 'NONE', *, *, #1550, .T. ) ;
#1521 = EDGE_CURVE ( 'NONE', #115, #725, #3139, .T. ) ;
#1522 = DIRECTION ( 'NONE',  ( -0.000000000000000000, -1.000000000000000000, -0.000000000000000000 ) ) ;
#1523 = LINE ( 'NONE', #1703, #972 ) ;
#1524 = DIRECTION ( 'NONE',  ( -1.000000000000000000, 0.000000000000000000, 0.000000000000000000 ) ) ;
#1525 = ORIENTED_EDGE ( 'NONE', *, *, #2859, .T. ) ;
#1526 = DIRECTION ( 'NONE',  ( 0.000000000000000000, 0.000000000000000000, 1.000000000000000000 ) ) ;
#1527 = ORIENTED_EDGE ( 'NONE', *, *, #1934, .T. ) ;
#1528 = LINE ( 'NONE', #1991, #825 ) ;
#1529 = VECTOR ( 'NONE', #2874, 39.37007874015748143 ) ;
#1530 = VECTOR ( 'NONE', #399, 39.37007874015748143 ) ;
#1531 = PLANE ( 'NONE',  #2143 ) ;
#1532 = VECTOR ( 'NONE', #496, 39.37007874015748143 ) ;
#1533 = EDGE_CURVE ( 'NONE', #2504, #993, #2200, .T. ) ;
#1534 = ORIENTED_EDGE ( 'NONE', *, *, #2737, .T. ) ;
#1535 = ORIENTED_EDGE ( 'NONE', *, *, #2297, .F. ) ;
#1536 = LINE ( 'NONE', #581, #1238 ) ;
#1537 = AXIS2_PLACEMENT_3D ( 'NONE', #2358, #184, #2580 ) ;
#1538 = CARTESIAN_POINT ( 'NONE',  ( -1.181102362204724310, 0.000000000000000000, 0.5511811023622047445 ) ) ;
#1539 = FACE_OUTER_BOUND ( 'NONE', #1338, .T. ) ;
#1540 = AXIS2_PLACEMENT_3D ( 'NONE', #2497, #735, #2242 ) ;
#1541 = ORIENTED_EDGE ( 'NONE', *, *, #2691, .F. ) ;
#1542 = VECTOR ( 'NONE', #495, 39.37007874015748143 ) ;
#1543 = CARTESIAN_POINT ( 'NONE',  ( -1.181102362204724310, 4.527559055118110187, 0.5511811023622047445 ) ) ;
#1544 = ADVANCED_FACE ( 'NONE', ( #575 ), #2663, .F. ) ;
#1545 = PERSON_AND_ORGANIZATION_ROLE ( 'creator' ) ;
#1546 = VERTEX_POINT ( 'NONE', #1928 ) ;
#1547 = CARTESIAN_POINT ( 'NONE',  ( -0.9448818897637796255, 3.897637795275590733, 0.5511811023622047445 ) ) ;
#1548 = DIRECTION ( 'NONE',  ( 0.000000000000000000, 0.000000000000000000, 1.000000000000000000 ) ) ;
#1549 = CARTESIAN_POINT ( 'NONE',  ( -1.299212598425196985, 1.496062992125984259, 0.000000000000000000 ) ) ;
#1550 = EDGE_CURVE ( 'NONE', #2379, #1651, #1305, .T. ) ;
#1551 = ORIENTED_EDGE ( 'NONE', *, *, #1517, .F. ) ;
#1552 = LINE ( 'NONE', #104, #2402 ) ;
#1553 = CARTESIAN_POINT ( 'NONE',  ( 0.9448818897637796255, 4.330708661417323135, 0.5511811023622047445 ) ) ;
#1554 = DIRECTION ( 'NONE',  ( 0.000000000000000000, -0.000000000000000000, -1.000000000000000000 ) ) ;
#1555 = APPROVAL_PERSON_ORGANIZATION ( #617, #27, #2560 ) ;
#1556 = ORIENTED_EDGE ( 'NONE', *, *, #2992, .T. ) ;
#1557 = EDGE_CURVE ( 'NONE', #2302, #560, #97, .T. ) ;
#1558 = PLANE ( 'NONE',  #2336 ) ;
#1559 = EDGE_CURVE ( 'NONE', #1411, #2951, #2768, .T. ) ;
#1560 = COORDINATED_UNIVERSAL_TIME_OFFSET ( 8, 0, .BEHIND. ) ;
#1561 = VERTEX_POINT ( 'NONE', #230 ) ;
#1562 = FACE_OUTER_BOUND ( 'NONE', #1598, .T. ) ;
#1563 = DIRECTION ( 'NONE',  ( 0.000000000000000000, -0.000000000000000000, -1.000000000000000000 ) ) ;
#1564 = CARTESIAN_POINT ( 'NONE',  ( -1.181102362204724310, 4.330708661417323135, 0.5511811023622047445 ) ) ;
#1565 = ORIENTED_EDGE ( 'NONE', *, *, #102, .F. ) ;
#1566 = ORIENTED_EDGE ( 'NONE', *, *, #393, .T. ) ;
#1567 = CARTESIAN_POINT ( 'NONE',  ( 1.299212598425196985, 3.228346456692913424, 0.000000000000000000 ) ) ;
#1568 = DIRECTION ( 'NONE',  ( 0.000000000000000000, 0.000000000000000000, -1.000000000000000000 ) ) ;
#1569 = DIRECTION ( 'NONE',  ( 0.000000000000000000, 0.000000000000000000, -1.000000000000000000 ) ) ;
#1570 = DIRECTION ( 'NONE',  ( -1.000000000000000000, 0.000000000000000000, 0.000000000000000000 ) ) ;
#1571 = VERTEX_POINT ( 'NONE', #1196 ) ;
#1572 = DIRECTION ( 'NONE',  ( -0.000000000000000000, -1.000000000000000000, -0.000000000000000000 ) ) ;
#1573 = VERTEX_POINT ( 'NONE', #2167 ) ;
#1574 = VERTEX_POINT ( 'NONE', #2891 ) ;
#1575 = LINE ( 'NONE', #828, #2044 ) ;
#1576 = ORIENTED_EDGE ( 'NONE', *, *, #2375, .F. ) ;
#1577 = VECTOR ( 'NONE', #2906, 39.37007874015748143 ) ;
#1578 = CARTESIAN_POINT ( 'NONE',  ( 1.299212598425196985, 2.165354330708661568, 0.000000000000000000 ) ) ;
#1579 = VECTOR ( 'NONE', #1253, 39.37007874015748143 ) ;
#1580 = ORIENTED_EDGE ( 'NONE', *, *, #2024, .T. ) ;
#1581 = ORIENTED_EDGE ( 'NONE', *, *, #2691, .T. ) ;
#1582 = FACE_OUTER_BOUND ( 'NONE', #1061, .T. ) ;
#1583 = EDGE_CURVE ( 'NONE', #645, #1398, #723, .T. ) ;
#1584 = FACE_OUTER_BOUND ( 'NONE', #2526, .T. ) ;
#1585 = VECTOR ( 'NONE', #1260, 39.37007874015748143 ) ;
#1586 = DIRECTION ( 'NONE',  ( 1.000000000000000000, -0.000000000000000000, 0.000000000000000000 ) ) ;
#1587 = PLANE ( 'NONE',  #2646 ) ;
#1588 = AXIS2_PLACEMENT_3D ( 'NONE', #2469, #54, #281 ) ;
#1589 = ORIENTED_EDGE ( 'NONE', *, *, #952, .T. ) ;
#1590 = LINE ( 'NONE', #840, #1121 ) ;
#1591 = AXIS2_PLACEMENT_3D ( 'NONE', #2639, #1674, #468 ) ;
#1592 = EDGE_CURVE ( 'NONE', #2078, #1870, #1315, .T. ) ;
#1593 = VERTEX_POINT ( 'NONE', #2971 ) ;
#1594 = VECTOR ( 'NONE', #1681, 39.37007874015748143 ) ;
#1595 = PERSON_AND_ORGANIZATION_ROLE ( 'design_supplier' ) ;
#1596 = ORIENTED_EDGE ( 'NONE', *, *, #2571, .F. ) ;
#1597 = CARTESIAN_POINT ( 'NONE',  ( -0.9448818897637796255, 1.496062992125984259, 0.000000000000000000 ) ) ;
#1598 = EDGE_LOOP ( 'NONE', ( #2601, #1141, #2508, #484 ) ) ;
#1599 = LINE ( 'NONE', #2798, #2245 ) ;
#1600 = EDGE_CURVE ( 'NONE', #176, #780, #633, .T. ) ;
#1601 = ORIENTED_EDGE ( 'NONE', *, *, #2587, .T. ) ;
#1602 = LINE ( 'NONE', #2785, #333 ) ;
#1603 = LINE ( 'NONE', #2106, #2449 ) ;
#1604 = CARTESIAN_POINT ( 'NONE',  ( 1.299212598425196985, 2.362204724409448620, 0.000000000000000000 ) ) ;
#1605 = DIRECTION ( 'NONE',  ( 0.000000000000000000, -1.000000000000000000, 0.000000000000000000 ) ) ;
#1606 = EDGE_CURVE ( 'NONE', #1845, #1429, #1836, .T. ) ;
#1607 = ORIENTED_EDGE ( 'NONE', *, *, #1361, .T. ) ;
#1608 = LINE ( 'NONE', #2095, #2591 ) ;
#1609 = CC_DESIGN_APPROVAL ( #1382, ( #1945 ) ) ;
#1610 = ORIENTED_EDGE ( 'NONE', *, *, #1840, .T. ) ;
#1611 = LOCAL_TIME ( 16, 16, 7.000000000000000000, #2018 ) ;
#1612 = EDGE_CURVE ( 'NONE', #187, #298, #608, .T. ) ;
#1613 = ORIENTED_EDGE ( 'NONE', *, *, #1924, .T. ) ;
#1614 = CARTESIAN_POINT ( 'NONE',  ( -1.181102362204724310, 4.330708661417323135, 0.5511811023622047445 ) ) ;
#1615 = LINE ( 'NONE', #160, #217 ) ;
#1616 = LINE ( 'NONE', #1852, #1145 ) ;
#1617 = ADVANCED_FACE ( 'NONE', ( #1584 ), #2088, .F. ) ;
#1618 = PLANE ( 'NONE',  #368 ) ;
#1619 = CARTESIAN_POINT ( 'NONE',  ( 0.000000000000000000, 0.000000000000000000, 0.000000000000000000 ) ) ;
#1620 = DIRECTION ( 'NONE',  ( 0.000000000000000000, 1.000000000000000000, 0.000000000000000000 ) ) ;
#1621 = EDGE_CURVE ( 'NONE', #2184, #1656, #1853, .T. ) ;
#1622 = ORIENTED_EDGE ( 'NONE', *, *, #195, .F. ) ;
#1623 = VERTEX_POINT ( 'NONE', #134 ) ;
#1624 = CARTESIAN_POINT ( 'NONE',  ( 0.9448818897637796255, 4.330708661417323135, 0.000000000000000000 ) ) ;
#1625 = CARTESIAN_POINT ( 'NONE',  ( 1.496062992125984259, 0.4724409448818898127, 0.8661417322834645827 ) ) ;
#1626 = ORIENTED_EDGE ( 'NONE', *, *, #2671, .F. ) ;
#1627 = CARTESIAN_POINT ( 'NONE',  ( -1.299212598425196985, 4.960629921259842590, 0.000000000000000000 ) ) ;
#1628 = DIRECTION ( 'NONE',  ( 1.000000000000000000, 0.000000000000000000, 0.000000000000000000 ) ) ;
#1629 = CARTESIAN_POINT ( 'NONE',  ( 1.299212598425196985, 3.661417322834645827, 0.000000000000000000 ) ) ;
#1630 = CARTESIAN_POINT ( 'NONE',  ( -1.181102362204724310, 2.362204724409448620, 0.5511811023622047445 ) ) ;
#1631 = DIRECTION ( 'NONE',  ( -0.000000000000000000, -0.000000000000000000, 1.000000000000000000 ) ) ;
#1632 = VECTOR ( 'NONE', #1750, 39.37007874015748143 ) ;
#1633 = ORIENTED_EDGE ( 'NONE', *, *, #1175, .T. ) ;
#1634 = ORIENTED_EDGE ( 'NONE', *, *, #1660, .T. ) ;
#1635 = AXIS2_PLACEMENT_3D ( 'NONE', #2682, #2488, #1265 ) ;
#1636 = PLANE ( 'NONE',  #364 ) ;
#1637 = VECTOR ( 'NONE', #2371, 39.37007874015748143 ) ;
#1638 = VERTEX_POINT ( 'NONE', #2312 ) ;
#1639 = EDGE_LOOP ( 'NONE', ( #3133, #1080, #1915, #740 ) ) ;
#1640 = VECTOR ( 'NONE', #1131, 39.37007874015748143 ) ;
#1641 = DIRECTION ( 'NONE',  ( 0.000000000000000000, -1.000000000000000000, 0.000000000000000000 ) ) ;
#1642 = DIRECTION ( 'NONE',  ( 0.000000000000000000, 1.000000000000000000, 0.000000000000000000 ) ) ;
#1643 = EDGE_CURVE ( 'NONE', #1820, #966, #2803, .T. ) ;
#1644 = VECTOR ( 'NONE', #1925, 39.37007874015748143 ) ;
#1645 = LINE ( 'NONE', #1910, #1334 ) ;
#1646 = AXIS2_PLACEMENT_3D ( 'NONE', #1629, #121, #2595 ) ;
#1647 = EDGE_CURVE ( 'NONE', #1473, #1842, #1357, .T. ) ;
#1648 = DIRECTION ( 'NONE',  ( -0.000000000000000000, -1.000000000000000000, -0.000000000000000000 ) ) ;
#1649 = DIRECTION ( 'NONE',  ( -0.000000000000000000, -0.000000000000000000, 1.000000000000000000 ) ) ;
#1650 = LINE ( 'NONE', #1406, #366 ) ;
#1651 = VERTEX_POINT ( 'NONE', #641 ) ;
#1652 = EDGE_LOOP ( 'NONE', ( #120, #2776, #103, #2622 ) ) ;
#1653 = DIRECTION ( 'NONE',  ( 0.000000000000000000, 1.000000000000000000, 0.000000000000000000 ) ) ;
#1654 = ORIENTED_EDGE ( 'NONE', *, *, #797, .T. ) ;
#1655 = EDGE_CURVE ( 'NONE', #205, #2731, #1603, .T. ) ;
#1656 = VERTEX_POINT ( 'NONE', #2567 ) ;
#1657 =( GEOMETRIC_REPRESENTATION_CONTEXT ( 3 ) GLOBAL_UNCERTAINTY_ASSIGNED_CONTEXT ( ( #640 ) ) GLOBAL_UNIT_ASSIGNED_CONTEXT ( ( #1941, #783, #671 ) ) REPRESENTATION_CONTEXT ( 'NONE', 'WORKASPACE' ) );
#1658 = DIRECTION ( 'NONE',  ( -1.000000000000000000, 0.000000000000000000, 0.000000000000000000 ) ) ;
#1659 = CARTESIAN_POINT ( 'NONE',  ( -0.9448818897637796255, 3.228346456692913424, 0.000000000000000000 ) ) ;
#1660 = EDGE_CURVE ( 'NONE', #224, #2183, #394, .T. ) ;
#1661 = FACE_OUTER_BOUND ( 'NONE', #348, .T. ) ;
#1662 = CARTESIAN_POINT ( 'NONE',  ( -0.9448818897637796255, 5.393700787401574992, 0.000000000000000000 ) ) ;
#1663 = DIRECTION ( 'NONE',  ( 0.000000000000000000, 0.000000000000000000, -1.000000000000000000 ) ) ;
#1664 = DIRECTION ( 'NONE',  ( 1.000000000000000000, 0.000000000000000000, 0.000000000000000000 ) ) ;
#1665 = VERTEX_POINT ( 'NONE', #1115 ) ;
#1666 = ORIENTED_EDGE ( 'NONE', *, *, #2030, .F. ) ;
#1667 = DIRECTION ( 'NONE',  ( -0.000000000000000000, -0.000000000000000000, 1.000000000000000000 ) ) ;
#1668 = DIRECTION ( 'NONE',  ( 0.000000000000000000, 0.000000000000000000, 1.000000000000000000 ) ) ;
#1669 = LINE ( 'NONE', #680, #1834 ) ;
#1670 = ORIENTED_EDGE ( 'NONE', *, *, #137, .T. ) ;
#1671 = EDGE_LOOP ( 'NONE', ( #707, #408, #850, #1760 ) ) ;
#1672 = LINE ( 'NONE', #2367, #529 ) ;
#1673 = CARTESIAN_POINT ( 'NONE',  ( -0.9448818897637796255, 2.795275590551181022, 0.000000000000000000 ) ) ;
#1674 = DIRECTION ( 'NONE',  ( -1.000000000000000000, 0.000000000000000000, 0.000000000000000000 ) ) ;
#1675 = LINE ( 'NONE', #958, #776 ) ;
#1676 = LINE ( 'NONE', #2134, #67 ) ;
#1677 = CARTESIAN_POINT ( 'NONE',  ( -1.299212598425196985, 4.094488188976377785, 0.000000000000000000 ) ) ;
#1678 = VERTEX_POINT ( 'NONE', #424 ) ;
#1679 = ADVANCED_FACE ( 'NONE', ( #881 ), #1618, .F. ) ;
#1680 = VERTEX_POINT ( 'NONE', #1134 ) ;
#1681 = DIRECTION ( 'NONE',  ( 0.000000000000000000, 1.000000000000000000, 0.000000000000000000 ) ) ;
#1682 = CARTESIAN_POINT ( 'NONE',  ( 1.181102362204724310, 0.000000000000000000, 0.5511811023622047445 ) ) ;
#1683 = VECTOR ( 'NONE', #329, 39.37007874015748143 ) ;
#1684 = ORIENTED_EDGE ( 'NONE', *, *, #1965, .T. ) ;
#1685 = ORIENTED_EDGE ( 'NONE', *, *, #487, .F. ) ;
#1686 = FACE_OUTER_BOUND ( 'NONE', #2772, .T. ) ;
#1687 = EDGE_CURVE ( 'NONE', #1473, #2408, #835, .T. ) ;
#1688 = DIRECTION ( 'NONE',  ( -1.000000000000000000, 0.000000000000000000, 0.000000000000000000 ) ) ;
#1689 = VECTOR ( 'NONE', #2899, 39.37007874015748143 ) ;
#1690 = AXIS2_PLACEMENT_3D ( 'NONE', #2676, #1470, #442 ) ;
#1691 = DIRECTION ( 'NONE',  ( 0.000000000000000000, 0.000000000000000000, 1.000000000000000000 ) ) ;
#1692 = PLANE ( 'NONE',  #116 ) ;
#1693 = VECTOR ( 'NONE', #2755, 39.37007874015748143 ) ;
#1694 = AXIS2_PLACEMENT_3D ( 'NONE', #890, #2589, #1385 ) ;
#1695 = ADVANCED_FACE ( 'NONE', ( #1866 ), #2830, .F. ) ;
#1696 = ADVANCED_FACE ( 'NONE', ( #2357 ), #183, .F. ) ;
#1697 = LINE ( 'NONE', #229, #2289 ) ;
#1698 = CARTESIAN_POINT ( 'NONE',  ( 1.181102362204724310, 0.000000000000000000, 0.000000000000000000 ) ) ;
#1699 = LINE ( 'NONE', #676, #211 ) ;
#1700 = ORIENTED_EDGE ( 'NONE', *, *, #1790, .F. ) ;
#1701 = VERTEX_POINT ( 'NONE', #359 ) ;
#1702 = CARTESIAN_POINT ( 'NONE',  ( 1.496062992125984259, 0.000000000000000000, 0.8661417322834645827 ) ) ;
#1703 = CARTESIAN_POINT ( 'NONE',  ( -1.181102362204724310, 2.598425196850393970, 0.5511811023622047445 ) ) ;
#1704 = EDGE_CURVE ( 'NONE', #1788, #937, #1327, .T. ) ;
#1705 = LINE ( 'NONE', #2602, #1066 ) ;
#1706 = ORIENTED_EDGE ( 'NONE', *, *, #3019, .F. ) ;
#1707 = ORIENTED_EDGE ( 'NONE', *, *, #238, .T. ) ;
#1708 = FACE_OUTER_BOUND ( 'NONE', #255, .T. ) ;
#1709 = EDGE_CURVE ( 'NONE', #205, #1546, #1898, .T. ) ;
#1710 = DIRECTION ( 'NONE',  ( -1.000000000000000000, -0.000000000000000000, -0.000000000000000000 ) ) ;
#1711 = LINE ( 'NONE', #503, #2597 ) ;
#1712 = DIRECTION ( 'NONE',  ( -1.000000000000000000, 0.000000000000000000, 0.000000000000000000 ) ) ;
#1713 = VERTEX_POINT ( 'NONE', #2877 ) ;
#1714 = ORIENTED_EDGE ( 'NONE', *, *, #2905, .F. ) ;
#1715 = DIRECTION ( 'NONE',  ( 0.000000000000000000, -0.000000000000000000, 1.000000000000000000 ) ) ;
#1716 = LINE ( 'NONE', #1968, #1939 ) ;
#1717 = DIRECTION ( 'NONE',  ( 0.000000000000000000, 1.000000000000000000, 0.000000000000000000 ) ) ;
#1718 = EDGE_CURVE ( 'NONE', #795, #678, #2862, .T. ) ;
#1719 = ORIENTED_EDGE ( 'NONE', *, *, #1521, .F. ) ;
#1720 = VERTEX_POINT ( 'NONE', #2422 ) ;
#1721 = CARTESIAN_POINT ( 'NONE',  ( -1.299212598425196985, 1.732283464566929165, 0.000000000000000000 ) ) ;
#1722 = DIRECTION ( 'NONE',  ( 0.000000000000000000, 0.000000000000000000, -1.000000000000000000 ) ) ;
#1723 = CARTESIAN_POINT ( 'NONE',  ( 1.299212598425196985, 2.165354330708661568, 0.5511811023622047445 ) ) ;
#1724 = DIRECTION ( 'NONE',  ( 0.000000000000000000, 0.000000000000000000, 1.000000000000000000 ) ) ;
#1725 = ORIENTED_EDGE ( 'NONE', *, *, #243, .F. ) ;
#1726 = ORIENTED_EDGE ( 'NONE', *, *, #1268, .F. ) ;
#1727 = PLANE ( 'NONE',  #2198 ) ;
#1728 = DIRECTION ( 'NONE',  ( 0.000000000000000000, 1.000000000000000000, 0.000000000000000000 ) ) ;
#1729 = DIRECTION ( 'NONE',  ( -1.000000000000000000, 0.000000000000000000, 0.000000000000000000 ) ) ;
#1730 = ORIENTED_EDGE ( 'NONE', *, *, #1264, .F. ) ;
#1731 = VECTOR ( 'NONE', #2937, 39.37007874015748143 ) ;
#1732 = ORIENTED_EDGE ( 'NONE', *, *, #816, .T. ) ;
#1733 = EDGE_CURVE ( 'NONE', #1429, #1829, #2612, .T. ) ;
#1734 = CARTESIAN_POINT ( 'NONE',  ( -1.496062992125984259, 0.000000000000000000, 0.000000000000000000 ) ) ;
#1735 = VECTOR ( 'NONE', #1919, 39.37007874015748143 ) ;
#1736 = LINE ( 'NONE', #543, #3128 ) ;
#1737 = VECTOR ( 'NONE', #2717, 39.37007874015748143 ) ;
#1738 = PLANE ( 'NONE',  #926 ) ;
#1739 = EDGE_CURVE ( 'NONE', #1593, #612, #490, .T. ) ;
#1740 = VECTOR ( 'NONE', #1343, 39.37007874015748143 ) ;
#1741 = CARTESIAN_POINT ( 'NONE',  ( 1.299212598425196985, 4.094488188976377785, 0.000000000000000000 ) ) ;
#1742 = AXIS2_PLACEMENT_3D ( 'NONE', #2305, #2529, #877 ) ;
#1743 = FACE_OUTER_BOUND ( 'NONE', #708, .T. ) ;
#1744 = ORIENTED_EDGE ( 'NONE', *, *, #3117, .F. ) ;
#1745 = VECTOR ( 'NONE', #2608, 39.37007874015748143 ) ;
#1746 = ORIENTED_EDGE ( 'NONE', *, *, #441, .T. ) ;
#1747 = DIRECTION ( 'NONE',  ( 1.000000000000000000, 0.000000000000000000, 0.000000000000000000 ) ) ;
#1748 = EDGE_CURVE ( 'NONE', #1665, #1858, #973, .T. ) ;
#1749 = CARTESIAN_POINT ( 'NONE',  ( -1.181102362204724310, 0.000000000000000000, 0.000000000000000000 ) ) ;
#1750 = DIRECTION ( 'NONE',  ( -0.000000000000000000, -0.000000000000000000, 1.000000000000000000 ) ) ;
#1751 = EDGE_LOOP ( 'NONE', ( #1100, #346, #2820, #2344, #1525, #1746, #862, #2759, #860, #3085, #240, #535, #2247, #1171, #216, #1730, #2648, #873, #2851, #12, #1440, #2551, #1876, #932, #1654, #2703, #1126, #1375, #889, #2522, #1024, #2162, #1732, #2477, #510, #1787, #2825, #2679, #2057, #1726, #431, #844, #1164, #618, #2424, #713, #1120, #2739, #801, #2604, #1096, #520, #2988, #1936, #2704, #2635, #2472, #1666, #1814, #1300, #499, #250, #904, #2872, #755, #2766, #3127, #2727, #2100, #1551, #2261, #320, #1109, #2920, #93, #218, #125, #2977, #1949, #1566, #445, #1408, #1905, #2715, #2865, #2655, #2034, #2935, #376, #2144, #2615, #492 ) ) ;
#1752 = CARTESIAN_POINT ( 'NONE',  ( -0.9448818897637796255, 4.960629921259842590, 0.000000000000000000 ) ) ;
#1753 = EDGE_CURVE ( 'NONE', #138, #2418, #1675, .T. ) ;
#1754 = CARTESIAN_POINT ( 'NONE',  ( 0.9448818897637796255, 4.527559055118110187, 0.000000000000000000 ) ) ;
#1755 = DIRECTION ( 'NONE',  ( 1.000000000000000000, -0.000000000000000000, -0.000000000000000000 ) ) ;
#1756 = LINE ( 'NONE', #989, #1892 ) ;
#1757 = EDGE_CURVE ( 'NONE', #1593, #2885, #1210, .T. ) ;
#1758 = CARTESIAN_POINT ( 'NONE',  ( 1.181102362204724310, 0.000000000000000000, 0.5511811023622047445 ) ) ;
#1759 = VERTEX_POINT ( 'NONE', #2166 ) ;
#1760 = ORIENTED_EDGE ( 'NONE', *, *, #2220, .T. ) ;
#1761 = DIRECTION ( 'NONE',  ( 1.000000000000000000, 0.000000000000000000, 0.000000000000000000 ) ) ;
#1762 = EDGE_CURVE ( 'NONE', #3039, #841, #2386, .T. ) ;
#1763 = CARTESIAN_POINT ( 'NONE',  ( 1.299212598425196985, 1.299212598425196985, 0.000000000000000000 ) ) ;
#1764 = LINE ( 'NONE', #2965, #158 ) ;
#1765 = ORIENTED_EDGE ( 'NONE', *, *, #331, .T. ) ;
#1766 = LINE ( 'NONE', #2448, #2132 ) ;
#1767 = ORIENTED_EDGE ( 'NONE', *, *, #65, .T. ) ;
#1768 = DIRECTION ( 'NONE',  ( -0.000000000000000000, -1.000000000000000000, -0.000000000000000000 ) ) ;
#1769 = LINE ( 'NONE', #2260, #527 ) ;
#1770 = ORIENTED_EDGE ( 'NONE', *, *, #3064, .F. ) ;
#1771 = VERTEX_POINT ( 'NONE', #1437 ) ;
#1772 = CARTESIAN_POINT ( 'NONE',  ( 1.181102362204724310, 0.000000000000000000, 0.5511811023622047445 ) ) ;
#1773 = PLANE ( 'NONE',  #2193 ) ;
#1774 = DIRECTION ( 'NONE',  ( 0.000000000000000000, 0.000000000000000000, 1.000000000000000000 ) ) ;
#1775 = ADVANCED_FACE ( 'NONE', ( #3105 ), #1927, .F. ) ;
#1776 = ORIENTED_EDGE ( 'NONE', *, *, #3101, .T. ) ;
#1777 = LINE ( 'NONE', #2467, #2790 ) ;
#1778 = AXIS2_PLACEMENT_3D ( 'NONE', #2017, #1004, #2225 ) ;
#1779 = ADVANCED_FACE ( 'NONE', ( #721 ), #196, .F. ) ;
#1780 = ORIENTED_EDGE ( 'NONE', *, *, #299, .T. ) ;
#1781 = CARTESIAN_POINT ( 'NONE',  ( -1.181102362204724310, 0.000000000000000000, 0.5511811023622047445 ) ) ;
#1782 = DIRECTION ( 'NONE',  ( 0.000000000000000000, 1.000000000000000000, 0.000000000000000000 ) ) ;
#1783 = VECTOR ( 'NONE', #1044, 39.37007874015748143 ) ;
#1784 = AXIS2_PLACEMENT_3D ( 'NONE', #1076, #2764, #2300 ) ;
#1785 = DIRECTION ( 'NONE',  ( -0.000000000000000000, -1.000000000000000000, -0.000000000000000000 ) ) ;
#1786 = VECTOR ( 'NONE', #2990, 39.37007874015748143 ) ;
#1787 = ORIENTED_EDGE ( 'NONE', *, *, #2310, .F. ) ;
#1788 = VERTEX_POINT ( 'NONE', #2133 ) ;
#1789 = PLANE ( 'NONE',  #1797 ) ;
#1790 = EDGE_CURVE ( 'NONE', #2731, #1858, #247, .T. ) ;
#1791 = AXIS2_PLACEMENT_3D ( 'NONE', #654, #1391, #3011 ) ;
#1792 = CARTESIAN_POINT ( 'NONE',  ( 1.181102362204724310, 3.228346456692913424, 0.000000000000000000 ) ) ;
#1793 = LINE ( 'NONE', #1359, #2389 ) ;
#1794 = VECTOR ( 'NONE', #3136, 39.37007874015748143 ) ;
#1795 = ORIENTED_EDGE ( 'NONE', *, *, #746, .T. ) ;
#1796 = EDGE_CURVE ( 'NONE', #612, #632, #1711, .T. ) ;
#1797 = AXIS2_PLACEMENT_3D ( 'NONE', #1251, #1761, #2728 ) ;
#1798 = CARTESIAN_POINT ( 'NONE',  ( -0.9448818897637796255, 4.527559055118110187, 0.5511811023622047445 ) ) ;
#1799 = ORIENTED_EDGE ( 'NONE', *, *, #374, .F. ) ;
#1800 = ORIENTED_EDGE ( 'NONE', *, *, #555, .T. ) ;
#1801 = DIRECTION ( 'NONE',  ( 0.000000000000000000, -0.000000000000000000, -1.000000000000000000 ) ) ;
#1802 = DIRECTION ( 'NONE',  ( 1.000000000000000000, -0.000000000000000000, -0.000000000000000000 ) ) ;
#1803 = EDGE_CURVE ( 'NONE', #2275, #44, #1697, .T. ) ;
#1804 = DIRECTION ( 'NONE',  ( -0.000000000000000000, -0.000000000000000000, -1.000000000000000000 ) ) ;
#1805 = ORIENTED_EDGE ( 'NONE', *, *, #2833, .T. ) ;
#1806 = ORIENTED_EDGE ( 'NONE', *, *, #331, .F. ) ;
#1807 = LINE ( 'NONE', #300, #168 ) ;
#1808 = DIRECTION ( 'NONE',  ( 0.000000000000000000, -1.000000000000000000, -0.000000000000000000 ) ) ;
#1809 = CARTESIAN_POINT ( 'NONE',  ( -0.9448818897637796255, 4.960629921259842590, 0.000000000000000000 ) ) ;
#1810 = LINE ( 'NONE', #136, #870 ) ;
#1811 = VERTEX_POINT ( 'NONE', #2435 ) ;
#1812 = CC_DESIGN_PERSON_AND_ORGANIZATION_ASSIGNMENT ( #1291, #2792, ( #1506 ) ) ;
#1813 = CARTESIAN_POINT ( 'NONE',  ( -0.9448818897637796255, 2.362204724409448620, 0.000000000000000000 ) ) ;
#1814 = ORIENTED_EDGE ( 'NONE', *, *, #2545, .T. ) ;
#1815 = LINE ( 'NONE', #157, #2050 ) ;
#1816 = ORIENTED_EDGE ( 'NONE', *, *, #1606, .F. ) ;
#1817 = ADVANCED_FACE ( 'NONE', ( #2662 ), #453, .F. ) ;
#1818 = CARTESIAN_POINT ( 'NONE',  ( 1.181102362204724310, 0.000000000000000000, 0.000000000000000000 ) ) ;
#1819 = VERTEX_POINT ( 'NONE', #1454 ) ;
#1820 = VERTEX_POINT ( 'NONE', #944 ) ;
#1821 = FACE_OUTER_BOUND ( 'NONE', #2584, .T. ) ;
#1822 = CARTESIAN_POINT ( 'NONE',  ( -1.299212598425196985, 4.330708661417323135, 0.000000000000000000 ) ) ;
#1823 = CARTESIAN_POINT ( 'NONE',  ( -1.181102362204724310, 1.062992125984252079, 0.5511811023622047445 ) ) ;
#1824 = DIRECTION ( 'NONE',  ( -0.000000000000000000, -1.000000000000000000, -0.000000000000000000 ) ) ;
#1825 = ORIENTED_EDGE ( 'NONE', *, *, #471, .T. ) ;
#1826 = CARTESIAN_POINT ( 'NONE',  ( 0.9448818897637796255, 1.732283464566929165, 0.5511811023622047445 ) ) ;
#1827 = ORIENTED_EDGE ( 'NONE', *, *, #2623, .T. ) ;
#1828 = EDGE_CURVE ( 'NONE', #3141, #1955, #2845, .T. ) ;
#1829 = VERTEX_POINT ( 'NONE', #1912 ) ;
#1830 = CARTESIAN_POINT ( 'NONE',  ( -1.299212598425196985, 3.661417322834645827, 0.000000000000000000 ) ) ;
#1831 = ORIENTED_EDGE ( 'NONE', *, *, #470, .F. ) ;
#1832 = EDGE_CURVE ( 'NONE', #2071, #780, #1880, .T. ) ;
#1833 = PLANE ( 'NONE',  #2802 ) ;
#1834 = VECTOR ( 'NONE', #1187, 39.37007874015748143 ) ;
#1835 = LINE ( 'NONE', #865, #2815 ) ;
#1836 = LINE ( 'NONE', #594, #1487 ) ;
#1837 = VECTOR ( 'NONE', #2251, 39.37007874015748143 ) ;
#1838 = CARTESIAN_POINT ( 'NONE',  ( -1.181102362204724310, 0.000000000000000000, 0.000000000000000000 ) ) ;
#1839 = CARTESIAN_POINT ( 'NONE',  ( 1.299212598425196985, 4.094488188976377785, 0.000000000000000000 ) ) ;
#1840 = EDGE_CURVE ( 'NONE', #115, #1678, #2926, .T. ) ;
#1841 = VECTOR ( 'NONE', #2677, 39.37007874015748143 ) ;
#1842 = VERTEX_POINT ( 'NONE', #545 ) ;
#1843 = CARTESIAN_POINT ( 'NONE',  ( -0.9448818897637796255, 2.362204724409448620, 0.000000000000000000 ) ) ;
#1844 = VECTOR ( 'NONE', #534, 39.37007874015748143 ) ;
#1845 = VERTEX_POINT ( 'NONE', #558 ) ;
#1846 = VECTOR ( 'NONE', #2235, 39.37007874015748143 ) ;
#1847 = ORIENTED_EDGE ( 'NONE', *, *, #204, .F. ) ;
#1848 = CARTESIAN_POINT ( 'NONE',  ( 1.181102362204724310, 5.196850393700787940, 0.000000000000000000 ) ) ;
#1849 = ADVANCED_FACE ( 'NONE', ( #2693 ), #2738, .F. ) ;
#1850 = CARTESIAN_POINT ( 'NONE',  ( -1.181102362204724310, 3.228346456692913424, 0.000000000000000000 ) ) ;
#1851 = ADVANCED_FACE ( 'NONE', ( #1007 ), #1531, .F. ) ;
#1852 = CARTESIAN_POINT ( 'NONE',  ( -0.9448818897637796255, 4.960629921259842590, 0.5511811023622047445 ) ) ;
#1853 = LINE ( 'NONE', #2061, #1740 ) ;
#1854 = DIRECTION ( 'NONE',  ( -1.000000000000000000, 0.000000000000000000, -0.000000000000000000 ) ) ;
#1855 = DIRECTION ( 'NONE',  ( -0.000000000000000000, -0.000000000000000000, -1.000000000000000000 ) ) ;
#1856 = ORIENTED_EDGE ( 'NONE', *, *, #807, .F. ) ;
#1857 = VECTOR ( 'NONE', #2337, 39.37007874015748143 ) ;
#1858 = VERTEX_POINT ( 'NONE', #786 ) ;
#1859 = CARTESIAN_POINT ( 'NONE',  ( -0.9448818897637796255, 3.031496062992125928, 0.000000000000000000 ) ) ;
#1860 = VERTEX_POINT ( 'NONE', #1518 ) ;
#1861 = EDGE_LOOP ( 'NONE', ( #2368, #119, #774, #3065 ) ) ;
#1862 = PLANE ( 'NONE',  #1694 ) ;
#1863 = ORIENTED_EDGE ( 'NONE', *, *, #2824, .T. ) ;
#1864 = PLANE ( 'NONE',  #1286 ) ;
#1865 = CARTESIAN_POINT ( 'NONE',  ( -0.9448818897637796255, 4.094488188976377785, 0.000000000000000000 ) ) ;
#1866 = FACE_OUTER_BOUND ( 'NONE', #592, .T. ) ;
#1867 = PLANE ( 'NONE',  #1074 ) ;
#1868 = CARTESIAN_POINT ( 'NONE',  ( 1.299212598425196985, 2.165354330708661568, 0.000000000000000000 ) ) ;
#1869 = ORIENTED_EDGE ( 'NONE', *, *, #941, .F. ) ;
#1870 = VERTEX_POINT ( 'NONE', #2986 ) ;
#1871 = EDGE_CURVE ( 'NONE', #1720, #1574, #262, .T. ) ;
#1872 = DIRECTION ( 'NONE',  ( 0.000000000000000000, -0.000000000000000000, 1.000000000000000000 ) ) ;
#1873 = ORIENTED_EDGE ( 'NONE', *, *, #2859, .F. ) ;
#1874 = ORIENTED_EDGE ( 'NONE', *, *, #2079, .F. ) ;
#1875 = CARTESIAN_POINT ( 'NONE',  ( 1.181102362204724310, 3.464566929133858331, 0.5511811023622047445 ) ) ;
#1876 = ORIENTED_EDGE ( 'NONE', *, *, #1600, .T. ) ;
#1877 = EDGE_CURVE ( 'NONE', #187, #3038, #323, .T. ) ;
#1878 = LINE ( 'NONE', #2624, #1644 ) ;
#1879 = LINE ( 'NONE', #1567, #1857 ) ;
#1880 = LINE ( 'NONE', #673, #113 ) ;
#1881 = DIRECTION ( 'NONE',  ( 0.000000000000000000, 0.000000000000000000, -1.000000000000000000 ) ) ;
#1882 = PLANE ( 'NONE',  #63 ) ;
#1883 = VECTOR ( 'NONE', #1664, 39.37007874015748143 ) ;
#1884 = ORIENTED_EDGE ( 'NONE', *, *, #3036, .F. ) ;
#1885 = EDGE_CURVE ( 'NONE', #1966, #951, #2007, .T. ) ;
#1886 = ORIENTED_EDGE ( 'NONE', *, *, #2642, .T. ) ;
#1887 = VECTOR ( 'NONE', #2506, 39.37007874015748143 ) ;
#1888 = PLANE ( 'NONE',  #59 ) ;
#1889 = VECTOR ( 'NONE', #1053, 39.37007874015748143 ) ;
#1890 = ORIENTED_EDGE ( 'NONE', *, *, #3094, .F. ) ;
#1891 = ORIENTED_EDGE ( 'NONE', *, *, #1718, .F. ) ;
#1892 = VECTOR ( 'NONE', #71, 39.37007874015748143 ) ;
#1893 = LINE ( 'NONE', #177, #576 ) ;
#1894 = PLANE ( 'NONE',  #1166 ) ;
#1895 = AXIS2_PLACEMENT_3D ( 'NONE', #2621, #1658, #650 ) ;
#1896 = EDGE_CURVE ( 'NONE', #1261, #2078, #812, .T. ) ;
#1897 = CARTESIAN_POINT ( 'NONE',  ( 1.181102362204724310, 3.661417322834645827, 0.5511811023622047445 ) ) ;
#1898 = LINE ( 'NONE', #2180, #1637 ) ;
#1899 = CARTESIAN_POINT ( 'NONE',  ( -0.9448818897637796255, 4.527559055118110187, 0.000000000000000000 ) ) ;
#1900 = DIRECTION ( 'NONE',  ( 1.000000000000000000, -0.000000000000000000, 0.000000000000000000 ) ) ;
#1901 = VERTEX_POINT ( 'NONE', #1020 ) ;
#1902 = ORIENTED_EDGE ( 'NONE', *, *, #1709, .F. ) ;
#1903 = DIRECTION ( 'NONE',  ( 0.000000000000000000, 1.000000000000000000, 0.000000000000000000 ) ) ;
#1904 = DIRECTION ( 'NONE',  ( 0.000000000000000000, -0.000000000000000000, 1.000000000000000000 ) ) ;
#1905 = ORIENTED_EDGE ( 'NONE', *, *, #145, .T. ) ;
#1906 = EDGE_LOOP ( 'NONE', ( #1421, #446, #1241, #2347 ) ) ;
#1907 = VECTOR ( 'NONE', #2908, 39.37007874015748143 ) ;
#1908 = CARTESIAN_POINT ( 'NONE',  ( -0.9448818897637796255, 1.496062992125984259, 0.5511811023622047445 ) ) ;
#1909 = FACE_OUTER_BOUND ( 'NONE', #1292, .T. ) ;
#1910 = CARTESIAN_POINT ( 'NONE',  ( 0.9448818897637796255, 4.330708661417323135, 0.000000000000000000 ) ) ;
#1911 = EDGE_CURVE ( 'NONE', #920, #2114, #1769, .T. ) ;
#1912 = CARTESIAN_POINT ( 'NONE',  ( -0.9448818897637796255, 4.763779527559055538, -0.000000000000000000 ) ) ;
#1913 = DIRECTION ( 'NONE',  ( 1.000000000000000000, 0.000000000000000000, 0.000000000000000000 ) ) ;
#1914 = LINE ( 'NONE', #3108, #1432 ) ;
#1915 = ORIENTED_EDGE ( 'NONE', *, *, #663, .T. ) ;
#1916 = VERTEX_POINT ( 'NONE', #1977 ) ;
#1917 = CARTESIAN_POINT ( 'NONE',  ( -0.9448818897637796255, 3.661417322834645827, 0.000000000000000000 ) ) ;
#1918 = EDGE_CURVE ( 'NONE', #2779, #683, #86, .T. ) ;
#1919 = DIRECTION ( 'NONE',  ( 1.000000000000000000, -0.000000000000000000, -0.000000000000000000 ) ) ;
#1920 = EDGE_LOOP ( 'NONE', ( #2987, #2680, #1719, #1831 ) ) ;
#1921 = ORIENTED_EDGE ( 'NONE', *, *, #2334, .T. ) ;
#1922 = LINE ( 'NONE', #1413, #2099 ) ;
#1923 = DIRECTION ( 'NONE',  ( 0.000000000000000000, -0.000000000000000000, 1.000000000000000000 ) ) ;
#1924 = EDGE_CURVE ( 'NONE', #756, #1014, #2941, .T. ) ;
#1925 = DIRECTION ( 'NONE',  ( -0.000000000000000000, -0.000000000000000000, 1.000000000000000000 ) ) ;
#1926 = EDGE_CURVE ( 'NONE', #920, #2960, #516, .T. ) ;
#1927 = PLANE ( 'NONE',  #1690 ) ;
#1928 = CARTESIAN_POINT ( 'NONE',  ( -0.9448818897637796255, 4.960629921259842590, 0.5511811023622047445 ) ) ;
#1929 = DIRECTION ( 'NONE',  ( 0.000000000000000000, 0.000000000000000000, -1.000000000000000000 ) ) ;
#1930 = ORIENTED_EDGE ( 'NONE', *, *, #2871, .T. ) ;
#1931 = ORIENTED_EDGE ( 'NONE', *, *, #700, .F. ) ;
#1932 = DIRECTION ( 'NONE',  ( -1.000000000000000000, 0.000000000000000000, 0.000000000000000000 ) ) ;
#1933 = DIRECTION ( 'NONE',  ( 0.000000000000000000, 0.000000000000000000, -1.000000000000000000 ) ) ;
#1934 = EDGE_CURVE ( 'NONE', #1829, #88, #28, .T. ) ;
#1935 = VECTOR ( 'NONE', #3030, 39.37007874015748143 ) ;
#1936 = ORIENTED_EDGE ( 'NONE', *, *, #2288, .F. ) ;
#1937 = VERTEX_POINT ( 'NONE', #578 ) ;
#1938 = CARTESIAN_POINT ( 'NONE',  ( 1.299212598425196985, 3.031496062992125928, 0.000000000000000000 ) ) ;
#1939 = VECTOR ( 'NONE', #2729, 39.37007874015748143 ) ;
#1940 = VECTOR ( 'NONE', #3026, 39.37007874015748143 ) ;
#1941 =( CONVERSION_BASED_UNIT ( 'INCH', #2003 ) LENGTH_UNIT ( ) NAMED_UNIT ( #909 ) );
#1942 = CARTESIAN_POINT ( 'NONE',  ( 0.9448818897637796255, 3.464566929133858331, 0.5511811023622047445 ) ) ;
#1943 = VECTOR ( 'NONE', #279, 39.37007874015748143 ) ;
#1944 = VECTOR ( 'NONE', #1056, 39.37007874015748143 ) ;
#1945 = PRODUCT_DEFINITION ( 'UNKNOWN', '', #637, #25 ) ;
#1946 = DIRECTION ( 'NONE',  ( 0.000000000000000000, 1.000000000000000000, 0.000000000000000000 ) ) ;
#1947 = CARTESIAN_POINT ( 'NONE',  ( 0.9448818897637796255, 3.228346456692913424, 0.000000000000000000 ) ) ;
#1948 = FACE_OUTER_BOUND ( 'NONE', #787, .T. ) ;
#1949 = ORIENTED_EDGE ( 'NONE', *, *, #1227, .T. ) ;
#1950 = VERTEX_POINT ( 'NONE', #1228 ) ;
#1951 = CARTESIAN_POINT ( 'NONE',  ( -0.9448818897637796255, 4.527559055118110187, 0.000000000000000000 ) ) ;
#1952 = DIRECTION ( 'NONE',  ( 1.000000000000000000, 0.000000000000000000, 0.000000000000000000 ) ) ;
#1953 = DIRECTION ( 'NONE',  ( 0.000000000000000000, 0.000000000000000000, 1.000000000000000000 ) ) ;
#1954 = ADVANCED_FACE ( 'NONE', ( #2199 ), #73, .F. ) ;
#1955 = VERTEX_POINT ( 'NONE', #1246 ) ;
#1956 = EDGE_LOOP ( 'NONE', ( #1314, #11, #87, #727 ) ) ;
#1957 = DIRECTION ( 'NONE',  ( -0.000000000000000000, -1.000000000000000000, -0.000000000000000000 ) ) ;
#1958 = VECTOR ( 'NONE', #2355, 39.37007874015748143 ) ;
#1959 = APPROVAL_STATUS ( 'not_yet_approved' ) ;
#1960 = CARTESIAN_POINT ( 'NONE',  ( 1.299212598425196985, 5.196850393700787940, 0.000000000000000000 ) ) ;
#1961 = DIRECTION ( 'NONE',  ( -0.000000000000000000, -0.000000000000000000, 1.000000000000000000 ) ) ;
#1962 = CARTESIAN_POINT ( 'NONE',  ( -0.9448818897637796255, 5.393700787401574992, 0.5511811023622047445 ) ) ;
#1963 = DIRECTION ( 'NONE',  ( 0.000000000000000000, 0.000000000000000000, -1.000000000000000000 ) ) ;
#1964 = ORIENTED_EDGE ( 'NONE', *, *, #647, .F. ) ;
#1965 = EDGE_CURVE ( 'NONE', #308, #356, #2215, .T. ) ;
#1966 = VERTEX_POINT ( 'NONE', #2724 ) ;
#1967 = PLANE ( 'NONE',  #23 ) ;
#1968 = CARTESIAN_POINT ( 'NONE',  ( -1.299212598425196985, 1.732283464566929165, 0.5511811023622047445 ) ) ;
#1969 = LINE ( 'NONE', #2949, #1222 ) ;
#1970 = VERTEX_POINT ( 'NONE', #41 ) ;
#1971 = ADVANCED_FACE ( 'NONE', ( #1259 ), #770, .F. ) ;
#1972 = ORIENTED_EDGE ( 'NONE', *, *, #2209, .F. ) ;
#1973 = LINE ( 'NONE', #530, #1374 ) ;
#1974 = DIRECTION ( 'NONE',  ( 1.000000000000000000, 0.000000000000000000, 0.000000000000000000 ) ) ;
#1975 = DIRECTION ( 'NONE',  ( 1.000000000000000000, -0.000000000000000000, -0.000000000000000000 ) ) ;
#1976 = EDGE_CURVE ( 'NONE', #1811, #1317, #2563, .T. ) ;
#1977 = CARTESIAN_POINT ( 'NONE',  ( -0.9448818897637796255, 5.393700787401574992, 0.000000000000000000 ) ) ;
#1978 = LINE ( 'NONE', #2942, #1026 ) ;
#1979 = ORIENTED_EDGE ( 'NONE', *, *, #2854, .T. ) ;
#1980 = ORIENTED_EDGE ( 'NONE', *, *, #1871, .T. ) ;
#1981 = FACE_OUTER_BOUND ( 'NONE', #2976, .T. ) ;
#1982 = PLANE ( 'NONE',  #2898 ) ;
#1983 = CARTESIAN_POINT ( 'NONE',  ( -1.181102362204724310, 4.527559055118110187, 0.5511811023622047445 ) ) ;
#1984 = EDGE_CURVE ( 'NONE', #2731, #1820, #1599, .T. ) ;
#1985 = ORIENTED_EDGE ( 'NONE', *, *, #1073, .F. ) ;
#1986 = VECTOR ( 'NONE', #2734, 39.37007874015748143 ) ;
#1987 = CARTESIAN_POINT ( 'NONE',  ( -1.181102362204724310, 2.598425196850393970, 0.5511811023622047445 ) ) ;
#1988 = VECTOR ( 'NONE', #596, 39.37007874015748143 ) ;
#1989 = LINE ( 'NONE', #1207, #2669 ) ;
#1990 = VECTOR ( 'NONE', #1378, 39.37007874015748143 ) ;
#1991 = CARTESIAN_POINT ( 'NONE',  ( 0.9448818897637796255, 1.929133858267716661, 0.000000000000000000 ) ) ;
#1992 = VECTOR ( 'NONE', #1785, 39.37007874015748143 ) ;
#1993 = CARTESIAN_POINT ( 'NONE',  ( 0.9448818897637796255, 1.496062992125984259, 0.000000000000000000 ) ) ;
#1994 = VECTOR ( 'NONE', #1293, 39.37007874015748143 ) ;
#1995 = EDGE_LOOP ( 'NONE', ( #2916, #1340, #2936, #2810 ) ) ;
#1996 = VECTOR ( 'NONE', #2263, 39.37007874015748143 ) ;
#1997 = ORIENTED_EDGE ( 'NONE', *, *, #1550, .F. ) ;
#1998 = DIRECTION ( 'NONE',  ( -0.000000000000000000, -0.000000000000000000, 1.000000000000000000 ) ) ;
#1999 = CARTESIAN_POINT ( 'NONE',  ( 0.9448818897637796255, 1.732283464566929165, 0.000000000000000000 ) ) ;
#2000 = LINE ( 'NONE', #79, #261 ) ;
#2001 = ORIENTED_EDGE ( 'NONE', *, *, #1424, .F. ) ;
#2002 = CARTESIAN_POINT ( 'NONE',  ( -1.181102362204724310, 1.496062992125984259, 0.5511811023622047445 ) ) ;
#2003 = LENGTH_MEASURE_WITH_UNIT ( LENGTH_MEASURE( 0.02539999999999999897 ), #2432 );
#2004 = ORIENTED_EDGE ( 'NONE', *, *, #228, .T. ) ;
#2005 = DIRECTION ( 'NONE',  ( -1.000000000000000000, 0.000000000000000000, 0.000000000000000000 ) ) ;
#2006 = EDGE_CURVE ( 'NONE', #2114, #1287, #2322, .T. ) ;
#2007 = LINE ( 'NONE', #1294, #524 ) ;
#2008 = VECTOR ( 'NONE', #1342, 39.37007874015748143 ) ;
#2009 = CARTESIAN_POINT ( 'NONE',  ( -0.9448818897637796255, 2.598425196850393970, 0.000000000000000000 ) ) ;
#2010 = ORIENTED_EDGE ( 'NONE', *, *, #417, .F. ) ;
#2011 = EDGE_LOOP ( 'NONE', ( #370, #1479, #2360, #1059 ) ) ;
#2012 = LINE ( 'NONE', #2231, #2907 ) ;
#2013 = CARTESIAN_POINT ( 'NONE',  ( -0.9448818897637796255, 3.661417322834645827, 0.000000000000000000 ) ) ;
#2014 = DIRECTION ( 'NONE',  ( 0.000000000000000000, 1.000000000000000000, 0.000000000000000000 ) ) ;
#2015 = EDGE_CURVE ( 'NONE', #3029, #1407, #1615, .T. ) ;
#2016 = EDGE_LOOP ( 'NONE', ( #2203, #1142, #2123, #947 ) ) ;
#2017 = CARTESIAN_POINT ( 'NONE',  ( -1.299212598425196985, 1.929133858267716661, 0.000000000000000000 ) ) ;
#2018 = COORDINATED_UNIVERSAL_TIME_OFFSET ( 8, 0, .BEHIND. ) ;
#2019 = ORIENTED_EDGE ( 'NONE', *, *, #3101, .F. ) ;
#2020 = CARTESIAN_POINT ( 'NONE',  ( 1.181102362204724310, 0.000000000000000000, 0.000000000000000000 ) ) ;
#2021 = EDGE_CURVE ( 'NONE', #308, #712, #1112, .T. ) ;
#2022 = DIRECTION ( 'NONE',  ( 1.000000000000000000, -0.000000000000000000, -0.000000000000000000 ) ) ;
#2023 = ORIENTED_EDGE ( 'NONE', *, *, #1934, .F. ) ;
#2024 = EDGE_CURVE ( 'NONE', #3141, #335, #3022, .T. ) ;
#2025 = ORIENTED_EDGE ( 'NONE', *, *, #2457, .F. ) ;
#2026 = LINE ( 'NONE', #817, #1389 ) ;
#2027 = CARTESIAN_POINT ( 'NONE',  ( 1.181102362204724310, 5.196850393700787940, 0.5511811023622047445 ) ) ;
#2028 = CARTESIAN_POINT ( 'NONE',  ( -1.181102362204724310, 2.165354330708661568, 0.5511811023622047445 ) ) ;
#2029 = ORIENTED_EDGE ( 'NONE', *, *, #1517, .T. ) ;
#2030 = EDGE_CURVE ( 'NONE', #75, #1204, #2812, .T. ) ;
#2031 = CARTESIAN_POINT ( 'NONE',  ( 1.299212598425196985, 3.897637795275590733, 0.5511811023622047445 ) ) ;
#2032 = ORIENTED_EDGE ( 'NONE', *, *, #2671, .T. ) ;
#2033 = PERSON_AND_ORGANIZATION ( #169, #2060 ) ;
#2034 = ORIENTED_EDGE ( 'NONE', *, *, #2297, .T. ) ;
#2035 = CARTESIAN_POINT ( 'NONE',  ( -0.9448818897637796255, 2.362204724409448620, 0.5511811023622047445 ) ) ;
#2036 = CARTESIAN_POINT ( 'NONE',  ( 1.181102362204724310, 0.000000000000000000, 0.5511811023622047445 ) ) ;
#2037 = VECTOR ( 'NONE', #631, 39.37007874015748143 ) ;
#2038 = VECTOR ( 'NONE', #426, 39.37007874015748143 ) ;
#2039 = DIRECTION ( 'NONE',  ( 0.000000000000000000, 1.000000000000000000, 0.000000000000000000 ) ) ;
#2040 = ORIENTED_EDGE ( 'NONE', *, *, #2952, .F. ) ;
#2041 = ORIENTED_EDGE ( 'NONE', *, *, #318, .F. ) ;
#2042 = EDGE_CURVE ( 'NONE', #2362, #1040, #2084, .T. ) ;
#2043 = DIRECTION ( 'NONE',  ( -0.000000000000000000, -0.000000000000000000, 1.000000000000000000 ) ) ;
#2044 = VECTOR ( 'NONE', #588, 39.37007874015748143 ) ;
#2045 = CARTESIAN_POINT ( 'NONE',  ( 1.299212598425196985, 4.763779527559055538, 0.000000000000000000 ) ) ;
#2046 = LINE ( 'NONE', #852, #159 ) ;
#2047 = DIRECTION ( 'NONE',  ( -0.000000000000000000, -1.000000000000000000, -0.000000000000000000 ) ) ;
#2048 = AXIS2_PLACEMENT_3D ( 'NONE', #1081, #2527, #2562 ) ;
#2049 = VERTEX_POINT ( 'NONE', #3055 ) ;
#2050 = VECTOR ( 'NONE', #603, 39.37007874015748143 ) ;
#2051 = ADVANCED_FACE ( 'NONE', ( #3037 ), #1833, .F. ) ;
#2052 = LINE ( 'NONE', #1813, #970 ) ;
#2053 = ORIENTED_EDGE ( 'NONE', *, *, #842, .T. ) ;
#2054 = DIRECTION ( 'NONE',  ( 0.000000000000000000, -1.000000000000000000, 0.000000000000000000 ) ) ;
#2055 = ORIENTED_EDGE ( 'NONE', *, *, #2498, .F. ) ;
#2056 = DIRECTION ( 'NONE',  ( -0.000000000000000000, -0.000000000000000000, 1.000000000000000000 ) ) ;
#2057 = ORIENTED_EDGE ( 'NONE', *, *, #1239, .T. ) ;
#2058 = ORIENTED_EDGE ( 'NONE', *, *, #2675, .F. ) ;
#2059 = LINE ( 'NONE', #894, #541 ) ;
#2060 = ORGANIZATION ( 'UNSPECIFIED', 'UNSPECIFIED', '' ) ;
#2061 = CARTESIAN_POINT ( 'NONE',  ( -0.9448818897637796255, 1.929133858267716661, 0.5511811023622047445 ) ) ;
#2062 = CARTESIAN_POINT ( 'NONE',  ( 0.9448818897637796255, 2.598425196850393970, 0.000000000000000000 ) ) ;
#2063 = LINE ( 'NONE', #1312, #661 ) ;
#2064 = EDGE_CURVE ( 'NONE', #2504, #1950, #1099, .T. ) ;
#2065 = ORIENTED_EDGE ( 'NONE', *, *, #2854, .F. ) ;
#2066 = CARTESIAN_POINT ( 'NONE',  ( -1.181102362204724310, 2.362204724409448620, 0.5511811023622047445 ) ) ;
#2067 = ADVANCED_FACE ( 'NONE', ( #2547 ), #372, .F. ) ;
#2068 = DATE_AND_TIME ( #334, #1451 ) ;
#2069 = EDGE_LOOP ( 'NONE', ( #449, #2208, #2170, #256 ) ) ;
#2070 = CARTESIAN_POINT ( 'NONE',  ( -1.181102362204724310, 5.905511811023622215, 0.5511811023622047445 ) ) ;
#2071 = VERTEX_POINT ( 'NONE', #1850 ) ;
#2072 = CARTESIAN_POINT ( 'NONE',  ( -1.181102362204724310, 1.732283464566929165, 0.5511811023622047445 ) ) ;
#2073 = ADVANCED_FACE ( 'NONE', ( #638 ), #1864, .F. ) ;
#2074 = VERTEX_POINT ( 'NONE', #2769 ) ;
#2075 = CARTESIAN_POINT ( 'NONE',  ( 1.181102362204724310, 2.362204724409448620, 0.5511811023622047445 ) ) ;
#2076 = PLANE ( 'NONE',  #1022 ) ;
#2077 = CARTESIAN_POINT ( 'NONE',  ( -1.496062992125984259, 0.4724409448818898127, 0.8661417322834645827 ) ) ;
#2078 = VERTEX_POINT ( 'NONE', #402 ) ;
#2079 = EDGE_CURVE ( 'NONE', #1055, #1788, #1368, .T. ) ;
#2080 = DIRECTION ( 'NONE',  ( -0.000000000000000000, -1.000000000000000000, -0.000000000000000000 ) ) ;
#2081 = EDGE_CURVE ( 'NONE', #298, #2431, #99, .T. ) ;
#2082 = ORIENTED_EDGE ( 'NONE', *, *, #768, .F. ) ;
#2083 = PLANE ( 'NONE',  #2850 ) ;
#2084 = LINE ( 'NONE', #1578, #319 ) ;
#2085 = ADVANCED_FACE ( 'NONE', ( #1307 ), #2273, .F. ) ;
#2086 = VECTOR ( 'NONE', #648, 39.37007874015748143 ) ;
#2087 = CARTESIAN_POINT ( 'NONE',  ( 1.181102362204724310, 5.393700787401574992, 0.5511811023622047445 ) ) ;
#2088 = PLANE ( 'NONE',  #1282 ) ;
#2089 = AXIS2_PLACEMENT_3D ( 'NONE', #1619, #1663, #1854 ) ;
#2090 = DIRECTION ( 'NONE',  ( -1.000000000000000000, 0.000000000000000000, -0.000000000000000000 ) ) ;
#2091 = LINE ( 'NONE', #820, #1988 ) ;
#2092 = ORIENTED_EDGE ( 'NONE', *, *, #2545, .F. ) ;
#2093 = VECTOR ( 'NONE', #2596, 39.37007874015748143 ) ;
#2094 = VERTEX_POINT ( 'NONE', #2072 ) ;
#2095 = CARTESIAN_POINT ( 'NONE',  ( -1.299212598425196985, 2.165354330708661568, 0.000000000000000000 ) ) ;
#2096 = AXIS2_PLACEMENT_3D ( 'NONE', #245, #925, #3123 ) ;
#2097 = ORIENTED_EDGE ( 'NONE', *, *, #1042, .T. ) ;
#2098 = EDGE_CURVE ( 'NONE', #2307, #2784, #590, .T. ) ;
#2099 = VECTOR ( 'NONE', #1191, 39.37007874015748143 ) ;
#2100 = ORIENTED_EDGE ( 'NONE', *, *, #2498, .T. ) ;
#2101 = DIRECTION ( 'NONE',  ( 0.000000000000000000, 1.000000000000000000, 0.000000000000000000 ) ) ;
#2102 = ORIENTED_EDGE ( 'NONE', *, *, #1803, .T. ) ;
#2103 = DIRECTION ( 'NONE',  ( 0.000000000000000000, 0.000000000000000000, -1.000000000000000000 ) ) ;
#2104 = CARTESIAN_POINT ( 'NONE',  ( -1.181102362204724310, 0.000000000000000000, 0.5511811023622047445 ) ) ;
#2105 = ADVANCED_FACE ( 'NONE', ( #354 ), #2287, .F. ) ;
#2106 = CARTESIAN_POINT ( 'NONE',  ( -0.9448818897637796255, 4.960629921259842590, 0.000000000000000000 ) ) ;
#2107 = FACE_OUTER_BOUND ( 'NONE', #2570, .T. ) ;
#2108 = DIRECTION ( 'NONE',  ( 0.000000000000000000, 0.000000000000000000, 1.000000000000000000 ) ) ;
#2109 = EDGE_LOOP ( 'NONE', ( #2376, #1213, #2838, #391 ) ) ;
#2110 = ORIENTED_EDGE ( 'NONE', *, *, #2871, .F. ) ;
#2111 = CARTESIAN_POINT ( 'NONE',  ( -1.299212598425196985, 4.330708661417323135, 0.000000000000000000 ) ) ;
#2112 = EDGE_CURVE ( 'NONE', #2390, #1023, #2354, .T. ) ;
#2113 = ORIENTED_EDGE ( 'NONE', *, *, #2634, .T. ) ;
#2114 = VERTEX_POINT ( 'NONE', #2404 ) ;
#2115 = CARTESIAN_POINT ( 'NONE',  ( -0.9448818897637796255, 1.062992125984252079, 0.000000000000000000 ) ) ;
#2116 = ORIENTED_EDGE ( 'NONE', *, *, #1832, .T. ) ;
#2117 = FACE_OUTER_BOUND ( 'NONE', #2902, .T. ) ;
#2118 = EDGE_CURVE ( 'NONE', #1916, #267, #179, .T. ) ;
#2119 = DIRECTION ( 'NONE',  ( 0.000000000000000000, 0.000000000000000000, -1.000000000000000000 ) ) ;
#2120 = DIRECTION ( 'NONE',  ( -1.000000000000000000, -0.000000000000000000, -0.000000000000000000 ) ) ;
#2121 = PLANE ( 'NONE',  #1537 ) ;
#2122 = DIRECTION ( 'NONE',  ( 0.000000000000000000, 0.000000000000000000, -1.000000000000000000 ) ) ;
#2123 = ORIENTED_EDGE ( 'NONE', *, *, #601, .F. ) ;
#2124 = ORIENTED_EDGE ( 'NONE', *, *, #2163, .F. ) ;
#2125 = LINE ( 'NONE', #3093, #2496 ) ;
#2126 = DIRECTION ( 'NONE',  ( 0.000000000000000000, 0.000000000000000000, -1.000000000000000000 ) ) ;
#2127 = EDGE_LOOP ( 'NONE', ( #1770, #2670, #2573, #976 ) ) ;
#2128 = ORIENTED_EDGE ( 'NONE', *, *, #195, .T. ) ;
#2129 = PLANE ( 'NONE',  #2298 ) ;
#2130 = LINE ( 'NONE', #967, #1577 ) ;
#2131 = DIRECTION ( 'NONE',  ( -0.000000000000000000, -1.000000000000000000, -0.000000000000000000 ) ) ;
#2132 = VECTOR ( 'NONE', #2479, 39.37007874015748143 ) ;
#2133 = CARTESIAN_POINT ( 'NONE',  ( -1.181102362204724310, 5.629921259842519454, 0.000000000000000000 ) ) ;
#2134 = CARTESIAN_POINT ( 'NONE',  ( 0.9448818897637796255, 3.464566929133858331, 0.000000000000000000 ) ) ;
#2135 = CARTESIAN_POINT ( 'NONE',  ( -1.181102362204724310, 4.960629921259842590, 0.5511811023622047445 ) ) ;
#2136 = AXIS2_PLACEMENT_3D ( 'NONE', #2618, #447, #2836 ) ;
#2137 = ORIENTED_EDGE ( 'NONE', *, *, #2723, .F. ) ;
#2138 = ORIENTED_EDGE ( 'NONE', *, *, #1032, .T. ) ;
#2139 = CARTESIAN_POINT ( 'NONE',  ( 0.9448818897637796255, 3.661417322834645827, 0.000000000000000000 ) ) ;
#2140 = VECTOR ( 'NONE', #2222, 39.37007874015748143 ) ;
#2141 = CARTESIAN_POINT ( 'NONE',  ( -1.299212598425196985, 5.393700787401574992, 0.000000000000000000 ) ) ;
#2142 = PLANE ( 'NONE',  #2136 ) ;
#2143 = AXIS2_PLACEMENT_3D ( 'NONE', #1549, #2974, #1503 ) ;
#2144 = ORIENTED_EDGE ( 'NONE', *, *, #1130, .F. ) ;
#2145 = EDGE_CURVE ( 'NONE', #1046, #2471, #1645, .T. ) ;
#2146 = ORIENTED_EDGE ( 'NONE', *, *, #2403, .F. ) ;
#2147 = CARTESIAN_POINT ( 'NONE',  ( -0.9448818897637796255, 3.031496062992125928, 0.5511811023622047445 ) ) ;
#2148 = PLANE ( 'NONE',  #2491 ) ;
#2149 = AXIS2_PLACEMENT_3D ( 'NONE', #1627, #3098, #921 ) ;
#2150 = CARTESIAN_POINT ( 'NONE',  ( -1.181102362204724310, 0.000000000000000000, 0.000000000000000000 ) ) ;
#2151 = ADVANCED_FACE ( 'NONE', ( #2909 ), #942, .F. ) ;
#2152 = DIRECTION ( 'NONE',  ( 1.000000000000000000, -0.000000000000000000, 0.000000000000000000 ) ) ;
#2153 = LINE ( 'NONE', #2831, #1433 ) ;
#2154 = LINE ( 'NONE', #946, #2650 ) ;
#2155 = VERTEX_POINT ( 'NONE', #227 ) ;
#2156 = ORIENTED_EDGE ( 'NONE', *, *, #2306, .F. ) ;
#2157 = DIRECTION ( 'NONE',  ( 0.000000000000000000, -0.000000000000000000, 1.000000000000000000 ) ) ;
#2158 = ADVANCED_FACE ( 'NONE', ( #1661 ), #438, .F. ) ;
#2159 = ORIENTED_EDGE ( 'NONE', *, *, #471, .F. ) ;
#2160 = EDGE_LOOP ( 'NONE', ( #3142, #854, #1030, #1776 ) ) ;
#2161 = CARTESIAN_POINT ( 'NONE',  ( 0.9448818897637796255, 4.960629921259842590, 0.5511811023622047445 ) ) ;
#2162 = ORIENTED_EDGE ( 'NONE', *, *, #2202, .F. ) ;
#2163 = EDGE_CURVE ( 'NONE', #1055, #2253, #1878, .T. ) ;
#2164 = CARTESIAN_POINT ( 'NONE',  ( -1.299212598425196985, 3.897637795275590733, 0.5511811023622047445 ) ) ;
#2165 = EDGE_CURVE ( 'NONE', #1571, #2184, #210, .T. ) ;
#2166 = CARTESIAN_POINT ( 'NONE',  ( 0.9448818897637796255, 4.763779527559055538, 0.000000000000000000 ) ) ;
#2167 = CARTESIAN_POINT ( 'NONE',  ( -0.9448818897637796255, 4.094488188976377785, 0.000000000000000000 ) ) ;
#2168 = DIRECTION ( 'NONE',  ( 0.000000000000000000, 0.000000000000000000, -1.000000000000000000 ) ) ;
#2169 = ORIENTED_EDGE ( 'NONE', *, *, #1976, .T. ) ;
#2170 = ORIENTED_EDGE ( 'NONE', *, *, #3071, .T. ) ;
#2171 = DIRECTION ( 'NONE',  ( 0.000000000000000000, -0.000000000000000000, -1.000000000000000000 ) ) ;
#2172 = LINE ( 'NONE', #1, #3102 ) ;
#2173 = ORIENTED_EDGE ( 'NONE', *, *, #1739, .F. ) ;
#2174 = ADVANCED_FACE ( 'NONE', ( #1158 ), #1194, .F. ) ;
#2175 = ORIENTED_EDGE ( 'NONE', *, *, #858, .T. ) ;
#2176 = CARTESIAN_POINT ( 'NONE',  ( 0.9448818897637796255, 1.732283464566929165, 0.000000000000000000 ) ) ;
#2177 = ADVANCED_FACE ( 'NONE', ( #1415 ), #1177, .F. ) ;
#2178 = DIRECTION ( 'NONE',  ( 0.000000000000000000, 1.000000000000000000, 0.000000000000000000 ) ) ;
#2179 = CARTESIAN_POINT ( 'NONE',  ( -0.9448818897637796255, 1.929133858267716661, 0.5511811023622047445 ) ) ;
#2180 = CARTESIAN_POINT ( 'NONE',  ( -0.9448818897637796255, 4.960629921259842590, 0.000000000000000000 ) ) ;
#2181 = PLANE ( 'NONE',  #2799 ) ;
#2182 = DIRECTION ( 'NONE',  ( -0.000000000000000000, -1.000000000000000000, -0.000000000000000000 ) ) ;
#2183 = VERTEX_POINT ( 'NONE', #1942 ) ;
#2184 = VERTEX_POINT ( 'NONE', #2179 ) ;
#2185 = CARTESIAN_POINT ( 'NONE',  ( -1.299212598425196985, 1.062992125984252079, 0.000000000000000000 ) ) ;
#2186 = VECTOR ( 'NONE', #586, 39.37007874015748143 ) ;
#2187 = CARTESIAN_POINT ( 'NONE',  ( 1.181102362204724310, 3.897637795275590733, 0.5511811023622047445 ) ) ;
#2188 = DIRECTION ( 'NONE',  ( 0.000000000000000000, -0.000000000000000000, 1.000000000000000000 ) ) ;
#2189 = VECTOR ( 'NONE', #1197, 39.37007874015748143 ) ;
#2190 = ORIENTED_EDGE ( 'NONE', *, *, #498, .F. ) ;
#2191 = ORIENTED_EDGE ( 'NONE', *, *, #7, .F. ) ;
#2192 = DIRECTION ( 'NONE',  ( 0.000000000000000000, -0.000000000000000000, 1.000000000000000000 ) ) ;
#2193 = AXIS2_PLACEMENT_3D ( 'NONE', #836, #1298, #1057 ) ;
#2194 = VECTOR ( 'NONE', #3138, 39.37007874015748143 ) ;
#2195 = CARTESIAN_POINT ( 'NONE',  ( -1.496062992125984259, 0.4724409448818898127, 0.000000000000000000 ) ) ;
#2196 = APPLICATION_CONTEXT ( 'configuration controlled 3d designs of mechanical parts and assemblies' ) ;
#2197 = VECTOR ( 'NONE', #2972, 39.37007874015748143 ) ;
#2198 = AXIS2_PLACEMENT_3D ( 'NONE', #2185, #757, #2171 ) ;
#2199 = FACE_OUTER_BOUND ( 'NONE', #1234, .T. ) ;
#2200 = LINE ( 'NONE', #992, #2901 ) ;
#2201 = ORIENTED_EDGE ( 'NONE', *, *, #2985, .F. ) ;
#2202 = EDGE_CURVE ( 'NONE', #1163, #1842, #2592, .T. ) ;
#2203 = ORIENTED_EDGE ( 'NONE', *, *, #141, .T. ) ;
#2204 = CARTESIAN_POINT ( 'NONE',  ( 1.181102362204724310, 4.763779527559055538, 0.5511811023622047445 ) ) ;
#2205 = CARTESIAN_POINT ( 'NONE',  ( 1.181102362204724310, 1.929133858267716661, 0.5511811023622047445 ) ) ;
#2206 = DIRECTION ( 'NONE',  ( -1.000000000000000000, -0.000000000000000000, -0.000000000000000000 ) ) ;
#2207 = VERTEX_POINT ( 'NONE', #702 ) ;
#2208 = ORIENTED_EDGE ( 'NONE', *, *, #2021, .T. ) ;
#2209 = EDGE_CURVE ( 'NONE', #2408, #2945, #717, .T. ) ;
#2210 = LINE ( 'NONE', #2822, #767 ) ;
#2211 = VECTOR ( 'NONE', #851, 39.37007874015748143 ) ;
#2212 = LINE ( 'NONE', #24, #1247 ) ;
#2213 = DIRECTION ( 'NONE',  ( -0.000000000000000000, -1.000000000000000000, -0.000000000000000000 ) ) ;
#2214 = ADVANCED_FACE ( 'NONE', ( #957 ), #1692, .F. ) ;
#2215 = LINE ( 'NONE', #1758, #1844 ) ;
#2216 = LINE ( 'NONE', #2514, #420 ) ;
#2217 = CARTESIAN_POINT ( 'NONE',  ( -1.299212598425196985, 3.464566929133858331, 0.5511811023622047445 ) ) ;
#2218 = ORIENTED_EDGE ( 'NONE', *, *, #3110, .T. ) ;
#2219 = ORIENTED_EDGE ( 'NONE', *, *, #3049, .F. ) ;
#2220 = EDGE_CURVE ( 'NONE', #1040, #683, #6, .T. ) ;
#2221 = DIRECTION ( 'NONE',  ( -1.000000000000000000, 0.000000000000000000, 0.000000000000000000 ) ) ;
#2222 = DIRECTION ( 'NONE',  ( -0.000000000000000000, -1.000000000000000000, -0.000000000000000000 ) ) ;
#2223 = CARTESIAN_POINT ( 'NONE',  ( -1.299212598425196985, 1.299212598425196985, 0.000000000000000000 ) ) ;
#2224 = VERTEX_POINT ( 'NONE', #419 ) ;
#2225 = DIRECTION ( 'NONE',  ( 0.000000000000000000, -0.000000000000000000, -1.000000000000000000 ) ) ;
#2226 = LINE ( 'NONE', #784, #2603 ) ;
#2227 = DIRECTION ( 'NONE',  ( 0.000000000000000000, 1.000000000000000000, 0.000000000000000000 ) ) ;
#2228 = LINE ( 'NONE', #2009, #667 ) ;
#2229 = ORIENTED_EDGE ( 'NONE', *, *, #2352, .T. ) ;
#2230 = EDGE_LOOP ( 'NONE', ( #2617, #2944, #1155, #1795 ) ) ;
#2231 = CARTESIAN_POINT ( 'NONE',  ( 0.9448818897637796255, 4.094488188976377785, 0.000000000000000000 ) ) ;
#2232 = LINE ( 'NONE', #312, #1485 ) ;
#2233 = CARTESIAN_POINT ( 'NONE',  ( 1.181102362204724310, 0.000000000000000000, 0.5511811023622047445 ) ) ;
#2234 = ORIENTED_EDGE ( 'NONE', *, *, #7, .T. ) ;
#2235 = DIRECTION ( 'NONE',  ( 1.000000000000000000, 0.000000000000000000, 0.000000000000000000 ) ) ;
#2236 = DIRECTION ( 'NONE',  ( 0.000000000000000000, 0.000000000000000000, -1.000000000000000000 ) ) ;
#2237 = AXIS2_PLACEMENT_3D ( 'NONE', #778, #1717, #2701 ) ;
#2238 = EDGE_CURVE ( 'NONE', #2540, #3092, #2610, .T. ) ;
#2239 = PERSON_AND_ORGANIZATION ( #169, #2060 ) ;
#2240 = ORIENTED_EDGE ( 'NONE', *, *, #1621, .F. ) ;
#2241 = VECTOR ( 'NONE', #777, 39.37007874015748143 ) ;
#2242 = DIRECTION ( 'NONE',  ( 0.000000000000000000, -0.000000000000000000, 1.000000000000000000 ) ) ;
#2243 = VECTOR ( 'NONE', #2911, 39.37007874015748143 ) ;
#2244 = DIRECTION ( 'NONE',  ( -0.000000000000000000, -0.000000000000000000, 1.000000000000000000 ) ) ;
#2245 = VECTOR ( 'NONE', #117, 39.37007874015748143 ) ;
#2246 = ADVANCED_FACE ( 'NONE', ( #2117 ), #3086, .F. ) ;
#2247 = ORIENTED_EDGE ( 'NONE', *, *, #1521, .T. ) ;
#2248 = VECTOR ( 'NONE', #2917, 39.37007874015748143 ) ;
#2249 = ORIENTED_EDGE ( 'NONE', *, *, #880, .F. ) ;
#2250 = LINE ( 'NONE', #2989, #2454 ) ;
#2251 = DIRECTION ( 'NONE',  ( -0.000000000000000000, -1.000000000000000000, -0.000000000000000000 ) ) ;
#2252 = FACE_OUTER_BOUND ( 'NONE', #788, .T. ) ;
#2253 = VERTEX_POINT ( 'NONE', #2433 ) ;
#2254 = EDGE_CURVE ( 'NONE', #178, #733, #2226, .T. ) ;
#2255 = DIRECTION ( 'NONE',  ( -0.000000000000000000, -0.000000000000000000, 1.000000000000000000 ) ) ;
#2256 = COORDINATED_UNIVERSAL_TIME_OFFSET ( 8, 0, .BEHIND. ) ;
#2257 = ORIENTED_EDGE ( 'NONE', *, *, #1828, .F. ) ;
#2258 = DIRECTION ( 'NONE',  ( -1.000000000000000000, -0.000000000000000000, -0.000000000000000000 ) ) ;
#2259 = VECTOR ( 'NONE', #1257, 39.37007874015748143 ) ;
#2260 = CARTESIAN_POINT ( 'NONE',  ( 0.9448818897637796255, 1.299212598425196985, 0.000000000000000000 ) ) ;
#2261 = ORIENTED_EDGE ( 'NONE', *, *, #3049, .T. ) ;
#2262 = ORIENTED_EDGE ( 'NONE', *, *, #1592, .F. ) ;
#2263 = DIRECTION ( 'NONE',  ( 0.000000000000000000, 1.000000000000000000, 0.000000000000000000 ) ) ;
#2264 = EDGE_CURVE ( 'NONE', #2620, #3068, #1018, .T. ) ;
#2265 = LINE ( 'NONE', #2743, #872 ) ;
#2266 = DIRECTION ( 'NONE',  ( 0.000000000000000000, 0.000000000000000000, -1.000000000000000000 ) ) ;
#2267 = ORIENTED_EDGE ( 'NONE', *, *, #1926, .F. ) ;
#2268 = LINE ( 'NONE', #1734, #868 ) ;
#2269 = ORIENTED_EDGE ( 'NONE', *, *, #299, .F. ) ;
#2270 = CARTESIAN_POINT ( 'NONE',  ( -0.9448818897637796255, 1.062992125984252079, 0.5511811023622047445 ) ) ;
#2271 = CARTESIAN_POINT ( 'NONE',  ( -0.9448818897637796255, 1.062992125984252079, 0.5511811023622047445 ) ) ;
#2272 = EDGE_CURVE ( 'NONE', #1656, #664, #260, .T. ) ;
#2273 = PLANE ( 'NONE',  #422 ) ;
#2274 = ORIENTED_EDGE ( 'NONE', *, *, #161, .T. ) ;
#2275 = VERTEX_POINT ( 'NONE', #2940 ) ;
#2276 = DIRECTION ( 'NONE',  ( 0.000000000000000000, 0.000000000000000000, -1.000000000000000000 ) ) ;
#2277 = LINE ( 'NONE', #564, #2445 ) ;
#2278 = CARTESIAN_POINT ( 'NONE',  ( 1.299212598425196985, 4.330708661417323135, 0.000000000000000000 ) ) ;
#2279 = ORIENTED_EDGE ( 'NONE', *, *, #161, .F. ) ;
#2280 = DIRECTION ( 'NONE',  ( 0.000000000000000000, 0.000000000000000000, -1.000000000000000000 ) ) ;
#2281 = VECTOR ( 'NONE', #1642, 39.37007874015748143 ) ;
#2282 = EDGE_LOOP ( 'NONE', ( #1825, #2137, #2304, #1670 ) ) ;
#2283 = PLANE ( 'NONE',  #1288 ) ;
#2284 = ORIENTED_EDGE ( 'NONE', *, *, #238, .F. ) ;
#2285 = VECTOR ( 'NONE', #1620, 39.37007874015748143 ) ;
#2286 = AXIS2_PLACEMENT_3D ( 'NONE', #2832, #1136, #2108 ) ;
#2287 = PLANE ( 'NONE',  #1591 ) ;
#2288 = EDGE_CURVE ( 'NONE', #456, #2414, #2481, .T. ) ;
#2289 = VECTOR ( 'NONE', #2890, 39.37007874015748143 ) ;
#2290 = ORIENTED_EDGE ( 'NONE', *, *, #2833, .F. ) ;
#2291 = VERTEX_POINT ( 'NONE', #766 ) ;
#2292 = CARTESIAN_POINT ( 'NONE',  ( -0.9448818897637796255, 4.527559055118110187, 0.000000000000000000 ) ) ;
#2293 = VECTOR ( 'NONE', #1975, 39.37007874015748143 ) ;
#2294 = CARTESIAN_POINT ( 'NONE',  ( -1.181102362204724310, 5.629921259842519454, 0.5511811023622047445 ) ) ;
#2295 = CARTESIAN_POINT ( 'NONE',  ( -1.299212598425196985, 4.763779527559055538, 0.000000000000000000 ) ) ;
#2296 = CARTESIAN_POINT ( 'NONE',  ( -0.9448818897637796255, 1.496062992125984259, 0.000000000000000000 ) ) ;
#2297 = EDGE_CURVE ( 'NONE', #712, #920, #1756, .T. ) ;
#2298 = AXIS2_PLACEMENT_3D ( 'NONE', #1430, #2657, #2351 ) ;
#2299 = ORIENTED_EDGE ( 'NONE', *, *, #493, .T. ) ;
#2300 = DIRECTION ( 'NONE',  ( 0.000000000000000000, 0.000000000000000000, -1.000000000000000000 ) ) ;
#2301 = EDGE_CURVE ( 'NONE', #756, #3096, #2722, .T. ) ;
#2302 = VERTEX_POINT ( 'NONE', #2692 ) ;
#2303 = PLANE ( 'NONE',  #2048 ) ;
#2304 = ORIENTED_EDGE ( 'NONE', *, *, #2895, .F. ) ;
#2305 = CARTESIAN_POINT ( 'NONE',  ( -1.181102362204724310, 0.000000000000000000, 0.5511811023622047445 ) ) ;
#2306 = EDGE_CURVE ( 'NONE', #993, #2414, #2453, .T. ) ;
#2307 = VERTEX_POINT ( 'NONE', #1006 ) ;
#2308 = ORIENTED_EDGE ( 'NONE', *, *, #797, .F. ) ;
#2309 = DIRECTION ( 'NONE',  ( 0.000000000000000000, 1.000000000000000000, 0.000000000000000000 ) ) ;
#2310 = EDGE_CURVE ( 'NONE', #1845, #298, #796, .T. ) ;
#2311 = VECTOR ( 'NONE', #908, 39.37007874015748143 ) ;
#2312 = CARTESIAN_POINT ( 'NONE',  ( 1.181102362204724310, 4.330708661417323135, 0.5511811023622047445 ) ) ;
#2313 = CARTESIAN_POINT ( 'NONE',  ( 0.9448818897637796255, 3.031496062992125928, 0.000000000000000000 ) ) ;
#2314 = DIRECTION ( 'NONE',  ( 1.000000000000000000, -0.000000000000000000, 0.000000000000000000 ) ) ;
#2315 = ADVANCED_FACE ( 'NONE', ( #84 ), #1738, .F. ) ;
#2316 = ORIENTED_EDGE ( 'NONE', *, *, #1753, .T. ) ;
#2317 = CARTESIAN_POINT ( 'NONE',  ( -0.9448818897637796255, 3.228346456692913424, 0.000000000000000000 ) ) ;
#2318 = EDGE_CURVE ( 'NONE', #885, #1014, #2736, .T. ) ;
#2319 = ORIENTED_EDGE ( 'NONE', *, *, #204, .T. ) ;
#2320 = CARTESIAN_POINT ( 'NONE',  ( 1.181102362204724310, 0.4724409448818898127, 0.5511811023622047445 ) ) ;
#2321 = VERTEX_POINT ( 'NONE', #513 ) ;
#2322 = LINE ( 'NONE', #1065, #876 ) ;
#2323 = ORIENTED_EDGE ( 'NONE', *, *, #2463, .F. ) ;
#2324 = FACE_OUTER_BOUND ( 'NONE', #2484, .T. ) ;
#2325 = CARTESIAN_POINT ( 'NONE',  ( 0.9448818897637796255, 3.464566929133858331, 0.000000000000000000 ) ) ;
#2326 = DIRECTION ( 'NONE',  ( 0.000000000000000000, 1.000000000000000000, 0.000000000000000000 ) ) ;
#2327 = DIRECTION ( 'NONE',  ( 1.000000000000000000, -0.000000000000000000, -0.000000000000000000 ) ) ;
#2328 = ORIENTED_EDGE ( 'NONE', *, *, #1130, .T. ) ;
#2329 = ORIENTED_EDGE ( 'NONE', *, *, #318, .T. ) ;
#2330 = LINE ( 'NONE', #3066, #1323 ) ;
#2331 = ORIENTED_EDGE ( 'NONE', *, *, #858, .F. ) ;
#2332 = LINE ( 'NONE', #3051, #1490 ) ;
#2333 = EDGE_LOOP ( 'NONE', ( #899, #2365, #761, #2619 ) ) ;
#2334 = EDGE_CURVE ( 'NONE', #580, #3097, #1528, .T. ) ;
#2335 = CARTESIAN_POINT ( 'NONE',  ( -1.299212598425196985, 5.629921259842519454, 0.000000000000000000 ) ) ;
#2336 = AXIS2_PLACEMENT_3D ( 'NONE', #2317, #3046, #347 ) ;
#2337 = DIRECTION ( 'NONE',  ( -1.000000000000000000, 0.000000000000000000, 0.000000000000000000 ) ) ;
#2338 = EDGE_CURVE ( 'NONE', #88, #2291, #52, .T. ) ;
#2339 = VECTOR ( 'NONE', #931, 39.37007874015748143 ) ;
#2340 = LINE ( 'NONE', #1149, #265 ) ;
#2341 = FACE_OUTER_BOUND ( 'NONE', #591, .T. ) ;
#2342 = ORIENTED_EDGE ( 'NONE', *, *, #393, .F. ) ;
#2343 = AXIS2_PLACEMENT_3D ( 'NONE', #1181, #2644, #474 ) ;
#2344 = ORIENTED_EDGE ( 'NONE', *, *, #338, .F. ) ;
#2345 = CARTESIAN_POINT ( 'NONE',  ( -1.181102362204724310, 0.000000000000000000, 0.000000000000000000 ) ) ;
#2346 = VECTOR ( 'NONE', #847, 39.37007874015748143 ) ;
#2347 = ORIENTED_EDGE ( 'NONE', *, *, #2081, .F. ) ;
#2348 = VECTOR ( 'NONE', #1399, 39.37007874015748143 ) ;
#2349 = ADVANCED_FACE ( 'NONE', ( #306 ), #1272, .F. ) ;
#2350 = ORIENTED_EDGE ( 'NONE', *, *, #552, .F. ) ;
#2351 = DIRECTION ( 'NONE',  ( 0.000000000000000000, 0.000000000000000000, 1.000000000000000000 ) ) ;
#2352 = EDGE_CURVE ( 'NONE', #632, #884, #1486, .T. ) ;
#2353 = EDGE_CURVE ( 'NONE', #1383, #2460, #2674, .T. ) ;
#2354 = LINE ( 'NONE', #1897, #21 ) ;
#2355 = DIRECTION ( 'NONE',  ( 0.000000000000000000, -0.000000000000000000, 1.000000000000000000 ) ) ;
#2356 = EDGE_CURVE ( 'NONE', #375, #367, #1468, .T. ) ;
#2357 = FACE_OUTER_BOUND ( 'NONE', #483, .T. ) ;
#2358 = CARTESIAN_POINT ( 'NONE',  ( -1.181102362204724310, 0.000000000000000000, 0.5511811023622047445 ) ) ;
#2359 = DIRECTION ( 'NONE',  ( 1.000000000000000000, -0.000000000000000000, -0.000000000000000000 ) ) ;
#2360 = ORIENTED_EDGE ( 'NONE', *, *, #2288, .T. ) ;
#2361 = EDGE_CURVE ( 'NONE', #681, #2620, #40, .T. ) ;
#2362 = VERTEX_POINT ( 'NONE', #1258 ) ;
#2363 = DIRECTION ( 'NONE',  ( 0.000000000000000000, 1.000000000000000000, 0.000000000000000000 ) ) ;
#2364 = CC_DESIGN_APPROVAL ( #27, ( #637 ) ) ;
#2365 = ORIENTED_EDGE ( 'NONE', *, *, #807, .T. ) ;
#2366 = ORIENTED_EDGE ( 'NONE', *, *, #46, .F. ) ;
#2367 = CARTESIAN_POINT ( 'NONE',  ( 1.299212598425196985, 3.464566929133858331, 0.000000000000000000 ) ) ;
#2368 = ORIENTED_EDGE ( 'NONE', *, *, #2361, .T. ) ;
#2369 = CARTESIAN_POINT ( 'NONE',  ( -0.9448818897637796255, 2.795275590551181022, 0.000000000000000000 ) ) ;
#2370 = ADVANCED_FACE ( 'NONE', ( #574 ), #2752, .F. ) ;
#2371 = DIRECTION ( 'NONE',  ( -0.000000000000000000, -0.000000000000000000, 1.000000000000000000 ) ) ;
#2372 = LINE ( 'NONE', #655, #2396 ) ;
#2373 = CARTESIAN_POINT ( 'NONE',  ( 0.9448818897637796255, 4.094488188976377785, 0.5511811023622047445 ) ) ;
#2374 = ORIENTED_EDGE ( 'NONE', *, *, #2813, .T. ) ;
#2375 = EDGE_CURVE ( 'NONE', #2321, #1593, #351, .T. ) ;
#2376 = ORIENTED_EDGE ( 'NONE', *, *, #2675, .T. ) ;
#2377 = LINE ( 'NONE', #2668, #515 ) ;
#2378 = ORIENTED_EDGE ( 'NONE', *, *, #1502, .F. ) ;
#2379 = VERTEX_POINT ( 'NONE', #2270 ) ;
#2380 = PLANE ( 'NONE',  #2149 ) ;
#2381 = FACE_OUTER_BOUND ( 'NONE', #616, .T. ) ;
#2382 = DIRECTION ( 'NONE',  ( 1.000000000000000000, -0.000000000000000000, 0.000000000000000000 ) ) ;
#2383 = VECTOR ( 'NONE', #512, 39.37007874015748143 ) ;
#2384 = EDGE_CURVE ( 'NONE', #2114, #1249, #1575, .T. ) ;
#2385 = ADVANCED_FACE ( 'NONE', ( #143 ), #2811, .F. ) ;
#2386 = LINE ( 'NONE', #737, #824 ) ;
#2387 = DIRECTION ( 'NONE',  ( -0.000000000000000000, -1.000000000000000000, -0.000000000000000000 ) ) ;
#2388 = LINE ( 'NONE', #2581, #1174 ) ;
#2389 = VECTOR ( 'NONE', #3028, 39.37007874015748143 ) ;
#2390 = VERTEX_POINT ( 'NONE', #636 ) ;
#2391 = ORIENTED_EDGE ( 'NONE', *, *, #2272, .F. ) ;
#2392 = PLANE ( 'NONE',  #1132 ) ;
#2393 = VECTOR ( 'NONE', #1283, 39.37007874015748143 ) ;
#2394 = ADVANCED_FACE ( 'NONE', ( #1366 ), #2083, .F. ) ;
#2395 = PLANE ( 'NONE',  #1275 ) ;
#2396 = VECTOR ( 'NONE', #2627, 39.37007874015748143 ) ;
#2397 = ORIENTED_EDGE ( 'NONE', *, *, #2264, .T. ) ;
#2398 = ORIENTED_EDGE ( 'NONE', *, *, #2118, .T. ) ;
#2399 = AXIS2_PLACEMENT_3D ( 'NONE', #1388, #1628, #686 ) ;
#2400 = CARTESIAN_POINT ( 'NONE',  ( -1.496062992125984259, 0.4724409448818898127, 0.000000000000000000 ) ) ;
#2401 = LINE ( 'NONE', #226, #2695 ) ;
#2402 = VECTOR ( 'NONE', #2043, 39.37007874015748143 ) ;
#2403 = EDGE_CURVE ( 'NONE', #1720, #1271, #2332, .T. ) ;
#2404 = CARTESIAN_POINT ( 'NONE',  ( 0.9448818897637796255, 1.299212598425196985, 0.000000000000000000 ) ) ;
#2405 = DIRECTION ( 'NONE',  ( 0.000000000000000000, 0.000000000000000000, -1.000000000000000000 ) ) ;
#2406 = PLANE ( 'NONE',  #2754 ) ;
#2407 = CARTESIAN_POINT ( 'NONE',  ( 1.299212598425196985, 5.393700787401574992, 0.5511811023622047445 ) ) ;
#2408 = VERTEX_POINT ( 'NONE', #1547 ) ;
#2409 = EDGE_CURVE ( 'NONE', #1955, #597, #3034, .T. ) ;
#2410 = EDGE_LOOP ( 'NONE', ( #2438, #2518, #2582, #2316 ) ) ;
#2411 = CARTESIAN_POINT ( 'NONE',  ( -0.9448818897637796255, 1.732283464566929165, 0.5511811023622047445 ) ) ;
#2412 = CARTESIAN_POINT ( 'NONE',  ( -0.9448818897637796255, 4.094488188976377785, 0.5511811023622047445 ) ) ;
#2413 = EDGE_CURVE ( 'NONE', #352, #286, #369, .T. ) ;
#2414 = VERTEX_POINT ( 'NONE', #1848 ) ;
#2415 = ORIENTED_EDGE ( 'NONE', *, *, #1188, .F. ) ;
#2416 = VECTOR ( 'NONE', #2829, 39.37007874015748143 ) ;
#2417 = LINE ( 'NONE', #939, #3062 ) ;
#2418 = VERTEX_POINT ( 'NONE', #114 ) ;
#2419 = LINE ( 'NONE', #51, #1907 ) ;
#2420 = ORIENTED_EDGE ( 'NONE', *, *, #751, .F. ) ;
#2421 = CARTESIAN_POINT ( 'NONE',  ( 0.9448818897637796255, 2.598425196850393970, 0.000000000000000000 ) ) ;
#2422 = CARTESIAN_POINT ( 'NONE',  ( 1.181102362204724310, 3.228346456692913424, 0.5511811023622047445 ) ) ;
#2423 = DIRECTION ( 'NONE',  ( 1.000000000000000000, 0.000000000000000000, 0.000000000000000000 ) ) ;
#2424 = ORIENTED_EDGE ( 'NONE', *, *, #999, .T. ) ;
#2425 = EDGE_LOOP ( 'NONE', ( #1931, #2175, #1381, #1534 ) ) ;
#2426 = LINE ( 'NONE', #728, #3116 ) ;
#2427 = LINE ( 'NONE', #538, #2393 ) ;
#2428 = FACE_OUTER_BOUND ( 'NONE', #1906, .T. ) ;
#2429 = ORIENTED_EDGE ( 'NONE', *, *, #182, .F. ) ;
#2430 = EDGE_LOOP ( 'NONE', ( #1519, #2124, #2999, #2398 ) ) ;
#2431 = VERTEX_POINT ( 'NONE', #1614 ) ;
#2432 =( LENGTH_UNIT ( ) NAMED_UNIT ( * ) SI_UNIT ( $, .METRE. ) );
#2433 = CARTESIAN_POINT ( 'NONE',  ( -0.9448818897637796255, 5.629921259842519454, 0.5511811023622047445 ) ) ;
#2434 = ADVANCED_FACE ( 'NONE', ( #845 ), #2794, .F. ) ;
#2435 = CARTESIAN_POINT ( 'NONE',  ( 0.9448818897637796255, 5.196850393700787940, 0.5511811023622047445 ) ) ;
#2436 = LINE ( 'NONE', #1248, #2653 ) ;
#2437 = DIRECTION ( 'NONE',  ( 0.000000000000000000, -1.000000000000000000, -0.000000000000000000 ) ) ;
#2438 = ORIENTED_EDGE ( 'NONE', *, *, #601, .T. ) ;
#2439 = ORIENTED_EDGE ( 'NONE', *, *, #2915, .F. ) ;
#2440 = DIRECTION ( 'NONE',  ( 0.000000000000000000, 1.000000000000000000, 0.000000000000000000 ) ) ;
#2441 = ADVANCED_FACE ( 'NONE', ( #1562 ), #2283, .F. ) ;
#2442 = VECTOR ( 'NONE', #1855, 39.37007874015748143 ) ;
#2443 = LINE ( 'NONE', #78, #2241 ) ;
#2444 = CARTESIAN_POINT ( 'NONE',  ( 1.299212598425196985, 4.330708661417323135, 0.5511811023622047445 ) ) ;
#2445 = VECTOR ( 'NONE', #1071, 39.37007874015748143 ) ;
#2446 = ORIENTED_EDGE ( 'NONE', *, *, #1114, .F. ) ;
#2447 = ORIENTED_EDGE ( 'NONE', *, *, #701, .T. ) ;
#2448 = CARTESIAN_POINT ( 'NONE',  ( 0.9448818897637796255, 2.165354330708661568, 0.5511811023622047445 ) ) ;
#2449 = VECTOR ( 'NONE', #2816, 39.37007874015748143 ) ;
#2450 = ADVANCED_FACE ( 'NONE', ( #2513 ), #2303, .F. ) ;
#2451 = VECTOR ( 'NONE', #2022, 39.37007874015748143 ) ;
#2452 = APPROVAL_DATE_TIME ( #2690, #1382 ) ;
#2453 = LINE ( 'NONE', #1960, #2293 ) ;
#2454 = VECTOR ( 'NONE', #2519, 39.37007874015748143 ) ;
#2455 = EDGE_CURVE ( 'NONE', #2783, #2550, #1815, .T. ) ;
#2456 = ADVANCED_FACE ( 'NONE', ( #129 ), #388, .F. ) ;
#2457 = EDGE_CURVE ( 'NONE', #2607, #2379, #1304, .T. ) ;
#2458 = DIRECTION ( 'NONE',  ( 0.000000000000000000, 0.000000000000000000, -1.000000000000000000 ) ) ;
#2459 = CARTESIAN_POINT ( 'NONE',  ( 1.181102362204724310, 1.929133858267716661, 0.000000000000000000 ) ) ;
#2460 = VERTEX_POINT ( 'NONE', #2035 ) ;
#2461 = ORIENTED_EDGE ( 'NONE', *, *, #2809, .T. ) ;
#2462 = LINE ( 'NONE', #3009, #427 ) ;
#2463 = EDGE_CURVE ( 'NONE', #560, #356, #3001, .T. ) ;
#2464 = DIRECTION ( 'NONE',  ( -1.000000000000000000, -0.000000000000000000, -0.000000000000000000 ) ) ;
#2465 = LINE ( 'NONE', #759, #1169 ) ;
#2466 = ORIENTED_EDGE ( 'NONE', *, *, #2819, .F. ) ;
#2467 = CARTESIAN_POINT ( 'NONE',  ( -1.181102362204724310, 0.000000000000000000, 0.5511811023622047445 ) ) ;
#2468 = CARTESIAN_POINT ( 'NONE',  ( -1.181102362204724310, 0.000000000000000000, 0.000000000000000000 ) ) ;
#2469 = CARTESIAN_POINT ( 'NONE',  ( -1.181102362204724310, 0.000000000000000000, 0.5511811023622047445 ) ) ;
#2470 = CARTESIAN_POINT ( 'NONE',  ( 1.181102362204724310, 5.393700787401574992, 0.000000000000000000 ) ) ;
#2471 = VERTEX_POINT ( 'NONE', #192 ) ;
#2472 = ORIENTED_EDGE ( 'NONE', *, *, #1483, .T. ) ;
#2473 = CARTESIAN_POINT ( 'NONE',  ( -1.181102362204724310, 3.897637795275590733, 0.5511811023622047445 ) ) ;
#2474 = CARTESIAN_POINT ( 'NONE',  ( 0.9448818897637796255, 4.527559055118110187, 0.000000000000000000 ) ) ;
#2475 = LINE ( 'NONE', #2744, #2994 ) ;
#2476 = EDGE_CURVE ( 'NONE', #1937, #1574, #2826, .T. ) ;
#2477 = ORIENTED_EDGE ( 'NONE', *, *, #386, .T. ) ;
#2478 = MANIFOLD_SOLID_BREP ( 'BridgeFoot', #2943 ) ;
#2479 = DIRECTION ( 'NONE',  ( -0.000000000000000000, -1.000000000000000000, -0.000000000000000000 ) ) ;
#2480 = EDGE_CURVE ( 'NONE', #1950, #1811, #1922, .T. ) ;
#2481 = LINE ( 'NONE', #2020, #2197 ) ;
#2482 = CARTESIAN_POINT ( 'NONE',  ( 0.9448818897637796255, 3.031496062992125928, 0.000000000000000000 ) ) ;
#2483 = CARTESIAN_POINT ( 'NONE',  ( -1.299212598425196985, 3.031496062992125928, 0.000000000000000000 ) ) ;
#2484 = EDGE_LOOP ( 'NONE', ( #1035, #2795, #573, #20 ) ) ;
#2485 = VERTEX_POINT ( 'NONE', #2147 ) ;
#2486 = DIRECTION ( 'NONE',  ( 1.000000000000000000, 0.000000000000000000, 0.000000000000000000 ) ) ;
#2487 = ADVANCED_FACE ( 'NONE', ( #698 ), #3120, .F. ) ;
#2488 = DIRECTION ( 'NONE',  ( -0.000000000000000000, 1.000000000000000000, 0.000000000000000000 ) ) ;
#2489 = PLANE ( 'NONE',  #2493 ) ;
#2490 = ORIENTED_EDGE ( 'NONE', *, *, #611, .F. ) ;
#2491 = AXIS2_PLACEMENT_3D ( 'NONE', #208, #1448, #1923 ) ;
#2492 = LINE ( 'NONE', #1290, #2641 ) ;
#2493 = AXIS2_PLACEMENT_3D ( 'NONE', #539, #1476, #271 ) ;
#2494 = CALENDAR_DATE ( 2026, 2, 7 ) ;
#2495 = ORIENTED_EDGE ( 'NONE', *, *, #552, .T. ) ;
#2496 = VECTOR ( 'NONE', #900, 39.37007874015748143 ) ;
#2497 = CARTESIAN_POINT ( 'NONE',  ( -1.299212598425196985, 1.299212598425196985, 0.000000000000000000 ) ) ;
#2498 = EDGE_CURVE ( 'NONE', #224, #1937, #1672, .T. ) ;
#2499 = VECTOR ( 'NONE', #3088, 39.37007874015748143 ) ;
#2500 = CARTESIAN_POINT ( 'NONE',  ( 1.181102362204724310, 0.000000000000000000, 0.5511811023622047445 ) ) ;
#2501 = VECTOR ( 'NONE', #544, 39.37007874015748143 ) ;
#2502 = ORIENTED_EDGE ( 'NONE', *, *, #1353, .F. ) ;
#2503 = VECTOR ( 'NONE', #1932, 39.37007874015748143 ) ;
#2504 = VERTEX_POINT ( 'NONE', #1156 ) ;
#2505 = LINE ( 'NONE', #1772, #72 ) ;
#2506 = DIRECTION ( 'NONE',  ( -0.000000000000000000, -1.000000000000000000, -0.000000000000000000 ) ) ;
#2507 = CARTESIAN_POINT ( 'NONE',  ( 0.9448818897637796255, 5.196850393700787940, 0.000000000000000000 ) ) ;
#2508 = ORIENTED_EDGE ( 'NONE', *, *, #736, .F. ) ;
#2509 = CC_DESIGN_PERSON_AND_ORGANIZATION_ASSIGNMENT ( #2239, #69, ( #2868 ) ) ;
#2510 = LINE ( 'NONE', #1301, #409 ) ;
#2511 = APPROVAL_STATUS ( 'not_yet_approved' ) ;
#2512 = EDGE_LOOP ( 'NONE', ( #128, #3083, #2834, #1422 ) ) ;
#2513 = FACE_OUTER_BOUND ( 'NONE', #64, .T. ) ;
#2514 = CARTESIAN_POINT ( 'NONE',  ( 1.299212598425196985, 4.960629921259842590, 0.5511811023622047445 ) ) ;
#2515 = VECTOR ( 'NONE', #1370, 39.37007874015748143 ) ;
#2516 = DIRECTION ( 'NONE',  ( 0.000000000000000000, 0.000000000000000000, 1.000000000000000000 ) ) ;
#2517 = LOCAL_TIME ( 16, 16, 7.000000000000000000, #2256 ) ;
#2518 = ORIENTED_EDGE ( 'NONE', *, *, #2238, .T. ) ;
#2519 = DIRECTION ( 'NONE',  ( 0.000000000000000000, -0.000000000000000000, 1.000000000000000000 ) ) ;
#2520 = DIRECTION ( 'NONE',  ( 0.000000000000000000, 0.000000000000000000, -1.000000000000000000 ) ) ;
#2521 = LINE ( 'NONE', #1839, #109 ) ;
#2522 = ORIENTED_EDGE ( 'NONE', *, *, #1306, .T. ) ;
#2523 = ADVANCED_FACE ( 'NONE', ( #1686 ), #2129, .F. ) ;
#2524 = DIRECTION ( 'NONE',  ( -0.000000000000000000, -1.000000000000000000, -0.000000000000000000 ) ) ;
#2525 = PERSON_AND_ORGANIZATION ( #169, #2060 ) ;
#2526 = EDGE_LOOP ( 'NONE', ( #1700, #1050, #140, #1706 ) ) ;
#2527 = DIRECTION ( 'NONE',  ( -0.000000000000000000, 1.000000000000000000, 0.000000000000000000 ) ) ;
#2528 = EDGE_CURVE ( 'NONE', #3068, #2321, #485, .T. ) ;
#2529 = DIRECTION ( 'NONE',  ( 1.000000000000000000, 0.000000000000000000, 0.000000000000000000 ) ) ;
#2530 = VERTEX_POINT ( 'NONE', #2161 ) ;
#2531 = ORIENTED_EDGE ( 'NONE', *, *, #1924, .F. ) ;
#2532 = CARTESIAN_POINT ( 'NONE',  ( 1.181102362204724310, 0.000000000000000000, 0.000000000000000000 ) ) ;
#2533 = DIRECTION ( 'NONE',  ( 1.000000000000000000, 0.000000000000000000, 0.000000000000000000 ) ) ;
#2534 = LINE ( 'NONE', #1604, #2797 ) ;
#2535 = LINE ( 'NONE', #2278, #1019 ) ;
#2536 = ADVANCED_FACE ( 'NONE', ( #450 ), #2380, .F. ) ;
#2537 = ORIENTED_EDGE ( 'NONE', *, *, #1369, .T. ) ;
#2538 = FACE_OUTER_BOUND ( 'NONE', #2333, .T. ) ;
#2539 = VECTOR ( 'NONE', #699, 39.37007874015748143 ) ;
#2540 = VERTEX_POINT ( 'NONE', #3134 ) ;
#2541 = ORIENTED_EDGE ( 'NONE', *, *, #243, .T. ) ;
#2542 = DIRECTION ( 'NONE',  ( 0.000000000000000000, 0.000000000000000000, 1.000000000000000000 ) ) ;
#2543 = EDGE_LOOP ( 'NONE', ( #2446, #1556, #948, #2740 ) ) ;
#2544 = AXIS2_PLACEMENT_3D ( 'NONE', #237, #1443, #916 ) ;
#2545 = EDGE_CURVE ( 'NONE', #75, #1046, #1143, .T. ) ;
#2546 = VECTOR ( 'NONE', #1631, 39.37007874015748143 ) ;
#2547 = FACE_OUTER_BOUND ( 'NONE', #839, .T. ) ;
#2548 = EDGE_CURVE ( 'NONE', #178, #2550, #1893, .T. ) ;
#2549 = AXIS2_PLACEMENT_3D ( 'NONE', #2045, #1808, #1568 ) ;
#2550 = VERTEX_POINT ( 'NONE', #1908 ) ;
#2551 = ORIENTED_EDGE ( 'NONE', *, *, #994, .T. ) ;
#2552 = DIRECTION ( 'NONE',  ( 0.000000000000000000, 0.000000000000000000, -1.000000000000000000 ) ) ;
#2553 = VECTOR ( 'NONE', #2860, 39.37007874015748143 ) ;
#2554 = CARTESIAN_POINT ( 'NONE',  ( -1.299212598425196985, 5.196850393700787940, 0.000000000000000000 ) ) ;
#2555 = LINE ( 'NONE', #1838, #1887 ) ;
#2556 = CARTESIAN_POINT ( 'NONE',  ( -0.9448818897637796255, 3.661417322834645827, 0.000000000000000000 ) ) ;
#2557 = VECTOR ( 'NONE', #1200, 39.37007874015748143 ) ;
#2558 = ORIENTED_EDGE ( 'NONE', *, *, #746, .F. ) ;
#2559 = LINE ( 'NONE', #383, #2086 ) ;
#2560 = APPROVAL_ROLE ( '' ) ;
#2561 = VERTEX_POINT ( 'NONE', #1172 ) ;
#2562 = DIRECTION ( 'NONE',  ( 0.000000000000000000, -0.000000000000000000, 1.000000000000000000 ) ) ;
#2563 = LINE ( 'NONE', #831, #3111 ) ;
#2564 = ORIENTED_EDGE ( 'NONE', *, *, #1483, .F. ) ;
#2565 = LINE ( 'NONE', #392, #2515 ) ;
#2566 = AXIS2_PLACEMENT_3D ( 'NONE', #1484, #1691, #1974 ) ;
#2567 = CARTESIAN_POINT ( 'NONE',  ( -0.9448818897637796255, 2.165354330708661568, 0.5511811023622047445 ) ) ;
#2568 = DIRECTION ( 'NONE',  ( 0.000000000000000000, 1.000000000000000000, 0.000000000000000000 ) ) ;
#2569 = CARTESIAN_POINT ( 'NONE',  ( -1.181102362204724310, 3.031496062992125928, 0.000000000000000000 ) ) ;
#2570 = EDGE_LOOP ( 'NONE', ( #2745, #112, #2664, #309 ) ) ;
#2571 = EDGE_CURVE ( 'NONE', #1477, #1261, #2417, .T. ) ;
#2572 = LINE ( 'NONE', #173, #1530 ) ;
#2573 = ORIENTED_EDGE ( 'NONE', *, *, #2356, .T. ) ;
#2574 = ORIENTED_EDGE ( 'NONE', *, *, #2910, .T. ) ;
#2575 = CARTESIAN_POINT ( 'NONE',  ( 1.181102362204724310, 0.000000000000000000, 0.5511811023622047445 ) ) ;
#2576 = EDGE_CURVE ( 'NONE', #795, #1771, #2873, .T. ) ;
#2577 = CARTESIAN_POINT ( 'NONE',  ( 1.181102362204724310, 0.000000000000000000, 0.5511811023622047445 ) ) ;
#2578 = CARTESIAN_POINT ( 'NONE',  ( 0.9448818897637796255, 4.094488188976377785, 0.000000000000000000 ) ) ;
#2579 = CARTESIAN_POINT ( 'NONE',  ( 1.299212598425196985, 4.330708661417323135, 0.000000000000000000 ) ) ;
#2580 = DIRECTION ( 'NONE',  ( 0.000000000000000000, 0.000000000000000000, -1.000000000000000000 ) ) ;
#2581 = CARTESIAN_POINT ( 'NONE',  ( 1.181102362204724310, 4.763779527559055538, 0.5511811023622047445 ) ) ;
#2582 = ORIENTED_EDGE ( 'NONE', *, *, #2640, .T. ) ;
#2583 = EDGE_CURVE ( 'NONE', #284, #341, #464, .T. ) ;
#2584 = EDGE_LOOP ( 'NONE', ( #918, #2866, #2771, #1607 ) ) ;
#2585 = DIRECTION ( 'NONE',  ( -1.000000000000000000, 0.000000000000000000, 0.000000000000000000 ) ) ;
#2586 = CARTESIAN_POINT ( 'NONE',  ( 1.181102362204724310, 5.905511811023622215, 0.000000000000000000 ) ) ;
#2587 = EDGE_CURVE ( 'NONE', #2275, #2750, #2886, .T. ) ;
#2588 = EDGE_LOOP ( 'NONE', ( #132, #2032, #2138, #384 ) ) ;
#2589 = DIRECTION ( 'NONE',  ( 0.000000000000000000, 1.000000000000000000, 0.000000000000000000 ) ) ;
#2590 = VECTOR ( 'NONE', #1465, 39.37007874015748143 ) ;
#2591 = VECTOR ( 'NONE', #127, 39.37007874015748143 ) ;
#2592 = LINE ( 'NONE', #2150, #1129 ) ;
#2593 = ADVANCED_FACE ( 'NONE', ( #3069 ), #1862, .F. ) ;
#2594 = AXIS2_PLACEMENT_3D ( 'NONE', #981, #1952, #2918 ) ;
#2595 = DIRECTION ( 'NONE',  ( 0.000000000000000000, -0.000000000000000000, 1.000000000000000000 ) ) ;
#2596 = DIRECTION ( 'NONE',  ( -1.000000000000000000, -0.000000000000000000, -0.000000000000000000 ) ) ;
#2597 = VECTOR ( 'NONE', #2405, 39.37007874015748143 ) ;
#2598 = LINE ( 'NONE', #454, #924 ) ;
#2599 = DIRECTION ( 'NONE',  ( 0.000000000000000000, 0.000000000000000000, 1.000000000000000000 ) ) ;
#2600 = EDGE_LOOP ( 'NONE', ( #2274, #2267, #1535, #1185 ) ) ;
#2601 = ORIENTED_EDGE ( 'NONE', *, *, #1502, .T. ) ;
#2602 = CARTESIAN_POINT ( 'NONE',  ( 0.9448818897637796255, 1.732283464566929165, 0.000000000000000000 ) ) ;
#2603 = VECTOR ( 'NONE', #1722, 39.37007874015748143 ) ;
#2604 = ORIENTED_EDGE ( 'NONE', *, *, #1032, .F. ) ;
#2605 = VECTOR ( 'NONE', #1147, 39.37007874015748143 ) ;
#2606 = CC_DESIGN_PERSON_AND_ORGANIZATION_ASSIGNMENT ( #2749, #1545, ( #637 ) ) ;
#2607 = VERTEX_POINT ( 'NONE', #2115 ) ;
#2608 = DIRECTION ( 'NONE',  ( -1.000000000000000000, 0.000000000000000000, 0.000000000000000000 ) ) ;
#2609 = LINE ( 'NONE', #1206, #2840 ) ;
#2610 = LINE ( 'NONE', #1144, #371 ) ;
#2611 = ADVANCED_FACE ( 'NONE', ( #3084 ), #905, .F. ) ;
#2612 = LINE ( 'NONE', #1180, #2194 ) ;
#2613 = DIRECTION ( 'NONE',  ( 0.000000000000000000, -0.000000000000000000, -1.000000000000000000 ) ) ;
#2614 = DIRECTION ( 'NONE',  ( 1.000000000000000000, 0.000000000000000000, 0.000000000000000000 ) ) ;
#2615 = ORIENTED_EDGE ( 'NONE', *, *, #2528, .F. ) ;
#2616 = VECTOR ( 'NONE', #259, 39.37007874015748143 ) ;
#2617 = ORIENTED_EDGE ( 'NONE', *, *, #577, .F. ) ;
#2618 = CARTESIAN_POINT ( 'NONE',  ( -1.299212598425196985, 3.897637795275590733, 0.000000000000000000 ) ) ;
#2619 = ORIENTED_EDGE ( 'NONE', *, *, #1583, .F. ) ;
#2620 = VERTEX_POINT ( 'NONE', #1205 ) ;
#2621 = CARTESIAN_POINT ( 'NONE',  ( 0.9448818897637796255, 3.464566929133858331, 0.000000000000000000 ) ) ;
#2622 = ORIENTED_EDGE ( 'NONE', *, *, #2777, .T. ) ;
#2623 = EDGE_CURVE ( 'NONE', #462, #171, #1512, .T. ) ;
#2624 = CARTESIAN_POINT ( 'NONE',  ( -0.9448818897637796255, 5.629921259842519454, 0.000000000000000000 ) ) ;
#2625 = EDGE_CURVE ( 'NONE', #1966, #235, #2687, .T. ) ;
#2626 = DIRECTION ( 'NONE',  ( 0.000000000000000000, -1.000000000000000000, -0.000000000000000000 ) ) ;
#2627 = DIRECTION ( 'NONE',  ( -1.000000000000000000, -0.000000000000000000, -0.000000000000000000 ) ) ;
#2628 = CARTESIAN_POINT ( 'NONE',  ( 1.181102362204724310, 2.795275590551181022, 0.000000000000000000 ) ) ;
#2629 = ORIENTED_EDGE ( 'NONE', *, *, #1048, .T. ) ;
#2630 = ORIENTED_EDGE ( 'NONE', *, *, #3019, .T. ) ;
#2631 = CARTESIAN_POINT ( 'NONE',  ( -1.181102362204724310, 2.165354330708661568, 0.000000000000000000 ) ) ;
#2632 = PLANE ( 'NONE',  #1070 ) ;
#2633 = CARTESIAN_POINT ( 'NONE',  ( -1.299212598425196985, 2.165354330708661568, 0.000000000000000000 ) ) ;
#2634 = EDGE_CURVE ( 'NONE', #1429, #341, #2732, .T. ) ;
#2635 = ORIENTED_EDGE ( 'NONE', *, *, #2968, .T. ) ;
#2636 = ORIENTED_EDGE ( 'NONE', *, *, #246, .F. ) ;
#2637 = DIRECTION ( 'NONE',  ( -1.000000000000000000, -0.000000000000000000, -0.000000000000000000 ) ) ;
#2638 = PLANE ( 'NONE',  #1118 ) ;
#2639 = CARTESIAN_POINT ( 'NONE',  ( 1.181102362204724310, 0.000000000000000000, 0.5511811023622047445 ) ) ;
#2640 = EDGE_CURVE ( 'NONE', #3092, #138, #1474, .T. ) ;
#2641 = VECTOR ( 'NONE', #2720, 39.37007874015748143 ) ;
#2642 = EDGE_CURVE ( 'NONE', #463, #1656, #980, .T. ) ;
#2643 = DIRECTION ( 'NONE',  ( 0.000000000000000000, 1.000000000000000000, 0.000000000000000000 ) ) ;
#2644 = DIRECTION ( 'NONE',  ( 0.000000000000000000, 1.000000000000000000, 0.000000000000000000 ) ) ;
#2645 = DIRECTION ( 'NONE',  ( -1.000000000000000000, 0.000000000000000000, 0.000000000000000000 ) ) ;
#2646 = AXIS2_PLACEMENT_3D ( 'NONE', #2077, #1605, #1554 ) ;
#2647 = EDGE_LOOP ( 'NONE', ( #2961, #70, #3048, #1446 ) ) ;
#2648 = ORIENTED_EDGE ( 'NONE', *, *, #2413, .T. ) ;
#2649 = CARTESIAN_POINT ( 'NONE',  ( 0.9448818897637796255, 4.330708661417323135, 0.000000000000000000 ) ) ;
#2650 = VECTOR ( 'NONE', #2359, 39.37007874015748143 ) ;
#2651 = LINE ( 'NONE', #2141, #14 ) ;
#2652 = DIRECTION ( 'NONE',  ( 0.000000000000000000, 1.000000000000000000, 0.000000000000000000 ) ) ;
#2653 = VECTOR ( 'NONE', #1782, 39.37007874015748143 ) ;
#2654 = ORIENTED_EDGE ( 'NONE', *, *, #1583, .T. ) ;
#2655 = ORIENTED_EDGE ( 'NONE', *, *, #3071, .F. ) ;
#2656 = VECTOR ( 'NONE', #1804, 39.37007874015748143 ) ;
#2657 = DIRECTION ( 'NONE',  ( -1.000000000000000000, 0.000000000000000000, 0.000000000000000000 ) ) ;
#2658 = CARTESIAN_POINT ( 'NONE',  ( -1.299212598425196985, 2.598425196850393970, 0.5511811023622047445 ) ) ;
#2659 = VECTOR ( 'NONE', #639, 39.37007874015748143 ) ;
#2660 = CALENDAR_DATE ( 2026, 2, 7 ) ;
#2661 = DIRECTION ( 'NONE',  ( 0.000000000000000000, 0.000000000000000000, -1.000000000000000000 ) ) ;
#2662 = FACE_OUTER_BOUND ( 'NONE', #938, .T. ) ;
#2663 = PLANE ( 'NONE',  #1384 ) ;
#2664 = ORIENTED_EDGE ( 'NONE', *, *, #2310, .T. ) ;
#2665 = ORIENTED_EDGE ( 'NONE', *, *, #2642, .F. ) ;
#2666 = LINE ( 'NONE', #949, #2557 ) ;
#2667 = LINE ( 'NONE', #1236, #1532 ) ;
#2668 = CARTESIAN_POINT ( 'NONE',  ( -1.181102362204724310, 1.929133858267716661, 0.5511811023622047445 ) ) ;
#2669 = VECTOR ( 'NONE', #2721, 39.37007874015748143 ) ;
#2670 = ORIENTED_EDGE ( 'NONE', *, *, #792, .T. ) ;
#2671 = EDGE_CURVE ( 'NONE', #3070, #962, #2426, .T. ) ;
#2672 = EDGE_LOOP ( 'NONE', ( #1170, #1613, #476, #2558 ) ) ;
#2673 = CARTESIAN_POINT ( 'NONE',  ( 1.299212598425196985, 3.228346456692913424, 0.000000000000000000 ) ) ;
#2674 = LINE ( 'NONE', #502, #1943 ) ;
#2675 = EDGE_CURVE ( 'NONE', #985, #2408, #2931, .T. ) ;
#2676 = CARTESIAN_POINT ( 'NONE',  ( -0.9448818897637796255, 1.929133858267716661, 0.000000000000000000 ) ) ;
#2677 = DIRECTION ( 'NONE',  ( 0.000000000000000000, 1.000000000000000000, 0.000000000000000000 ) ) ;
#2678 = DIRECTION ( 'NONE',  ( -0.000000000000000000, 1.000000000000000000, 0.000000000000000000 ) ) ;
#2679 = ORIENTED_EDGE ( 'NONE', *, *, #1733, .T. ) ;
#2680 = ORIENTED_EDGE ( 'NONE', *, *, #629, .F. ) ;
#2681 = LINE ( 'NONE', #1495, #625 ) ;
#2682 = CARTESIAN_POINT ( 'NONE',  ( -1.299212598425196985, 1.732283464566929165, 0.000000000000000000 ) ) ;
#2683 = DIRECTION ( 'NONE',  ( 0.000000000000000000, 1.000000000000000000, 0.000000000000000000 ) ) ;
#2684 = EDGE_CURVE ( 'NONE', #2471, #1190, #507, .T. ) ;
#2685 = ORIENTED_EDGE ( 'NONE', *, *, #2384, .F. ) ;
#2686 = EDGE_LOOP ( 'NONE', ( #350, #2696, #1255, #3052, #2229, #2466, #815, #2881 ) ) ;
#2687 = LINE ( 'NONE', #1480, #983 ) ;
#2688 = CARTESIAN_POINT ( 'NONE',  ( -1.299212598425196985, 4.960629921259842590, 0.000000000000000000 ) ) ;
#2689 = EDGE_CURVE ( 'NONE', #1249, #2885, #2666, .T. ) ;
#2690 = DATE_AND_TIME ( #2660, #2969 ) ;
#2691 = EDGE_CURVE ( 'NONE', #3029, #1398, #1165, .T. ) ;
#2692 = CARTESIAN_POINT ( 'NONE',  ( 0.9448818897637796255, 1.732283464566929165, 0.000000000000000000 ) ) ;
#2693 = FACE_OUTER_BOUND ( 'NONE', #621, .T. ) ;
#2694 = CARTESIAN_POINT ( 'NONE',  ( -1.181102362204724310, 3.464566929133858331, 0.5511811023622047445 ) ) ;
#2695 = VECTOR ( 'NONE', #4, 39.37007874015748143 ) ;
#2696 = ORIENTED_EDGE ( 'NONE', *, *, #2375, .T. ) ;
#2697 = ORIENTED_EDGE ( 'NONE', *, *, #2476, .T. ) ;
#2698 = DIRECTION ( 'NONE',  ( 0.000000000000000000, 1.000000000000000000, 0.000000000000000000 ) ) ;
#2699 = AXIS2_PLACEMENT_3D ( 'NONE', #2507, #1524, #1774 ) ;
#2700 = CARTESIAN_POINT ( 'NONE',  ( 1.181102362204724310, 0.000000000000000000, 0.000000000000000000 ) ) ;
#2701 = DIRECTION ( 'NONE',  ( 0.000000000000000000, -0.000000000000000000, 1.000000000000000000 ) ) ;
#2702 = VECTOR ( 'NONE', #2464, 39.37007874015748143 ) ;
#2703 = ORIENTED_EDGE ( 'NONE', *, *, #2895, .T. ) ;
#2704 = ORIENTED_EDGE ( 'NONE', *, *, #1289, .T. ) ;
#2705 = DIRECTION ( 'NONE',  ( 0.000000000000000000, -0.000000000000000000, -1.000000000000000000 ) ) ;
#2706 = FACE_OUTER_BOUND ( 'NONE', #1920, .T. ) ;
#2707 = VECTOR ( 'NONE', #1008, 39.37007874015748143 ) ;
#2708 = VECTOR ( 'NONE', #2828, 39.37007874015748143 ) ;
#2709 = APPLICATION_PROTOCOL_DEFINITION ( 'international standard', 'config_control_design', 1994, #2196 ) ;
#2710 = DIRECTION ( 'NONE',  ( -1.000000000000000000, -0.000000000000000000, -0.000000000000000000 ) ) ;
#2711 = VECTOR ( 'NONE', #1715, 39.37007874015748143 ) ;
#2712 = EDGE_CURVE ( 'NONE', #335, #597, #1423, .T. ) ;
#2713 = CARTESIAN_POINT ( 'NONE',  ( -0.9448818897637796255, 4.330708661417323135, 0.000000000000000000 ) ) ;
#2714 = ORIENTED_EDGE ( 'NONE', *, *, #2824, .F. ) ;
#2715 = ORIENTED_EDGE ( 'NONE', *, *, #465, .T. ) ;
#2716 = LINE ( 'NONE', #146, #2659 ) ;
#2717 = DIRECTION ( 'NONE',  ( -0.000000000000000000, -0.000000000000000000, 1.000000000000000000 ) ) ;
#2718 = LINE ( 'NONE', #1266, #416 ) ;
#2719 = ORIENTED_EDGE ( 'NONE', *, *, #465, .F. ) ;
#2720 = DIRECTION ( 'NONE',  ( -0.000000000000000000, -1.000000000000000000, -0.000000000000000000 ) ) ;
#2721 = DIRECTION ( 'NONE',  ( -0.000000000000000000, -1.000000000000000000, -0.000000000000000000 ) ) ;
#2722 = LINE ( 'NONE', #2956, #2501 ) ;
#2723 = EDGE_CURVE ( 'NONE', #1623, #1901, #1458, .T. ) ;
#2724 = CARTESIAN_POINT ( 'NONE',  ( -1.181102362204724310, 2.795275590551181022, 0.5511811023622047445 ) ) ;
#2725 = ORIENTED_EDGE ( 'NONE', *, *, #2403, .T. ) ;
#2726 = EDGE_CURVE ( 'NONE', #2390, #174, #963, .T. ) ;
#2727 = ORIENTED_EDGE ( 'NONE', *, *, #1426, .T. ) ;
#2728 = DIRECTION ( 'NONE',  ( 0.000000000000000000, 0.000000000000000000, -1.000000000000000000 ) ) ;
#2729 = DIRECTION ( 'NONE',  ( -1.000000000000000000, -0.000000000000000000, -0.000000000000000000 ) ) ;
#2730 = FACE_OUTER_BOUND ( 'NONE', #567, .T. ) ;
#2731 = VERTEX_POINT ( 'NONE', #694 ) ;
#2732 = LINE ( 'NONE', #1951, #2853 ) ;
#2733 = ADVANCED_FACE ( 'NONE', ( #1214 ), #1727, .F. ) ;
#2734 = DIRECTION ( 'NONE',  ( 1.000000000000000000, -0.000000000000000000, -0.000000000000000000 ) ) ;
#2735 = VERTEX_POINT ( 'NONE', #2631 ) ;
#2736 = LINE ( 'NONE', #1225, #1077 ) ;
#2737 = EDGE_CURVE ( 'NONE', #1395, #2291, #13, .T. ) ;
#2738 = PLANE ( 'NONE',  #1588 ) ;
#2739 = ORIENTED_EDGE ( 'NONE', *, *, #3137, .F. ) ;
#2740 = ORIENTED_EDGE ( 'NONE', *, *, #3117, .T. ) ;
#2741 = EDGE_CURVE ( 'NONE', #1498, #1040, #2681, .T. ) ;
#2742 = LINE ( 'NONE', #834, #277 ) ;
#2743 = CARTESIAN_POINT ( 'NONE',  ( 1.299212598425196985, 4.960629921259842590, 0.000000000000000000 ) ) ;
#2744 = CARTESIAN_POINT ( 'NONE',  ( 1.299212598425196985, 3.228346456692913424, 0.5511811023622047445 ) ) ;
#2745 = ORIENTED_EDGE ( 'NONE', *, *, #1369, .F. ) ;
#2746 = AXIS2_PLACEMENT_3D ( 'NONE', #2673, #501, #2192 ) ;
#2747 = DIRECTION ( 'NONE',  ( -1.000000000000000000, 0.000000000000000000, 0.000000000000000000 ) ) ;
#2748 = VECTOR ( 'NONE', #1202, 39.37007874015748143 ) ;
#2749 = PERSON_AND_ORGANIZATION ( #169, #2060 ) ;
#2750 = VERTEX_POINT ( 'NONE', #2204 ) ;
#2751 = VECTOR ( 'NONE', #34, 39.37007874015748143 ) ;
#2752 = PLANE ( 'NONE',  #2756 ) ;
#2753 = DIRECTION ( 'NONE',  ( 1.000000000000000000, 0.000000000000000000, 0.000000000000000000 ) ) ;
#2754 = AXIS2_PLACEMENT_3D ( 'NONE', #1116, #3060, #882 ) ;
#2755 = DIRECTION ( 'NONE',  ( -0.000000000000000000, -0.000000000000000000, 1.000000000000000000 ) ) ;
#2756 = AXIS2_PLACEMENT_3D ( 'NONE', #1128, #2054, #3021 ) ;
#2757 = ORIENTED_EDGE ( 'NONE', *, *, #1757, .T. ) ;
#2758 = VECTOR ( 'NONE', #2221, 39.37007874015748143 ) ;
#2759 = ORIENTED_EDGE ( 'NONE', *, *, #711, .F. ) ;
#2760 = FACE_OUTER_BOUND ( 'NONE', #2512, .T. ) ;
#2761 = LINE ( 'NONE', #2295, #3104 ) ;
#2762 = FACE_OUTER_BOUND ( 'NONE', #602, .T. ) ;
#2763 = ORIENTED_EDGE ( 'NONE', *, *, #2861, .F. ) ;
#2764 = DIRECTION ( 'NONE',  ( 0.000000000000000000, -1.000000000000000000, -0.000000000000000000 ) ) ;
#2765 = ADVANCED_FACE ( 'NONE', ( #997 ), #1967, .F. ) ;
#2766 = ORIENTED_EDGE ( 'NONE', *, *, #2875, .F. ) ;
#2767 = DIRECTION ( 'NONE',  ( -1.000000000000000000, 0.000000000000000000, 0.000000000000000000 ) ) ;
#2768 = LINE ( 'NONE', #589, #269 ) ;
#2769 = CARTESIAN_POINT ( 'NONE',  ( 0.9448818897637796255, 3.661417322834645827, 0.000000000000000000 ) ) ;
#2770 = ADVANCED_FACE ( 'NONE', ( #3130 ), #2392, .F. ) ;
#2771 = ORIENTED_EDGE ( 'NONE', *, *, #386, .F. ) ;
#2772 = EDGE_LOOP ( 'NONE', ( #2397, #696, #1010, #2447 ) ) ;
#2773 = CARTESIAN_POINT ( 'NONE',  ( -1.299212598425196985, 1.062992125984252079, 0.000000000000000000 ) ) ;
#2774 = DIRECTION ( 'NONE',  ( 1.000000000000000000, 0.000000000000000000, 0.000000000000000000 ) ) ;
#2775 = LINE ( 'NONE', #837, #2442 ) ;
#2776 = ORIENTED_EDGE ( 'NONE', *, *, #1660, .F. ) ;
#2777 = EDGE_CURVE ( 'NONE', #2074, #174, #522, .T. ) ;
#2778 = LINE ( 'NONE', #614, #2186 ) ;
#2779 = VERTEX_POINT ( 'NONE', #934 ) ;
#2780 = CARTESIAN_POINT ( 'NONE',  ( -1.181102362204724310, 0.000000000000000000, 0.5511811023622047445 ) ) ;
#2781 = VERTEX_POINT ( 'NONE', #1917 ) ;
#2782 = DIRECTION ( 'NONE',  ( 0.000000000000000000, -0.000000000000000000, 1.000000000000000000 ) ) ;
#2783 = VERTEX_POINT ( 'NONE', #2882 ) ;
#2784 = VERTEX_POINT ( 'NONE', #2411 ) ;
#2785 = CARTESIAN_POINT ( 'NONE',  ( -1.181102362204724310, 4.094488188976377785, 0.5511811023622047445 ) ) ;
#2786 = FACE_OUTER_BOUND ( 'NONE', #2425, .T. ) ;
#2787 = FACE_OUTER_BOUND ( 'NONE', #2686, .T. ) ;
#2788 = VERTEX_POINT ( 'NONE', #236 ) ;
#2789 = LINE ( 'NONE', #2066, #1935 ) ;
#2790 = VECTOR ( 'NONE', #1060, 39.37007874015748143 ) ;
#2791 = ORIENTED_EDGE ( 'NONE', *, *, #999, .F. ) ;
#2792 = PERSON_AND_ORGANIZATION_ROLE ( 'classification_officer' ) ;
#2793 = ORIENTED_EDGE ( 'NONE', *, *, #1976, .F. ) ;
#2794 = PLANE ( 'NONE',  #322 ) ;
#2795 = ORIENTED_EDGE ( 'NONE', *, *, #2777, .F. ) ;
#2796 = VECTOR ( 'NONE', #2280, 39.37007874015748143 ) ;
#2797 = VECTOR ( 'NONE', #344, 39.37007874015748143 ) ;
#2798 = CARTESIAN_POINT ( 'NONE',  ( -0.9448818897637796255, 5.196850393700787940, 0.000000000000000000 ) ) ;
#2799 = AXIS2_PLACEMENT_3D ( 'NONE', #2036, #504, #1724 ) ;
#2800 = DIRECTION ( 'NONE',  ( 0.000000000000000000, 0.000000000000000000, -1.000000000000000000 ) ) ;
#2801 = EDGE_CURVE ( 'NONE', #993, #1811, #1552, .T. ) ;
#2802 = AXIS2_PLACEMENT_3D ( 'NONE', #3072, #1339, #1083 ) ;
#2803 = LINE ( 'NONE', #3059, #2093 ) ;
#2804 = FACE_OUTER_BOUND ( 'NONE', #315, .T. ) ;
#2805 = DIRECTION ( 'NONE',  ( -1.000000000000000000, 0.000000000000000000, 0.000000000000000000 ) ) ;
#2806 = VECTOR ( 'NONE', #861, 39.37007874015748143 ) ;
#2807 = ORIENTED_EDGE ( 'NONE', *, *, #2413, .F. ) ;
#2808 = PLANE ( 'NONE',  #1784 ) ;
#2809 = EDGE_CURVE ( 'NONE', #1220, #612, #2742, .T. ) ;
#2810 = ORIENTED_EDGE ( 'NONE', *, *, #2992, .F. ) ;
#2811 = PLANE ( 'NONE',  #670 ) ;
#2812 = LINE ( 'NONE', #1818, #2955 ) ;
#2813 = EDGE_CURVE ( 'NONE', #3015, #885, #2012, .T. ) ;
#2814 = PLANE ( 'NONE',  #1045 ) ;
#2815 = VECTOR ( 'NONE', #421, 39.37007874015748143 ) ;
#2816 = DIRECTION ( 'NONE',  ( 0.000000000000000000, 1.000000000000000000, 0.000000000000000000 ) ) ;
#2817 = LINE ( 'NONE', #896, #566 ) ;
#2818 = PLANE ( 'NONE',  #613 ) ;
#2819 = EDGE_CURVE ( 'NONE', #2418, #884, #1536, .T. ) ;
#2820 = ORIENTED_EDGE ( 'NONE', *, *, #2352, .F. ) ;
#2821 = EDGE_LOOP ( 'NONE', ( #1780, #1856, #1355, #1250 ) ) ;
#2822 = CARTESIAN_POINT ( 'NONE',  ( 0.9448818897637796255, 3.464566929133858331, 0.5511811023622047445 ) ) ;
#2823 = ORIENTED_EDGE ( 'NONE', *, *, #629, .T. ) ;
#2824 = EDGE_CURVE ( 'NONE', #780, #906, #2250, .T. ) ;
#2825 = ORIENTED_EDGE ( 'NONE', *, *, #1606, .T. ) ;
#2826 = LINE ( 'NONE', #1875, #2348 ) ;
#2827 = ORIENTED_EDGE ( 'NONE', *, *, #2587, .F. ) ;
#2828 = DIRECTION ( 'NONE',  ( 0.000000000000000000, 0.000000000000000000, -1.000000000000000000 ) ) ;
#2829 = DIRECTION ( 'NONE',  ( -0.000000000000000000, -1.000000000000000000, -0.000000000000000000 ) ) ;
#2830 = PLANE ( 'NONE',  #1791 ) ;
#2831 = CARTESIAN_POINT ( 'NONE',  ( -1.181102362204724310, 0.000000000000000000, 0.5511811023622047445 ) ) ;
#2832 = CARTESIAN_POINT ( 'NONE',  ( 1.181102362204724310, 0.000000000000000000, 0.5511811023622047445 ) ) ;
#2833 = EDGE_CURVE ( 'NONE', #2837, #985, #1807, .T. ) ;
#2834 = ORIENTED_EDGE ( 'NONE', *, *, #100, .T. ) ;
#2835 = EDGE_LOOP ( 'NONE', ( #548, #2725, #2029, #2697 ) ) ;
#2836 = DIRECTION ( 'NONE',  ( 0.000000000000000000, -0.000000000000000000, 1.000000000000000000 ) ) ;
#2837 = VERTEX_POINT ( 'NONE', #45 ) ;
#2838 = ORIENTED_EDGE ( 'NONE', *, *, #1306, .F. ) ;
#2839 = CARTESIAN_POINT ( 'NONE',  ( 1.181102362204724310, 0.000000000000000000, 0.000000000000000000 ) ) ;
#2840 = VECTOR ( 'NONE', #435, 39.37007874015748143 ) ;
#2841 = VECTOR ( 'NONE', #1824, 39.37007874015748143 ) ;
#2842 = CARTESIAN_POINT ( 'NONE',  ( 1.181102362204724310, 2.165354330708661568, 0.5511811023622047445 ) ) ;
#2843 = AXIS2_PLACEMENT_3D ( 'NONE', #231, #2645, #406 ) ;
#2844 = CARTESIAN_POINT ( 'NONE',  ( 1.181102362204724310, 2.795275590551181022, 0.5511811023622047445 ) ) ;
#2845 = LINE ( 'NONE', #1148, #1226 ) ;
#2846 = VECTOR ( 'NONE', #704, 39.37007874015748143 ) ;
#2847 = PLANE ( 'NONE',  #2089 ) ;
#2848 = CARTESIAN_POINT ( 'NONE',  ( 0.9448818897637796255, 1.496062992125984259, 0.000000000000000000 ) ) ;
#2849 = ORIENTED_EDGE ( 'NONE', *, *, #1417, .F. ) ;
#2850 = AXIS2_PLACEMENT_3D ( 'NONE', #2780, #810, #1097 ) ;
#2851 = ORIENTED_EDGE ( 'NONE', *, *, #1424, .T. ) ;
#2852 = DIRECTION ( 'NONE',  ( -0.000000000000000000, 1.000000000000000000, 0.000000000000000000 ) ) ;
#2853 = VECTOR ( 'NONE', #1667, 39.37007874015748143 ) ;
#2854 = EDGE_CURVE ( 'NONE', #1680, #1546, #2978, .T. ) ;
#2855 = VERTEX_POINT ( 'NONE', #58 ) ;
#2856 = EDGE_LOOP ( 'NONE', ( #2102, #2019, #2092, #2366 ) ) ;
#2857 = CARTESIAN_POINT ( 'NONE',  ( -1.299212598425196985, 4.527559055118110187, 0.5511811023622047445 ) ) ;
#2858 = LINE ( 'NONE', #1659, #1219 ) ;
#2859 = EDGE_CURVE ( 'NONE', #1324, #2607, #1263, .T. ) ;
#2860 = DIRECTION ( 'NONE',  ( -0.000000000000000000, -0.000000000000000000, 1.000000000000000000 ) ) ;
#2861 = EDGE_CURVE ( 'NONE', #1267, #933, #1025, .T. ) ;
#2862 = LINE ( 'NONE', #8, #2846 ) ;
#2863 = PLANE ( 'NONE',  #818 ) ;
#2864 = LINE ( 'NONE', #2135, #3054 ) ;
#2865 = ORIENTED_EDGE ( 'NONE', *, *, #1557, .T. ) ;
#2866 = ORIENTED_EDGE ( 'NONE', *, *, #1877, .F. ) ;
#2867 = DIRECTION ( 'NONE',  ( -0.000000000000000000, -0.000000000000000000, 1.000000000000000000 ) ) ;
#2868 = PRODUCT ( 'Kora_Bridge', 'Kora_Bridge', '', ( #1005 ) ) ;
#2869 = CARTESIAN_POINT ( 'NONE',  ( -0.9448818897637796255, 3.228346456692913424, 0.5511811023622047445 ) ) ;
#2870 = ORIENTED_EDGE ( 'NONE', *, *, #2409, .T. ) ;
#2871 = EDGE_CURVE ( 'NONE', #3029, #933, #1281, .T. ) ;
#2872 = ORIENTED_EDGE ( 'NONE', *, *, #3041, .T. ) ;
#2873 = LINE ( 'NONE', #2839, #2958 ) ;
#2874 = DIRECTION ( 'NONE',  ( -0.000000000000000000, -0.000000000000000000, 1.000000000000000000 ) ) ;
#2875 = EDGE_CURVE ( 'NONE', #1023, #3096, #561, .T. ) ;
#2876 = DIRECTION ( 'NONE',  ( 1.000000000000000000, 0.000000000000000000, 0.000000000000000000 ) ) ;
#2877 = CARTESIAN_POINT ( 'NONE',  ( 0.9448818897637796255, 4.960629921259842590, 0.000000000000000000 ) ) ;
#2878 = CARTESIAN_POINT ( 'NONE',  ( -1.299212598425196985, 3.228346456692913424, 0.000000000000000000 ) ) ;
#2879 = LINE ( 'NONE', #1162, #1883 ) ;
#2880 = ORIENTED_EDGE ( 'NONE', *, *, #1885, .T. ) ;
#2881 = ORIENTED_EDGE ( 'NONE', *, *, #423, .T. ) ;
#2882 = CARTESIAN_POINT ( 'NONE',  ( -0.9448818897637796255, 1.496062992125984259, 0.000000000000000000 ) ) ;
#2883 = LINE ( 'NONE', #1682, #2947 ) ;
#2884 = ORIENTED_EDGE ( 'NONE', *, *, #1621, .T. ) ;
#2885 = VERTEX_POINT ( 'NONE', #342 ) ;
#2886 = LINE ( 'NONE', #434, #781 ) ;
#2887 = CARTESIAN_POINT ( 'NONE',  ( 1.181102362204724310, 4.527559055118110187, 0.000000000000000000 ) ) ;
#2888 = DIRECTION ( 'NONE',  ( -0.000000000000000000, -1.000000000000000000, -0.000000000000000000 ) ) ;
#2889 = VECTOR ( 'NONE', #782, 39.37007874015748143 ) ;
#2890 = DIRECTION ( 'NONE',  ( -1.000000000000000000, 0.000000000000000000, 0.000000000000000000 ) ) ;
#2891 = CARTESIAN_POINT ( 'NONE',  ( 1.181102362204724310, 3.464566929133858331, 0.5511811023622047445 ) ) ;
#2892 = CARTESIAN_POINT ( 'NONE',  ( -0.9448818897637796255, 2.362204724409448620, 0.000000000000000000 ) ) ;
#2893 = VECTOR ( 'NONE', #2080, 39.37007874015748143 ) ;
#2894 = ORIENTED_EDGE ( 'NONE', *, *, #1416, .F. ) ;
#2895 = EDGE_CURVE ( 'NONE', #2049, #1623, #1508, .T. ) ;
#2896 = ORIENTED_EDGE ( 'NONE', *, *, #977, .F. ) ;
#2897 = CARTESIAN_POINT ( 'NONE',  ( -0.9448818897637796255, 3.464566929133858331, 0.000000000000000000 ) ) ;
#2898 = AXIS2_PLACEMENT_3D ( 'NONE', #1043, #1496, #288 ) ;
#2899 = DIRECTION ( 'NONE',  ( 0.000000000000000000, 1.000000000000000000, 0.000000000000000000 ) ) ;
#2900 = PLANE ( 'NONE',  #2544 ) ;
#2901 = VECTOR ( 'NONE', #491, 39.37007874015748143 ) ;
#2902 = EDGE_LOOP ( 'NONE', ( #2827, #799, #1376, #2914 ) ) ;
#2903 = ORIENTED_EDGE ( 'NONE', *, *, #941, .T. ) ;
#2904 = VECTOR ( 'NONE', #1768, 39.37007874015748143 ) ;
#2905 = EDGE_CURVE ( 'NONE', #1394, #3097, #77, .T. ) ;
#2906 = DIRECTION ( 'NONE',  ( 0.000000000000000000, 0.000000000000000000, -1.000000000000000000 ) ) ;
#2907 = VECTOR ( 'NONE', #537, 39.37007874015748143 ) ;
#2908 = DIRECTION ( 'NONE',  ( 1.000000000000000000, -0.000000000000000000, -0.000000000000000000 ) ) ;
#2909 = FACE_OUTER_BOUND ( 'NONE', #233, .T. ) ;
#2910 = EDGE_CURVE ( 'NONE', #486, #1317, #2505, .T. ) ;
#2911 = DIRECTION ( 'NONE',  ( -1.000000000000000000, 0.000000000000000000, 0.000000000000000000 ) ) ;
#2912 = CARTESIAN_POINT ( 'NONE',  ( -0.9448818897637796255, 3.897637795275590733, -0.000000000000000000 ) ) ;
#2913 = PLANE ( 'NONE',  #1328 ) ;
#2914 = ORIENTED_EDGE ( 'NONE', *, *, #838, .T. ) ;
#2915 = EDGE_CURVE ( 'NONE', #2530, #1819, #2026, .T. ) ;
#2916 = ORIENTED_EDGE ( 'NONE', *, *, #1559, .T. ) ;
#2917 = DIRECTION ( 'NONE',  ( -0.000000000000000000, -0.000000000000000000, 1.000000000000000000 ) ) ;
#2918 = DIRECTION ( 'NONE',  ( 0.000000000000000000, 0.000000000000000000, -1.000000000000000000 ) ) ;
#2919 = DIRECTION ( 'NONE',  ( 1.000000000000000000, 0.000000000000000000, 0.000000000000000000 ) ) ;
#2920 = ORIENTED_EDGE ( 'NONE', *, *, #2576, .F. ) ;
#2921 = ORIENTED_EDGE ( 'NONE', *, *, #189, .F. ) ;
#2922 = LINE ( 'NONE', #1673, #1529 ) ;
#2923 = ADVANCED_FACE ( 'NONE', ( #1981 ), #1789, .F. ) ;
#2924 = APPROVAL_ROLE ( '' ) ;
#2925 = DIRECTION ( 'NONE',  ( 0.000000000000000000, 0.000000000000000000, 1.000000000000000000 ) ) ;
#2926 = LINE ( 'NONE', #1037, #1992 ) ;
#2927 = DIRECTION ( 'NONE',  ( -1.000000000000000000, -0.000000000000000000, -0.000000000000000000 ) ) ;
#2928 = DIRECTION ( 'NONE',  ( -1.000000000000000000, -0.000000000000000000, -0.000000000000000000 ) ) ;
#2929 = ORIENTED_EDGE ( 'NONE', *, *, #2583, .F. ) ;
#2930 = ORIENTED_EDGE ( 'NONE', *, *, #577, .T. ) ;
#2931 = LINE ( 'NONE', #1442, #373 ) ;
#2932 = CARTESIAN_POINT ( 'NONE',  ( -1.299212598425196985, 5.629921259842519454, 0.5511811023622047445 ) ) ;
#2933 = DIRECTION ( 'NONE',  ( 0.000000000000000000, 0.000000000000000000, -1.000000000000000000 ) ) ;
#2934 = ADVANCED_FACE ( 'NONE', ( #2760 ), #1069, .F. ) ;
#2935 = ORIENTED_EDGE ( 'NONE', *, *, #1911, .T. ) ;
#2936 = ORIENTED_EDGE ( 'NONE', *, *, #816, .F. ) ;
#2937 = DIRECTION ( 'NONE',  ( -1.000000000000000000, -0.000000000000000000, -0.000000000000000000 ) ) ;
#2938 = EDGE_CURVE ( 'NONE', #1394, #683, #2462, .T. ) ;
#2939 = LINE ( 'NONE', #39, #738 ) ;
#2940 = CARTESIAN_POINT ( 'NONE',  ( 1.181102362204724310, 4.527559055118110187, 0.5511811023622047445 ) ) ;
#2941 = LINE ( 'NONE', #991, #1693 ) ;
#2942 = CARTESIAN_POINT ( 'NONE',  ( 1.299212598425196985, 4.763779527559055538, 0.000000000000000000 ) ) ;
#2943 = CLOSED_SHELL ( 'NONE', ( #1516, #1320, #2934, #2456, #1274, #1223, #1410, #2174, #1452, #1403, #1849, #2923, #2067, #2394, #1469, #2105, #1313, #2434, #280, #2315, #2085, #2246, #903, #1347, #2593, #2073, #2611, #2349, #2733, #1052, #1817, #626, #651, #1696, #800, #568, #1679, #1285, #1021, #531, #1971, #855, #1167, #1851, #2441, #439, #152, #1775, #2158, #437, #887, #956, #1695, #2177, #2450, #1364, #324, #457, #2385, #687, #523, #1544, #2973, #2151, #562, #3014, #943, #2963, #2487, #92, #107, #2051, #343, #2770, #2214, #913, #2765, #1461, #1954, #658, #85, #1111, #1445, #718, #5, #2370, #1779, #1617, #2536, #1254, #760, #1184, #2523, #481 ) ) ;
#2944 = ORIENTED_EDGE ( 'NONE', *, *, #2112, .T. ) ;
#2945 = VERTEX_POINT ( 'NONE', #2473 ) ;
#2946 = CARTESIAN_POINT ( 'NONE',  ( -0.9448818897637796255, 3.228346456692913424, 0.000000000000000000 ) ) ;
#2947 = VECTOR ( 'NONE', #2652, 39.37007874015748143 ) ;
#2948 = FACE_OUTER_BOUND ( 'NONE', #3024, .T. ) ;
#2949 = CARTESIAN_POINT ( 'NONE',  ( -1.299212598425196985, 5.393700787401574992, 0.5511811023622047445 ) ) ;
#2950 = AXIS2_PLACEMENT_3D ( 'NONE', #1868, #675, #2122 ) ;
#2951 = VERTEX_POINT ( 'NONE', #775 ) ;
#2952 = EDGE_CURVE ( 'NONE', #462, #2071, #2716, .T. ) ;
#2953 = DIRECTION ( 'NONE',  ( -1.000000000000000000, 0.000000000000000000, 0.000000000000000000 ) ) ;
#2954 = VECTOR ( 'NONE', #1755, 39.37007874015748143 ) ;
#2955 = VECTOR ( 'NONE', #2039, 39.37007874015748143 ) ;
#2956 = CARTESIAN_POINT ( 'NONE',  ( 1.299212598425196985, 3.897637795275590733, 0.000000000000000000 ) ) ;
#2957 = EDGE_CURVE ( 'NONE', #2561, #645, #627, .T. ) ;
#2958 = VECTOR ( 'NONE', #2101, 39.37007874015748143 ) ;
#2959 = DIRECTION ( 'NONE',  ( 0.000000000000000000, -1.000000000000000000, -0.000000000000000000 ) ) ;
#2960 = VERTEX_POINT ( 'NONE', #607 ) ;
#2961 = ORIENTED_EDGE ( 'NONE', *, *, #1513, .T. ) ;
#2962 = DIRECTION ( 'NONE',  ( 0.000000000000000000, 1.000000000000000000, 0.000000000000000000 ) ) ;
#2963 = ADVANCED_FACE ( 'NONE', ( #2324 ), #181, .F. ) ;
#2964 = FACE_OUTER_BOUND ( 'NONE', #1457, .T. ) ;
#2965 = CARTESIAN_POINT ( 'NONE',  ( 1.181102362204724310, 0.000000000000000000, 0.5511811023622047445 ) ) ;
#2966 = EDGE_LOOP ( 'NONE', ( #559, #3091, #587, #363 ) ) ;
#2967 = CARTESIAN_POINT ( 'NONE',  ( -0.9448818897637796255, 5.393700787401574992, 0.5511811023622047445 ) ) ;
#2968 = EDGE_CURVE ( 'NONE', #1713, #1759, #1390, .T. ) ;
#2969 = LOCAL_TIME ( 16, 16, 7.000000000000000000, #749 ) ;
#2970 = ORIENTED_EDGE ( 'NONE', *, *, #246, .T. ) ;
#2971 = CARTESIAN_POINT ( 'NONE',  ( 1.181102362204724310, 0.4724409448818898127, 0.5511811023622047445 ) ) ;
#2972 = DIRECTION ( 'NONE',  ( 0.000000000000000000, 1.000000000000000000, 0.000000000000000000 ) ) ;
#2973 = ADVANCED_FACE ( 'NONE', ( #1821 ), #2814, .F. ) ;
#2974 = DIRECTION ( 'NONE',  ( 0.000000000000000000, -1.000000000000000000, 0.000000000000000000 ) ) ;
#2975 = DIRECTION ( 'NONE',  ( -0.000000000000000000, -0.000000000000000000, 1.000000000000000000 ) ) ;
#2976 = EDGE_LOOP ( 'NONE', ( #1108, #2329, #500, #2053 ) ) ;
#2977 = ORIENTED_EDGE ( 'NONE', *, *, #764, .F. ) ;
#2978 = LINE ( 'NONE', #89, #1944 ) ;
#2979 = DIRECTION ( 'NONE',  ( 0.000000000000000000, -0.000000000000000000, 1.000000000000000000 ) ) ;
#2980 = FACE_OUTER_BOUND ( 'NONE', #1054, .T. ) ;
#2981 = ORIENTED_EDGE ( 'NONE', *, *, #919, .F. ) ;
#2982 = LINE ( 'NONE', #2031, #1986 ) ;
#2983 = ORIENTED_EDGE ( 'NONE', *, *, #3137, .T. ) ;
#2984 = DIRECTION ( 'NONE',  ( 1.000000000000000000, -0.000000000000000000, 0.000000000000000000 ) ) ;
#2985 = EDGE_CURVE ( 'NONE', #3038, #2431, #1835, .T. ) ;
#2986 = CARTESIAN_POINT ( 'NONE',  ( 1.181102362204724310, 3.031496062992125928, 0.5511811023622047445 ) ) ;
#2987 = ORIENTED_EDGE ( 'NONE', *, *, #2165, .T. ) ;
#2988 = ORIENTED_EDGE ( 'NONE', *, *, #2306, .T. ) ;
#2989 = CARTESIAN_POINT ( 'NONE',  ( -1.181102362204724310, 3.031496062992125928, 0.5511811023622047445 ) ) ;
#2990 = DIRECTION ( 'NONE',  ( -0.000000000000000000, -1.000000000000000000, -0.000000000000000000 ) ) ;
#2991 = CARTESIAN_POINT ( 'NONE',  ( 0.9448818897637796255, 2.795275590551181022, 0.000000000000000000 ) ) ;
#2992 = EDGE_CURVE ( 'NONE', #1411, #1163, #1602, .T. ) ;
#2993 = EDGE_LOOP ( 'NONE', ( #864, #190, #2257, #1580 ) ) ;
#2994 = VECTOR ( 'NONE', #61, 39.37007874015748143 ) ;
#2995 = CARTESIAN_POINT ( 'NONE',  ( -1.181102362204724310, 3.661417322834645827, 0.000000000000000000 ) ) ;
#2996 = AXIS2_PLACEMENT_3D ( 'NONE', #455, #706, #1150 ) ;
#2997 = EDGE_LOOP ( 'NONE', ( #1930, #2763, #3023, #413 ) ) ;
#2998 = EDGE_CURVE ( 'NONE', #367, #1511, #3057, .T. ) ;
#2999 = ORIENTED_EDGE ( 'NONE', *, *, #17, .F. ) ;
#3000 = VECTOR ( 'NONE', #2753, 39.37007874015748143 ) ;
#3001 = LINE ( 'NONE', #684, #275 ) ;
#3002 = LINE ( 'NONE', #1471, #473 ) ;
#3003 = AXIS2_PLACEMENT_3D ( 'NONE', #907, #2005, #321 ) ;
#3004 = DIRECTION ( 'NONE',  ( 0.000000000000000000, 0.000000000000000000, 1.000000000000000000 ) ) ;
#3005 = VECTOR ( 'NONE', #2213, 39.37007874015748143 ) ;
#3006 = ORIENTED_EDGE ( 'NONE', *, *, #585, .F. ) ;
#3007 = VECTOR ( 'NONE', #1063, 39.37007874015748143 ) ;
#3008 = ORIENTED_EDGE ( 'NONE', *, *, #1911, .F. ) ;
#3009 = CARTESIAN_POINT ( 'NONE',  ( 1.181102362204724310, 0.000000000000000000, 0.5511811023622047445 ) ) ;
#3010 = EDGE_CURVE ( 'NONE', #1546, #1820, #1616, .T. ) ;
#3011 = DIRECTION ( 'NONE',  ( 0.000000000000000000, -0.000000000000000000, -1.000000000000000000 ) ) ;
#3012 = CARTESIAN_POINT ( 'NONE',  ( -0.9448818897637796255, 2.598425196850393970, 0.5511811023622047445 ) ) ;
#3013 = FACE_OUTER_BOUND ( 'NONE', #2109, .T. ) ;
#3014 = ADVANCED_FACE ( 'NONE', ( #1582 ), #1086, .F. ) ;
#3015 = VERTEX_POINT ( 'NONE', #2578 ) ;
#3016 = CARTESIAN_POINT ( 'NONE',  ( 1.181102362204724310, 1.496062992125984259, 0.5511811023622047445 ) ) ;
#3017 = ORIENTED_EDGE ( 'NONE', *, *, #145, .F. ) ;
#3018 = DATE_TIME_ROLE ( 'classification_date' ) ;
#3019 = EDGE_CURVE ( 'NONE', #1858, #966, #2059, .T. ) ;
#3020 = ORIENTED_EDGE ( 'NONE', *, *, #294, .F. ) ;
#3021 = DIRECTION ( 'NONE',  ( 0.000000000000000000, -0.000000000000000000, -1.000000000000000000 ) ) ;
#3022 = LINE ( 'NONE', #652, #2656 ) ;
#3023 = ORIENTED_EDGE ( 'NONE', *, *, #1227, .F. ) ;
#3024 = EDGE_LOOP ( 'NONE', ( #1520, #3, #76, #805 ) ) ;
#3025 = CARTESIAN_POINT ( 'NONE',  ( -1.496062992125984259, 0.000000000000000000, 0.8661417322834645827 ) ) ;
#3026 = DIRECTION ( 'NONE',  ( -1.000000000000000000, -0.000000000000000000, -0.000000000000000000 ) ) ;
#3027 = CARTESIAN_POINT ( 'NONE',  ( 0.9448818897637796255, 4.960629921259842590, 0.000000000000000000 ) ) ;
#3028 = DIRECTION ( 'NONE',  ( 0.000000000000000000, 0.000000000000000000, 1.000000000000000000 ) ) ;
#3029 = VERTEX_POINT ( 'NONE', #2075 ) ;
#3030 = DIRECTION ( 'NONE',  ( 0.000000000000000000, 0.000000000000000000, -1.000000000000000000 ) ) ;
#3031 = ORIENTED_EDGE ( 'NONE', *, *, #1885, .F. ) ;
#3032 = DATE_TIME_ROLE ( 'creation_date' ) ;
#3033 = EDGE_LOOP ( 'NONE', ( #2350, #2319, #3079, #809 ) ) ;
#3034 = LINE ( 'NONE', #2070, #2806 ) ;
#3035 = ORIENTED_EDGE ( 'NONE', *, *, #1557, .F. ) ;
#3036 = EDGE_CURVE ( 'NONE', #1362, #795, #1102, .T. ) ;
#3037 = FACE_OUTER_BOUND ( 'NONE', #1386, .T. ) ;
#3038 = VERTEX_POINT ( 'NONE', #1113 ) ;
#3039 = VERTEX_POINT ( 'NONE', #403 ) ;
#3040 = CARTESIAN_POINT ( 'NONE',  ( 1.299212598425196985, 2.598425196850393970, 0.000000000000000000 ) ) ;
#3041 = EDGE_CURVE ( 'NONE', #3015, #756, #2565, .T. ) ;
#3042 = CARTESIAN_POINT ( 'NONE',  ( -1.299212598425196985, 3.031496062992125928, 0.000000000000000000 ) ) ;
#3043 = CARTESIAN_POINT ( 'NONE',  ( 0.9448818897637796255, 2.795275590551181022, 0.5511811023622047445 ) ) ;
#3044 = LINE ( 'NONE', #867, #1683 ) ;
#3045 = ORIENTED_EDGE ( 'NONE', *, *, #3041, .F. ) ;
#3046 = DIRECTION ( 'NONE',  ( 1.000000000000000000, -0.000000000000000000, 0.000000000000000000 ) ) ;
#3047 = AXIS2_PLACEMENT_3D ( 'NONE', #276, #2747, #1526 ) ;
#3048 = ORIENTED_EDGE ( 'NONE', *, *, #1289, .F. ) ;
#3049 = EDGE_CURVE ( 'NONE', #1271, #1477, #1879, .T. ) ;
#3050 = ORIENTED_EDGE ( 'NONE', *, *, #1125, .T. ) ;
#3051 = CARTESIAN_POINT ( 'NONE',  ( 1.181102362204724310, 3.228346456692913424, 0.5511811023622047445 ) ) ;
#3052 = ORIENTED_EDGE ( 'NONE', *, *, #1796, .T. ) ;
#3053 = AXIS2_PLACEMENT_3D ( 'NONE', #2556, #2314, #583 ) ;
#3054 = VECTOR ( 'NONE', #475, 39.37007874015748143 ) ;
#3055 = CARTESIAN_POINT ( 'NONE',  ( -0.9448818897637796255, 3.228346456692913424, 0.000000000000000000 ) ) ;
#3056 = VECTOR ( 'NONE', #929, 39.37007874015748143 ) ;
#3057 = LINE ( 'NONE', #163, #1958 ) ;
#3058 = AXIS2_PLACEMENT_3D ( 'NONE', #307, #2959, #2458 ) ;
#3059 = CARTESIAN_POINT ( 'NONE',  ( -1.299212598425196985, 5.196850393700787940, 0.5511811023622047445 ) ) ;
#3060 = DIRECTION ( 'NONE',  ( 1.000000000000000000, 0.000000000000000000, 0.000000000000000000 ) ) ;
#3061 = LINE ( 'NONE', #883, #2841 ) ;
#3062 = VECTOR ( 'NONE', #241, 39.37007874015748143 ) ;
#3063 = ORIENTED_EDGE ( 'NONE', *, *, #990, .F. ) ;
#3064 = EDGE_CURVE ( 'NONE', #2837, #1511, #1133, .T. ) ;
#3065 = ORIENTED_EDGE ( 'NONE', *, *, #3073, .T. ) ;
#3066 = CARTESIAN_POINT ( 'NONE',  ( 1.181102362204724310, 4.330708661417323135, 0.5511811023622047445 ) ) ;
#3067 = ORIENTED_EDGE ( 'NONE', *, *, #994, .F. ) ;
#3068 = VERTEX_POINT ( 'NONE', #1356 ) ;
#3069 = FACE_OUTER_BOUND ( 'NONE', #1861, .T. ) ;
#3070 = VERTEX_POINT ( 'NONE', #2087 ) ;
#3071 = EDGE_CURVE ( 'NONE', #712, #560, #3074, .T. ) ;
#3072 = CARTESIAN_POINT ( 'NONE',  ( 0.9448818897637796255, 3.031496062992125928, 0.000000000000000000 ) ) ;
#3073 = EDGE_CURVE ( 'NONE', #2540, #681, #1326, .T. ) ;
#3074 = LINE ( 'NONE', #2532, #1504 ) ;
#3075 = DIRECTION ( 'NONE',  ( -1.000000000000000000, -0.000000000000000000, -0.000000000000000000 ) ) ;
#3076 = PLANE ( 'NONE',  #1224 ) ;
#3077 = FACE_OUTER_BOUND ( 'NONE', #1956, .T. ) ;
#3078 = ORIENTED_EDGE ( 'NONE', *, *, #785, .F. ) ;
#3079 = ORIENTED_EDGE ( 'NONE', *, *, #1762, .T. ) ;
#3080 = CARTESIAN_POINT ( 'NONE',  ( 1.181102362204724310, 0.000000000000000000, 0.000000000000000000 ) ) ;
#3081 = DIRECTION ( 'NONE',  ( -0.000000000000000000, 1.000000000000000000, 0.000000000000000000 ) ) ;
#3082 = ORIENTED_EDGE ( 'NONE', *, *, #1896, .T. ) ;
#3083 = ORIENTED_EDGE ( 'NONE', *, *, #2809, .F. ) ;
#3084 = FACE_OUTER_BOUND ( 'NONE', #2993, .T. ) ;
#3085 = ORIENTED_EDGE ( 'NONE', *, *, #736, .T. ) ;
#3086 = PLANE ( 'NONE',  #3003 ) ;
#3087 = DIRECTION ( 'NONE',  ( 1.000000000000000000, -0.000000000000000000, 0.000000000000000000 ) ) ;
#3088 = DIRECTION ( 'NONE',  ( -1.000000000000000000, -0.000000000000000000, -0.000000000000000000 ) ) ;
#3089 = CARTESIAN_POINT ( 'NONE',  ( -1.181102362204724310, 0.000000000000000000, 0.5511811023622047445 ) ) ;
#3090 = CARTESIAN_POINT ( 'NONE',  ( 1.181102362204724310, 4.330708661417323135, 0.000000000000000000 ) ) ;
#3091 = ORIENTED_EDGE ( 'NONE', *, *, #1984, .F. ) ;
#3092 = VERTEX_POINT ( 'NONE', #133 ) ;
#3093 = CARTESIAN_POINT ( 'NONE',  ( -0.9448818897637796255, 2.795275590551181022, 0.000000000000000000 ) ) ;
#3094 = EDGE_CURVE ( 'NONE', #1819, #2750, #2419, .T. ) ;
#3095 = FACE_OUTER_BOUND ( 'NONE', #1106, .T. ) ;
#3096 = VERTEX_POINT ( 'NONE', #1467 ) ;
#3097 = VERTEX_POINT ( 'NONE', #532 ) ;
#3098 = DIRECTION ( 'NONE',  ( 0.000000000000000000, -1.000000000000000000, 0.000000000000000000 ) ) ;
#3099 = DIRECTION ( 'NONE',  ( 1.000000000000000000, 0.000000000000000000, 0.000000000000000000 ) ) ;
#3100 = VECTOR ( 'NONE', #1481, 39.37007874015748143 ) ;
#3101 = EDGE_CURVE ( 'NONE', #1046, #44, #244, .T. ) ;
#3102 = VECTOR ( 'NONE', #964, 39.37007874015748143 ) ;
#3103 = CARTESIAN_POINT ( 'NONE',  ( -1.299212598425196985, 1.929133858267716661, 0.5511811023622047445 ) ) ;
#3104 = VECTOR ( 'NONE', #135, 39.37007874015748143 ) ;
#3105 = FACE_OUTER_BOUND ( 'NONE', #1137, .T. ) ;
#3106 = VECTOR ( 'NONE', #3075, 39.37007874015748143 ) ;
#3107 = DIRECTION ( 'NONE',  ( -0.000000000000000000, -1.000000000000000000, -0.000000000000000000 ) ) ;
#3108 = CARTESIAN_POINT ( 'NONE',  ( -1.181102362204724310, 5.393700787401574992, 0.5511811023622047445 ) ) ;
#3109 = ORIENTED_EDGE ( 'NONE', *, *, #1095, .T. ) ;
#3110 = EDGE_CURVE ( 'NONE', #1860, #2855, #1736, .T. ) ;
#3111 = VECTOR ( 'NONE', #390, 39.37007874015748143 ) ;
#3112 = ORIENTED_EDGE ( 'NONE', *, *, #65, .F. ) ;
#3113 = DIRECTION ( 'NONE',  ( -0.000000000000000000, -0.000000000000000000, 1.000000000000000000 ) ) ;
#3114 = CARTESIAN_POINT ( 'NONE',  ( 1.181102362204724310, 3.031496062992125928, 0.5511811023622047445 ) ) ;
#3115 = LINE ( 'NONE', #2412, #813 ) ;
#3116 = VECTOR ( 'NONE', #459, 39.37007874015748143 ) ;
#3117 = EDGE_CURVE ( 'NONE', #1842, #2945, #1017, .T. ) ;
#3118 = ORIENTED_EDGE ( 'NONE', *, *, #622, .F. ) ;
#3119 = ORIENTED_EDGE ( 'NONE', *, *, #514, .F. ) ;
#3120 = PLANE ( 'NONE',  #1895 ) ;
#3121 = FACE_OUTER_BOUND ( 'NONE', #1280, .T. ) ;
#3122 = EDGE_CURVE ( 'NONE', #951, #2485, #2212, .T. ) ;
#3123 = DIRECTION ( 'NONE',  ( 0.000000000000000000, -0.000000000000000000, 1.000000000000000000 ) ) ;
#3124 = DIRECTION ( 'NONE',  ( 0.000000000000000000, 0.000000000000000000, -1.000000000000000000 ) ) ;
#3125 = FACE_OUTER_BOUND ( 'NONE', #606, .T. ) ;
#3126 = PLANE ( 'NONE',  #2996 ) ;
#3127 = ORIENTED_EDGE ( 'NONE', *, *, #98, .T. ) ;
#3128 = VECTOR ( 'NONE', #765, 39.37007874015748143 ) ;
#3129 = ORIENTED_EDGE ( 'NONE', *, *, #2353, .F. ) ;
#3130 = FACE_OUTER_BOUND ( 'NONE', #1428, .T. ) ;
#3131 = DIRECTION ( 'NONE',  ( -0.000000000000000000, -0.000000000000000000, -1.000000000000000000 ) ) ;
#3132 = EDGE_LOOP ( 'NONE', ( #199, #2531, #3045, #2374 ) ) ;
#3133 = ORIENTED_EDGE ( 'NONE', *, *, #720, .F. ) ;
#3134 = CARTESIAN_POINT ( 'NONE',  ( -1.496062992125984259, 0.000000000000000000, 0.8661417322834645827 ) ) ;
#3135 = LINE ( 'NONE', #1192, #2590 ) ;
#3136 = DIRECTION ( 'NONE',  ( -1.000000000000000000, -0.000000000000000000, -0.000000000000000000 ) ) ;
#3137 = EDGE_CURVE ( 'NONE', #597, #1788, #1989, .T. ) ;
#3138 = DIRECTION ( 'NONE',  ( 0.000000000000000000, 1.000000000000000000, 0.000000000000000000 ) ) ;
#3139 = LINE ( 'NONE', #811, #3000 ) ;
#3140 = FACE_OUTER_BOUND ( 'NONE', #2011, .T. ) ;
#3141 = VERTEX_POINT ( 'NONE', #1270 ) ;
#3142 = ORIENTED_EDGE ( 'NONE', *, *, #126, .T. ) ;
#3143 = CARTESIAN_POINT ( 'NONE',  ( -1.181102362204724310, 5.905511811023622215, 0.000000000000000000 ) ) ;
#3144 = EDGE_CURVE ( 'NONE', #375, #2781, #2939, .T. ) ;
ENDSEC;
END-ISO-10303-21;
